prediction_id,settled_at,actual_result,is_winner,profit,result_file_b365_odds,result_file_best_odds,closing_line_value
e7cbc27fda9c3d6235f4059002c9c15ef3a54a8b18981cde74dc62034e1632cd,2026-08-11 07:12:21.160068+00:00,D,False,-1.0,2.4,2.4,0.0
6a59ff166bd8ffc64891ece47a93691c4d1c2e51efffee9874356457250345f6,2026-08-11 07:12:21.160068+00:00,D,True,2.3,3.3,3.3,0.0
c4e168d26bdebba99144bd355dda28d3f26b68a9948db9d8154bcf219a0e7a1d,2026-08-11 07:12:21.160068+00:00,D,False,-1.0,2.75,2.95,0.0
b5222d1d74d9a8894db48c3d4313d35e294c09f686546f3659cba2aba1c16c0d,2026-08-11 07:12:21.160068+00:00,A,True,1.7000000000000002,2.7,2.7,0.0
dcd9f72ae89fcd739cce3066254518058766db50152128790bfe3bd8c66cff09,2026-08-11 07:12:21.160068+00:00,A,False,-1.0,3.4,3.5,0.0
5ea51e99a46a6712f31683f3717de0f83bf43a95d9bbc84b07e8b3c8de58d1a2,2026-08-11 07:12:21.160068+00:00,A,False,-1.0,2.6,2.6,0.0
1ee9f4d51baec06698973584679e67cb91d30b09a1efd3bcab0cc776ba9211c4,2026-08-11 07:12:21.160068+00:00,A,True,3.0,4.0,4.0,0.0
66833ad1b6a236cc6453f418dd2a1b81b310d019af1bb20ff2f3bb1fbea3bb2a,2026-08-11 07:12:21.160068+00:00,A,False,-1.0,3.4,3.5,0.0
df322246079e8d1d2c909f2be5b9ebf5ff42b39dc1461a57b5d2bd00c75238ac,2026-08-11 07:12:21.160068+00:00,A,False,-1.0,1.86,1.9,0.0
4c3450ffc33f03abf75212bd96a93cc0070835fb9e10d9b13e56b5b411bd0a30,2026-08-11 07:12:21.160068+00:00,D,False,-1.0,1.22,1.25,0.0
90bf23c6d34e6b0d82ab6827810d3c2985fc420ebf94bb7e7b5a07fb6f323c5d,2026-08-11 07:12:21.160068+00:00,D,True,5.0,5.75,6.0,0.0
8b7e2985de2b1103a9fd1bcdd85db454a32bff3da7f4ba96ac98462886a8416f,2026-08-11 07:12:21.160068+00:00,D,False,-1.0,12.0,12.0,0.0
5bcc300edcacb57f01dc95adeab313bae7eb25bb142c9747fdc94655051cd004,2026-08-11 07:12:21.160068+00:00,H,False,-1.0,7.0,7.0,0.0
324ee0719a77e5f80739c36bddcfaf0a9a329603e44011ba16d9d87cacb8116c,2026-08-11 07:12:21.160068+00:00,H,False,-1.0,4.5,4.75,0.0
0e2cbabf45f020f6f53f8d5f7fb9ed14f9c93d474feb62b703b59e038b63a584,2026-08-11 07:12:21.160068+00:00,H,True,0.47,1.45,1.47,0.0
53a3a6daa7ec22a1ddfc60fb0b446bf5439cb74237744984dd52a654d22179bd,2026-08-11 07:12:21.160068+00:00,D,False,-1.0,12.0,13.0,0.0
767684aeb4c6f8edd3597270c677d46aadb794af785b554a4bc7de200b7d4d18,2026-08-11 07:12:21.160068+00:00,D,True,6.75,7.5,7.75,0.0
7cb62d93279816d181c6fa6e89ffc32cded0f58486417c02509114d938e5ed8e,2026-08-11 07:12:21.160068+00:00,D,False,-1.0,1.2,1.21,0.0
8d21d5407142f159c5d3c6cffb32ac6e875b87c4e05540173f638da456c040a0,2026-08-11 07:12:21.160068+00:00,H,False,-1.0,4.75,4.75,0.0
d57855f4ad13db9ef7a0054dadf8105bac6600f3d10cd9ac66f7d847579923ef,2026-08-11 07:12:21.160068+00:00,H,False,-1.0,4.1,4.1,0.0
88ac546e8fb7c7050ad9b39480d93cd1a7e2bb8ab1d861d005842711b82b94f3,2026-08-11 07:12:21.160068+00:00,H,True,0.6799999999999999,1.65,1.68,0.0
0810c6fd3e77f300384d76272c9c5150926e7b638e000fe7a281ff0cd4250dcc,2026-08-11 07:12:21.160068+00:00,A,True,5.0,6.0,6.0,0.0
92064ea4d47c516abe9188f9d00a12ddf82d5d3aaa41869c1f2577b700c01e53,2026-08-11 07:12:21.160068+00:00,A,False,-1.0,4.5,4.8,0.0
ab4d7959313a962be429be9a47c2f1197b74d67ed9dbb1175f5868b99ae154e6,2026-08-11 07:12:21.160068+00:00,A,False,-1.0,1.5,1.5,0.0
5a9c4867e1ed7daa62f2a9a3c3d15745900cd45642020eb3888ce84508535896,2026-08-11 07:12:21.160068+00:00,H,False,-1.0,2.75,2.8,0.0
53fb9d50b38a358f5a1788adc1354ed9ae7933f4e69f9ccec042374e51f22c28,2026-08-11 07:12:21.160068+00:00,H,False,-1.0,3.5,3.5,0.0
433716c4df4a14d0bfa1873b622c20998c9cfa43ff78856d850d104e5ec6bc3d,2026-08-11 07:12:21.160068+00:00,H,True,1.5,2.32,2.5,0.0
47370780a15f5f03ee60329f650dfc89b2e99734b5a12c195b343537be78ad59,2026-08-11 07:12:21.160068+00:00,D,False,-1.0,1.66,1.7,0.0
4984de7daffc2fb6d3611ce86c4009024fa63585d091d8e1d44bd1fc7fdc6d3a,2026-08-11 07:12:21.160068+00:00,D,True,2.6,3.6,3.6,0.0
a43eab6768d7cbadc14610df781a9953102e8496f7abdc7daeee4398e1568c0f,2026-08-11 07:12:21.160068+00:00,D,False,-1.0,5.0,5.0,0.0
9fdfb1e6d7cfb41cd25bc5c26a8ebeb8922ec396682209b1deaabb47eb751c19,2026-08-11 07:12:21.160068+00:00,H,False,-1.0,3.8,3.8,0.0
214bba853048aa9555b2c7b5c1486435ab02b28183643dc8133e6931646e702b,2026-08-11 07:12:21.160068+00:00,H,False,-1.0,3.5,3.5,0.0
edaeeb56e3cefec5af843858a4a1081b499bf29bfb88d02dafbc72c4981880a4,2026-08-11 07:12:21.160068+00:00,H,True,0.98,1.91,1.98,0.0
b43f898bc4a10163db2d0ef3cd62ee410d8f1934242783bbe6aef34df03ccc38,2026-08-11 07:12:21.160068+00:00,H,False,-1.0,15.0,15.0,0.0
f7f97118b6999a37ded5ba24a9ab789d5860ed8ecdf1c29439769cb60d758cb6,2026-08-11 07:12:21.160068+00:00,H,False,-1.0,6.5,6.5,0.0
b97c771e175d0f06efe6c08c2477ee4e99447d69201b94aec290aef3a6f99ce6,2026-08-11 07:12:21.160068+00:00,H,True,0.1999999999999999,1.15,1.2,0.0
59117879a4bef4adc55ed7b2ff5dd2231c0a9c1d8cfe4bc4d946fa59d9b538bb,2026-08-11 07:12:21.160068+00:00,A,True,0.51,1.5,1.51,0.0
39528af006723018985f73970649157318dc9e942f45af01d995f1c630424342,2026-08-11 07:12:21.160068+00:00,A,False,-1.0,4.5,4.75,0.0
8ea0419b9378a117e316feaa0bce5878fe7bf0b92fb124d2d3d2328fa6953104,2026-08-11 07:12:21.160068+00:00,A,False,-1.0,6.0,6.0,0.0
aaaf35c51c6418f7d21e80c22219ae58c331ef42c415fa5b966653532cdf8b78,2026-08-11 07:12:21.160068+00:00,H,False,-1.0,3.0,3.0,0.0
d667344973b5273e5504cb86ea85168b4d799ea6cf7134ea8333b58a183c69f3,2026-08-11 07:12:21.160068+00:00,H,False,-1.0,3.5,3.5,0.0
e4ecef26f1ebbad9b52fdcb7ec5d77abde1da2225727f0a5d83f4e6c5d926fe4,2026-08-11 07:12:21.160068+00:00,H,True,1.35,2.3,2.35,0.0
3a77d9f3e65e17f143411b81f55eee85472fc39111857888d5ec822e80be8ca3,2026-08-11 07:12:21.160068+00:00,A,True,0.7,1.7,1.7,0.0
ab27eb229229eae0f5ebd4764622cb04dbf0515e3ce795c5d856eeadeda14dc3,2026-08-11 07:12:21.160068+00:00,A,False,-1.0,4.1,4.1,0.0
7e9452839d17d4e0071ec59f16f43a466d70906d66c6a2e1bf27667aa6d0c6e5,2026-08-11 07:12:21.160068+00:00,A,False,-1.0,4.5,4.5,0.0
3f2d99cee3c254ce7d0cedfcc26a1086fb794280454558c311390e0873bcbded,2026-08-11 07:12:21.160068+00:00,H,False,-1.0,2.2,2.2,0.0
1a40c1eabbdafd6e01fd3b446b7cbb37298392da3448c28453a012868b49ed06,2026-08-11 07:12:21.160068+00:00,H,False,-1.0,3.8,3.8,0.0
9faddc581e0b1076077787d115086d01adfc3779521355fac77b43f6dfd2190d,2026-08-11 07:12:21.160068+00:00,H,True,2.0,3.0,3.0,0.0
2e81ee22e69c38333506aef217c24d0e427fcd7f91afe29da075f00a0e002c27,2026-08-11 22:03:42.762629+00:00,D,False,-1.0,4.2,4.2,0.0
0132f1820d838a7e5f00f48d1dd8f98f4ce13e3cbabfc86d8cd99596f9c7b3ab,2026-08-11 22:03:42.762629+00:00,D,True,2.3,3.25,3.3,0.0
ac14fe30d710638740060ebe4adaa733cc881716ba5c3c1aa29f730df43855cd,2026-08-11 22:03:42.762629+00:00,D,False,-1.0,1.86,1.87,0.0
2296f72e2b98236e50260aa4220fb761c06d5599b67a58e524d71d5d2e419590,2026-08-11 22:03:42.762629+00:00,A,True,1.7000000000000002,2.7,2.7,0.0
f1a78478d5472e0a0896d5d68a7d0a0de336ea6c7c6af283696d8f00fbaae0e2,2026-08-11 22:03:42.762629+00:00,A,False,-1.0,3.4,3.5,0.0
81ed8d05efe0d09743b1fa9f4c97a7fd850797354c6d309af443d5266cf6f811,2026-08-11 22:03:42.762629+00:00,A,False,-1.0,2.6,2.6,0.0
97b6c1b1421198c1eab9ff9dd2193172ac2c4ccd6b3aebffe0e1d81d026d9358,2026-08-11 22:03:42.762629+00:00,H,False,-1.0,7.0,7.0,0.0
b313825d171212492cc0fcc566e97f00d96ce24438158ea80be05d1bf7e378b1,2026-08-11 22:03:42.762629+00:00,H,False,-1.0,4.5,4.75,0.0
b1acf5a7725bd2095e526f72ec5f788ee606aa43bab07f854a7b363a450fb0da,2026-08-11 22:03:42.762629+00:00,H,True,0.47,1.45,1.47,0.0
c424be8006c760d8c162b10777dedc0297b36e3fd91aadc72ed8b0085b71c36b,2026-08-11 22:03:42.762629+00:00,D,False,-1.0,12.0,13.0,0.0
e60158aef49bd1109b7236b0f264ef9f20c5a07638ca9b31c9e640a98ce25c5c,2026-08-11 22:03:42.762629+00:00,D,True,6.75,7.5,7.75,0.0
61ca601c0baa87189cdd48168f22cb02c75d5f018c4867c025e3eb5d85cfdec5,2026-08-11 22:03:42.762629+00:00,D,False,-1.0,1.2,1.21,0.0
5b992cdc61fb52bdf80ff2474efcd1e5d5da1c01912306eb11fe3bdb7399e67b,2026-08-11 22:03:42.762629+00:00,H,False,-1.0,4.75,4.75,0.0
0d985d1c4d29bf44d61b8b3545be29c9b6ec7663c3980b6a04178140ae783071,2026-08-11 22:03:42.762629+00:00,H,False,-1.0,4.1,4.1,0.0
83745b26ceecb1ba7acd396afe03ad6dc5850d29cd58cbd0c133ec122967edc9,2026-08-11 22:03:42.762629+00:00,H,True,0.6799999999999999,1.65,1.68,0.0
446c306c5561210b97c981af19764c6c7a0df1b10fa209581ce59f563696de5a,2026-08-11 22:03:42.762629+00:00,A,True,5.0,6.0,6.0,0.0
55d81db0ef7c230c7d71dff2785676bc807534239f106cdc69e27e684744b0f9,2026-08-11 22:03:42.762629+00:00,A,False,-1.0,4.5,4.8,0.0
2081cd0d8f998cc66e053768612ee5b7fbe2dd39fb65e4185e9760d9307522a8,2026-08-11 22:03:42.762629+00:00,A,False,-1.0,1.5,1.5,0.0
90c231b40494fae04a53ebee9926a9d85b715990bb729c99430fa1613329a036,2026-08-11 22:03:42.762629+00:00,A,True,0.51,1.5,1.51,0.0
1327f6398eee9b6e88733dc634e03b499a700dc8e9147d1b21c970acc47a61f1,2026-08-11 22:03:42.762629+00:00,A,False,-1.0,4.5,4.75,0.0
4b5ce42ed20fe4436c841c27c6b9148e994d7339a12240174db7c1cd3dae8d93,2026-08-11 22:03:42.762629+00:00,A,False,-1.0,6.0,6.0,0.0
bfbc557814cfcaaa885f79a1b4cdb68b6521db9d7547ef40081ecc31bac49cdc,2026-08-11 22:03:42.762629+00:00,H,False,-1.0,3.0,3.0,0.0
31d1de5f04d431b032d07216d58dbeb49fb19bd73d0aca4dbef255132f7254e1,2026-08-11 22:03:42.762629+00:00,H,False,-1.0,3.5,3.5,0.0
2da685bdd1a17927e6e85af90b0a9096e6cfa9d74c145582cb482b8a52915862,2026-08-11 22:03:42.762629+00:00,H,True,1.35,2.3,2.35,0.0
9556f0f8bde91287147df2f87ecdc262b53b72229f27a67b1c75554f08a5c8b1,2026-08-11 22:03:42.762629+00:00,A,True,0.7,1.7,1.7,0.0
835781c29fefa963e4924c56d0f33a4bf2dca64ff02d332549bdf82907195edc,2026-08-11 22:03:42.762629+00:00,A,False,-1.0,4.1,4.1,0.0
008d942a3ba650575fa74b250d48161a19830a16599d7633ecacb7bb0b20dbd6,2026-08-11 22:03:42.762629+00:00,A,False,-1.0,4.5,4.5,0.0
9ac7c4a2115747e0c74f7582dc7f8f4031424bbd0c1fcdf27fd8ecf70ce0c556,2026-08-11 22:03:42.762629+00:00,H,False,-1.0,2.2,2.2,0.0
3cec940cfd744da88fc3b16c7572428edfba1a0c12fcfa4714fd30127f8fe35c,2026-08-11 22:03:42.762629+00:00,H,False,-1.0,3.8,3.8,0.0
3d5fb14e98afb6ccaf41aa5995140e209a84a018391e3d9078023db030d1f013,2026-08-11 22:03:42.762629+00:00,H,True,2.0,3.0,3.0,0.0
f0b05744b42267133e30ba2a5671d8f6301c9afec53861aa1fe0d456eee80efc,2026-08-14 16:48:50.508890+00:00,A,True,1.7000000000000002,2.7,2.7,0.0
a8414dc1b0ca0c3dde8d054b3d1a4df97ef1f6440d8768810e33ce4fd0a6d050,2026-08-14 16:48:50.508890+00:00,A,False,-1.0,3.4,3.5,0.0
16c7ad358c89388a04ab18eb35d62981b7288cf87f3f54c81bd63c2ee36faa23,2026-08-14 16:48:50.508890+00:00,A,False,-1.0,2.6,2.6,0.0
81ba7a92b441aa80a635e6ebb4156627418a4ef0e16debf0ea61e8c64a30c603,2026-08-14 16:48:50.508890+00:00,H,False,-1.0,7.0,7.0,0.0
ff1ed34de4e2ffab6a92b9d034fc356a08da212daa1b6a159e5317cb96897643,2026-08-14 16:48:50.508890+00:00,H,False,-1.0,4.5,4.75,0.0
b1b2ec95f189d29cc614361553e75ff62d9dadb630451647c617bced059f0cea,2026-08-14 16:48:50.508890+00:00,H,True,0.47,1.45,1.47,0.0
0c49f71e9e7e9261b21022b059fa0410c0b09a01d1c61af0cd34a23a1ce9f9a8,2026-08-14 16:48:50.508890+00:00,D,False,-1.0,12.0,13.0,0.0
85e2a7937cb50f5e986b5d23e957b4176b8c0a840b163efff931f0513b71d257,2026-08-14 16:48:50.508890+00:00,D,True,6.75,7.5,7.75,0.0
9340c7f8568d3cc9d12a697179bda797a8908387b352f8f1e0c1d55ca05d292d,2026-08-14 16:48:50.508890+00:00,D,False,-1.0,1.2,1.21,0.0
41484dbf9054bcdcb6c1e6f9a26121e2f0f0fd6b3dda1dfec336737fa355017b,2026-08-14 16:48:50.508890+00:00,H,False,-1.0,4.75,4.75,0.0
8615316bd78d0607cef3ce1d8a2686b6ad765a32ea12581821441d7398ba688c,2026-08-14 16:48:50.508890+00:00,H,False,-1.0,4.1,4.1,0.0
bdc8b90059dbe444a3832c3f15be17dccf63efd4c64d9ae070121d87e1a9d043,2026-08-14 16:48:50.508890+00:00,H,True,0.6799999999999999,1.65,1.68,0.0
2dbe51c16da5595f0eeb39630d1c2608fd5283848403f4ea925dff545ab2357f,2026-08-14 16:48:50.508890+00:00,A,True,5.0,6.0,6.0,0.0
f3c9ca36d9cddf43c1a1dedad0204ee6d0a3f810bfed24b9e89994403c1ebe85,2026-08-14 16:48:50.508890+00:00,A,False,-1.0,4.5,4.8,0.0
b8955ee67806d3254d45828a53adf9dd9658c2c514c6d722f4432d0f5de63425,2026-08-14 16:48:50.508890+00:00,A,False,-1.0,1.5,1.5,0.0
361b6d456b5afc693e9c94abcfd735323f309185a7dbe37ce276e100b260bd7f,2026-08-14 16:48:50.508890+00:00,A,True,0.51,1.5,1.51,0.0
2523f1599e22af042267c384a9673eb59960c72c974b91579e7f42f93551b4f1,2026-08-14 16:48:50.508890+00:00,A,False,-1.0,4.5,4.75,0.0
3d38649ec8586366155a3906a6a941570d17c45145b9185482a577e70c9f8e20,2026-08-14 16:48:50.508890+00:00,A,False,-1.0,6.0,6.0,0.0
f97fabf410bca201d66a9d9dda069fd6051aadb816493ec99a06d8ffe02cfbc5,2026-08-14 16:48:50.508890+00:00,H,False,-1.0,3.0,3.0,0.0
964d85467d86f4f0a7d33a0375872905e9f931f09c60e83baafe649ce58d059c,2026-08-14 16:48:50.508890+00:00,H,False,-1.0,3.5,3.5,0.0
30e7c52fda6efddbfed7e4bbd357d59b0d74d4b46ba4010fdaf37f90a0f06508,2026-08-14 16:48:50.508890+00:00,H,True,1.35,2.3,2.35,0.0
e7d8e7e4743939138a65cadb25168cf459551325fbc8986689c8e695850ad87f,2026-08-14 16:48:50.508890+00:00,A,True,0.7,1.7,1.7,0.0
442348307ba69622e77109530ceee35b6451143080e3c36bf10d1fd70d0f14f3,2026-08-14 16:48:50.508890+00:00,A,False,-1.0,4.1,4.1,0.0
38e864c2e981953b6d65c011deea66c9c35fff9ede8e38945c63518a8a646abb,2026-08-14 16:48:50.508890+00:00,A,False,-1.0,4.5,4.5,0.0
0f6672cf1cf5bb94a03ea4b6b5e2b29b292bc49afde333cd60b5a825ece629d9,2026-08-14 16:48:50.508890+00:00,H,False,-1.0,2.2,2.2,0.0
bda8451ea5d27f54db1adc11ecc757b33b8c4ceeb6c965e3297096161713f124,2026-08-14 16:48:50.508890+00:00,H,False,-1.0,3.8,3.8,0.0
a89ba9fbda3279fe6ac467da0fb454a781f172b6adc3ece0bc8386eee2d155d8,2026-08-14 16:48:50.508890+00:00,H,True,2.0,3.0,3.0,0.0
380470f7256a6c101beae644d6e08ff38be9dc27be749ec5515df9a242f2229e,2026-08-18 16:40:11.959887+00:00,A,True,2.2,3.2,3.2,0.0
c44c50a2dcbab001b6f7aa4d14e7e1ee4d6243340f1ac5a8b79e956e0e74c5c3,2026-08-18 16:40:11.959887+00:00,A,False,-1.0,3.6,3.7,0.0
b0532a8f78402a2e0a510d39f86f3fcd5f2ab63102a853aaaaa2dde8b6fa6d79,2026-08-18 16:40:11.959887+00:00,A,False,-1.0,2.15,2.15,0.0
8dc541ff6338bedfad4d81dd665ceecc1efd3be0b42a9c18d69730e63e192bea,2026-08-18 16:40:11.959887+00:00,A,True,0.6000000000000001,1.57,1.6,0.0
4386336d0fe32368a5bf5de2fb1d25e05e16952dc195f407eaa53156e1ca4695,2026-08-18 16:40:11.959887+00:00,A,False,-1.0,4.33,4.6,0.0
71ec6111d946145f975cd6d702dd55180daba78266adfda0bf13b12be68e3b89,2026-08-18 16:40:11.959887+00:00,A,False,-1.0,5.5,5.5,0.0
2d0d6e66b6e7bcdcee49ac1e2d517a081e011427a8cae73823295fdbd07f2197,2026-08-18 16:40:11.959887+00:00,A,True,1.38,2.38,2.38,0.0
b35a442bac68c56edccb5b2cbbca489861a09224fa5aefa5bc0e94313ad9ab5f,2026-08-18 16:40:11.959887+00:00,A,False,-1.0,3.75,3.75,0.0
9141e61b599d8a2e461ff920420ad4b20f709f2e218dd70b867b5ba99f7b2336,2026-08-18 16:40:11.959887+00:00,A,False,-1.0,2.75,2.75,0.0
25243abcf20c6e5fae2eac23734736bc802161f59ea93cfc837daee35389fb5b,2026-08-18 16:40:11.959887+00:00,H,False,-1.0,4.75,4.75,0.0
7c7223e91807534a142b5ab08891f781a847758c94509468e83c8cd787547eb7,2026-08-18 16:40:11.959887+00:00,H,False,-1.0,4.0,4.1,0.0
4d435e13b5f22a6f16b58ac0a5e35f5fa404cbe8e3435d21b303962c3fca2596,2026-08-18 16:40:11.959887+00:00,H,True,0.75,1.7,1.75,0.0
cc3dd28f17537b660eaca94761947f7d1eb07d36bff77ba299ccdf7505f4edc7,2026-08-18 16:40:11.959887+00:00,A,True,0.5800000000000001,1.57,1.58,0.0
ec3265d32d7d91efbbb491cdd4d7786a70840684d62b0c7293a2c78ec098ac9b,2026-08-18 16:40:11.959887+00:00,A,False,-1.0,4.75,4.75,0.0
3eb97130d457c822e99b45177a855173649177bdd82c369e11282458b826867d,2026-08-18 16:40:11.959887+00:00,A,False,-1.0,4.75,5.0,0.0
d883ff2cdcf6589b91ee7cc2f25680bcb6b8d5642986a496b6dcd406f7bf9e7f,2026-08-18 16:40:11.959887+00:00,A,True,1.38,2.38,2.38,0.0
001797966e4704bf2c1a5ceacbf973b48e1facc725fd5069d12932a7a10ab2cd,2026-08-18 16:40:11.959887+00:00,A,False,-1.0,3.75,3.75,0.0
6b8ec195d342e4c7acef6fef892ca66e68e8fed131492835f1a6c3fcc9c19f1a,2026-08-18 16:40:11.959887+00:00,A,False,-1.0,2.75,2.8,0.0
a5ed9839b890f789181cc0e16e0001caa448a61c9bf7a821f04016220bb3e48a,2026-08-18 16:40:11.959887+00:00,D,False,-1.0,7.0,7.0,0.0
44df9d911c08ae1ae4f7b47cf30dadce49af5f96acf0c3f816da3ae7469d8e50,2026-08-18 16:40:11.959887+00:00,D,True,4.0,4.5,5.0,0.0
ff4c7bd07ea55508c31234e7938065e0ff509451822f90f4d5a91bc31c9b0557,2026-08-18 16:40:11.959887+00:00,D,False,-1.0,1.44,1.46,0.0
dee8e12488de5e8b8adaae25d4deb83df4ebc31af0caeddd00c1e12e41999f34,2026-08-18 16:40:11.959887+00:00,H,False,-1.0,9.5,11.0,0.0
7d0ebec5cc14ce8e9e56c6c155fd0d5625c26ae3d6ab82bfda0826d87442ea6e,2026-08-18 16:40:11.959887+00:00,H,False,-1.0,6.0,6.5,0.0
e4859e034204739ff2af5b1aa0efe637b750f68f307fb8098dd2254b7b44f929,2026-08-18 16:40:11.959887+00:00,H,True,0.29,1.29,1.29,0.0
e728982686e36898d1b09e7990d42bd0873ee26a343b60c348ae35f390657b1c,2026-08-18 16:40:11.959887+00:00,D,False,-1.0,7.5,7.5,0.0
fe503abe414fd56cc91549ed89e09d14b02c78a2e209d0584ed956cdb18b213e,2026-08-18 16:40:11.959887+00:00,D,True,4.5,5.5,5.5,0.0
f5549f8cdd4641c8e6bde61561e89b923a601d8c90eec7065ab651ee4b8df104,2026-08-18 16:40:11.959887+00:00,D,False,-1.0,1.36,1.41,0.0
29121614d135d0707f456b008d9df667d05255d35eee1624280d4a86d3a4f074,2026-08-18 16:40:11.959887+00:00,A,True,2.2,3.2,3.2,0.0
860f0f49c6b198c3f1b9a45e2960b9e4063591bcba008568608ad198ef398e75,2026-08-18 16:40:11.959887+00:00,A,False,-1.0,3.6,3.7,0.0
a84b9b6f7171c58dca5d9c415c73ae06ea771245b06cec66184984b4145834f7,2026-08-18 16:40:11.959887+00:00,A,False,-1.0,2.15,2.15,0.0
c699c3e5bfaf45787b00faf3a7e248f5ec09faeb196ceaf1d90dba97f184d2fc,2026-08-18 16:40:11.959887+00:00,A,True,0.6000000000000001,1.57,1.6,0.0
e7593c12bc535bb9aedc65d3c19c337585b11af002f4df0a7c5253aa6c98428e,2026-08-18 16:40:11.959887+00:00,A,False,-1.0,4.33,4.6,0.0
261623724d0f21093295e97250f4ee4eb98fa2f64dd51d1bdb8e77cf4b546453,2026-08-18 16:40:11.959887+00:00,A,False,-1.0,5.5,5.5,0.0
e67315f4fff160d4087b2ad99ef950a34a6cc713b1335870ac48c0128cbe316a,2026-08-18 16:40:11.959887+00:00,A,True,1.38,2.38,2.38,0.0
32f678b0d3232e2c3302bfda4c0dddc6dde818d2e1bf8b05adf3156ed2bc15b0,2026-08-18 16:40:11.959887+00:00,A,False,-1.0,3.75,3.75,0.0
ab7452e4217760c37ed06419069f0e66d740b589cea83675d43b60f5594fc328,2026-08-18 16:40:11.959887+00:00,A,False,-1.0,2.75,2.75,0.0
5eed56030916300f66324372aaa38834a9c8a255ee7fc481fb1331270d40e686,2026-08-18 16:40:11.959887+00:00,H,False,-1.0,4.75,4.75,0.0
a0dca38289c3c7807efadd10a44ea0a6cee114604e7a97ff9d05489e2a51a1fa,2026-08-18 16:40:11.959887+00:00,H,False,-1.0,4.0,4.1,0.0
f1374b1e355e1b503f08f0f5bc18bd5762436816c4ca12a9dd2cd59ebfd0c72a,2026-08-18 16:40:11.959887+00:00,H,True,0.75,1.7,1.75,0.0
0224e0fdec13cb744bb3aa9ee454b4da71c36513514eb015a0db937dd2bfd108,2026-08-18 16:40:11.959887+00:00,A,True,0.5800000000000001,1.57,1.58,0.0
ede339d954ca5963815eca71965241805d1a28a8f6996944f026ebdfafcafd3e,2026-08-18 16:40:11.959887+00:00,A,False,-1.0,4.75,4.75,0.0
88c51142baa2edd0c90ef8fce8e2d70cc9d192d0cefa952dfad8606e3b2dc46c,2026-08-18 16:40:11.959887+00:00,A,False,-1.0,4.75,5.0,0.0
fc51f09adc6242fd92f56b4842a381decf9fdd7b3422abf704dffa5c1c47bc93,2026-08-18 16:40:11.959887+00:00,A,True,1.38,2.38,2.38,0.0
1e259060c45fd3b4133764bf9c2ad4a7320eb526702b8d3a18ab80e7069f2189,2026-08-18 16:40:11.959887+00:00,A,False,-1.0,3.75,3.75,0.0
2b1076baa236cc84f106915a890d1b8111395fd83942d51dd0e13820b608c33f,2026-08-18 16:40:11.959887+00:00,A,False,-1.0,2.75,2.8,0.0
b12d9a1e5642883e6bde0e188be6e7ec5353f5c26706a60e9db1d089acc85cc2,2026-08-18 16:40:11.959887+00:00,D,False,-1.0,7.0,7.0,0.0
2fe97f5e89e3cf748aae8dd08bab300499070cda911b75ec5a48c4b22cbf0a71,2026-08-18 16:40:11.959887+00:00,D,True,4.0,4.5,5.0,0.0
1cab4e6e124aba8c0db25f16c60562176a4412eaa413dbb25191e2a144fd9854,2026-08-18 16:40:11.959887+00:00,D,False,-1.0,1.44,1.46,0.0
5eceb75c1d56bb2dbe2ce72b859720bdbe3f876a9a07367c165ed91ffddfb3e1,2026-08-18 16:40:11.959887+00:00,H,False,-1.0,9.5,11.0,0.0
cb89acac1a04d75b080864373701a28813655cd08e58408f09d2de566e08aee8,2026-08-18 16:40:11.959887+00:00,H,False,-1.0,6.0,6.5,0.0
b11249ced537a6756f51aba601d614b14ecf862b22b290476287f43782fd9914,2026-08-18 16:40:11.959887+00:00,H,True,0.29,1.29,1.29,0.0
1e793d8677665ea40f74cf4e37288f55c1360276ff5b7f306ff505c7b6cfcb66,2026-08-18 16:40:11.959887+00:00,D,False,-1.0,7.5,7.5,0.0
ea209792d04ce13a45842fe54e209ebffeb516dd9ebc48d3c4c7e54333975f8d,2026-08-18 16:40:11.959887+00:00,D,True,4.5,5.5,5.5,0.0
f84d4378f52bd73db4241734ee0b76a3066a8359cbc4ed956ed18bdfc552a220,2026-08-18 16:40:11.959887+00:00,D,False,-1.0,1.36,1.41,0.0
adfa8ca1ab9ad9b3f4e17c2e07ec4a95e96decfc748fc1541e2b8ccc5a70a156,2026-08-18 16:40:11.959887+00:00,A,True,2.2,3.2,3.2,0.0
7dc4847c9ebd15f01cff743b1a8ea5c7791107058524800d1fa889c97b05c92c,2026-08-18 16:40:11.959887+00:00,A,False,-1.0,3.6,3.7,0.0
05f660d058912a38eece016c3c48fbe955bc8f1466794eee134531e961c7f87c,2026-08-18 16:40:11.959887+00:00,A,False,-1.0,2.15,2.15,0.0
4012a6159d0d00f3db26723bc165c49bdd594363c6a8e0045fb92d3cdccbe0f5,2026-08-18 16:40:11.959887+00:00,A,True,0.6000000000000001,1.57,1.6,0.0
e39165f9658af991730b2199675a971ba21352348b54b8ef0b63bc6ea4fdc843,2026-08-18 16:40:11.959887+00:00,A,False,-1.0,4.33,4.6,0.0
757fd3c8757f30e1d6613f5df975b1c5ba072b0a54f85922f7a674aee2a4ff70,2026-08-18 16:40:11.959887+00:00,A,False,-1.0,5.5,5.5,0.0
3b6d8af329c0a1b8d2273f55f4824f1967ae7f3d58d900fc32dbce3088d94a5b,2026-08-18 16:40:11.959887+00:00,A,True,1.38,2.38,2.38,0.0
565639966a6a286543515c97e0b30651193eb573be1c8e2b3ad4a05912ec6487,2026-08-18 16:40:11.959887+00:00,A,False,-1.0,3.75,3.75,0.0
f328f6c6f2c02200c5d53c2aeb0a22b69416f82c055bcf24047b1775c4c57d59,2026-08-18 16:40:11.959887+00:00,A,False,-1.0,2.75,2.75,0.0
5ae8bd3d5d1648b9d0c1e24b4fbb207c91b935ec80cab186ea454588c3127356,2026-08-18 16:40:11.959887+00:00,H,False,-1.0,4.75,4.75,0.0
b4728412a765523957f1b26e37f85a993e33aaf7abad688500da992b76e66541,2026-08-18 16:40:11.959887+00:00,H,False,-1.0,4.0,4.1,0.0
96c0220020b3c2c97571acf1d79388621c3e82570465be5a87fc853b89b4869b,2026-08-18 16:40:11.959887+00:00,H,True,0.75,1.7,1.75,0.0
e49b149b97ecccdaf7e6023e2c3434f2bfcaac479994dc13b07c8be7f9a9d69f,2026-08-18 16:40:11.959887+00:00,A,True,0.5800000000000001,1.57,1.58,0.0
22fac21ca1029b7bc73236f6a87a3953cff44651aed0595d92640d899a4b7242,2026-08-18 16:40:11.959887+00:00,A,False,-1.0,4.75,4.75,0.0
c13ef940f428a8d9bb5df3a8450558eb40ce8ca34ec31b7d45307d4a4dbecea1,2026-08-18 16:40:11.959887+00:00,A,False,-1.0,4.75,5.0,0.0
a7e4f0d9fca91cac7bf45f4de8816f2b14c199103d3117025d505b9ab8782c8a,2026-08-18 16:40:11.959887+00:00,A,True,1.38,2.38,2.38,0.0
a2a3c7c446168d59bdd5eafc36072ce7e3b1e39ee4e952415baddf77779a3c24,2026-08-18 16:40:11.959887+00:00,A,False,-1.0,3.75,3.75,0.0
c1e9595c23e01669088f44a03cfbff27d03cd890e5b0d28d0f2958a57d9072d8,2026-08-18 16:40:11.959887+00:00,A,False,-1.0,2.75,2.8,0.0
d7aec9ae7ade8ef4909f032099f292c83b423eb7da4df6a8a372910342f662d3,2026-08-18 16:40:11.959887+00:00,D,False,-1.0,7.0,7.0,0.0
8f4ef690cdd9655837b2599907cc4f0dec96ddf129e014b53f5127f93c52cbcf,2026-08-18 16:40:11.959887+00:00,D,True,4.0,4.5,5.0,0.0
57b0ef0bf9b4c02361afd7fd775dde65d42224dd86b45e97959a03d0bbda1be2,2026-08-18 16:40:11.959887+00:00,D,False,-1.0,1.44,1.46,0.0
e50d475c82aa49ea58a5743bd92fda6fe586079c7f4adddb0f48a851abdfcd86,2026-08-18 16:40:11.959887+00:00,H,False,-1.0,9.5,11.0,0.0
6b0295b0a7bc7d8e990267f4f8b421a41eca95853b62994b3d50bce2ec2c6292,2026-08-18 16:40:11.959887+00:00,H,False,-1.0,6.0,6.5,0.0
f568f6430a229c95a45b1ecabcdea6c85a145771771cd109d4c32e633f08c823,2026-08-18 16:40:11.959887+00:00,H,True,0.29,1.29,1.29,0.0
eac28aab88934d7a9b78fb1df631f5d8c9ce05c429422d24c39f67a764cd690a,2026-08-18 16:40:11.959887+00:00,D,False,-1.0,7.5,7.5,0.0
2f058aacfd2762c57afdced1624a886959c62a1a4b9b96a1695d6d368d49b8d5,2026-08-18 16:40:11.959887+00:00,D,True,4.5,5.5,5.5,0.0
23ac1b52e1eff39be7af97a9b3b23561a1a583fca9246357dc8b73c83ae678cb,2026-08-18 16:40:11.959887+00:00,D,False,-1.0,1.36,1.41,0.0
c2e78ca8394fb6ee474c173ee0baef8f069edf33ed5c32662277b1129b6fc9fa,2026-08-18 16:40:11.959887+00:00,A,True,2.2,3.2,3.2,0.0
7348644217fa42abfcb45f4fa0b450a6a53698c018b624238760cb6e99846140,2026-08-18 16:40:11.959887+00:00,A,False,-1.0,3.6,3.7,0.0
85103b882a5586359e90994b8461f3921fbf2b08bf99b1fe7d54f187a3a60693,2026-08-18 16:40:11.959887+00:00,A,False,-1.0,2.15,2.15,0.0
92830865904437eb9ea7c1860cd0430bdf1aea1bb0bd01eb54f15311851d958a,2026-08-18 16:40:11.959887+00:00,A,True,0.6000000000000001,1.57,1.6,0.0
8bbed91b9fddfbdb3147c60bad244d2f68ef2ab05c10e98ced58f8ef1a095cde,2026-08-18 16:40:11.959887+00:00,A,False,-1.0,4.33,4.6,0.0
ee852dedd8b7e442420da03e424338c52421daa45c3708811991e6f8b3e1e68c,2026-08-18 16:40:11.959887+00:00,A,False,-1.0,5.5,5.5,0.0
e1c993616062b2a2448cd77d1e1f266c12d3ba0f251744bc3c5e0d6ad68f1a81,2026-08-18 16:40:11.959887+00:00,A,True,1.38,2.38,2.38,0.0
feadb886c2a0dd43e02d54358cf0714ad3d379459a24529b3e806102c082465d,2026-08-18 16:40:11.959887+00:00,A,False,-1.0,3.75,3.75,0.0
31fd8cf2ffbe18424a45875a91f3f63a3db4d714f351847acbdd542e66822aa4,2026-08-18 16:40:11.959887+00:00,A,False,-1.0,2.75,2.75,0.0
a4069dcc346cd4857ea3011fefb19b60ea93b986a972a137f5174f2d10cc85f9,2026-08-18 16:40:11.959887+00:00,H,False,-1.0,4.75,4.75,0.0
02b8195bbd86b58226f4787825d268ab4fefe725de9ca91703b17cb9c1692e7f,2026-08-18 16:40:11.959887+00:00,H,False,-1.0,4.0,4.1,0.0
8019d7e26db17d537763f3e699fd17b797358f29f8f7297ae52e7c37d4e32531,2026-08-18 16:40:11.959887+00:00,H,True,0.75,1.7,1.75,0.0
5984a09f7f52ed42a3046e51a52bd08ceb9441789c559cc3061efd91b045e813,2026-08-18 16:40:11.959887+00:00,A,True,0.5800000000000001,1.57,1.58,0.0
8ce821b57473cb3de3b746418a89fd4e7d80812b78251512c97bcfd36c324c28,2026-08-18 16:40:11.959887+00:00,A,False,-1.0,4.75,4.75,0.0
ee956e4b6ef63bf818e515b89859f50c4e368b9411dff59a365894f93a8b8b8c,2026-08-18 16:40:11.959887+00:00,A,False,-1.0,4.75,5.0,0.0
441e284b4c68e2f1bb7731980906502c951dbb901ced1d0dc294929246234a19,2026-08-18 16:40:11.959887+00:00,A,True,1.38,2.38,2.38,0.0
ee88e8a9eaf557cdb4b7d444e4b37c6f855ef6ae75e566eb47d33188046ceff5,2026-08-18 16:40:11.959887+00:00,A,False,-1.0,3.75,3.75,0.0
5ef4b984b8f5bc64e65d33e45f1da9b7d819c782dcc9b3ad63c90e45c1330c9f,2026-08-18 16:40:11.959887+00:00,A,False,-1.0,2.75,2.8,0.0
c7c09a318a0b4f76bd078eae55db77578a9303f82c7ad205a1b858f2eaa5019e,2026-08-18 16:40:11.959887+00:00,D,False,-1.0,7.0,7.0,0.0
e7dd0206228f9f48462de1e26430c0fc8e322a7ba4e63c9d4bd367da7c35a6fb,2026-08-18 16:40:11.959887+00:00,D,True,4.0,4.5,5.0,0.0
6948cbc59b64d57e3441e2f06d2b03995864a73d8a40f15da39636a59cd71afe,2026-08-18 16:40:11.959887+00:00,D,False,-1.0,1.44,1.46,0.0
5e6fef8b125bb17ad172fb3db5d8cd010d805105dd5cb92909f63fdc4f35e7e7,2026-08-18 16:40:11.959887+00:00,H,False,-1.0,9.5,11.0,0.0
973a9db3164cd28e34b96655f8bd50874f8d47b249d08f4d003df4fd7a098dc6,2026-08-18 16:40:11.959887+00:00,H,False,-1.0,6.0,6.5,0.0
ede1b58652e55a76e64cb8d0262def20c99e52a3b34e83925e95accff7e6fffa,2026-08-18 16:40:11.959887+00:00,H,True,0.29,1.29,1.29,0.0
e7e20667386234786dab128cf28e8fbef93ce4372a761a06cdcb490377d38f7e,2026-08-18 16:40:11.959887+00:00,D,False,-1.0,7.5,7.5,0.0
e9e81c59a836c41176edcec6ab7cbebdf40401b0528f239d52149a0954239c5a,2026-08-18 16:40:11.959887+00:00,D,True,4.5,5.5,5.5,0.0
eaa90b26f8ad17252f05a7468aa0f3bfa5b4b8ecca6bf00ca41ab6d0bc86f569,2026-08-18 16:40:11.959887+00:00,D,False,-1.0,1.36,1.41,0.0
32659c503e8ae3a4a88d5745e056a01fe3dfe4cd737e77d742ed90d38d4ed255,2026-08-18 16:40:11.959887+00:00,A,True,2.2,3.2,3.2,0.0
8ba6b905e18a0dc83965a64a1262906a9c4646328cf112340fb5a703a4cea9ca,2026-08-18 16:40:11.959887+00:00,A,False,-1.0,3.6,3.7,0.0
7f7be49a014e9b128cfb65fc6930f8cc93f88e8d2da2b86c4355d79bf5c14a38,2026-08-18 16:40:11.959887+00:00,A,False,-1.0,2.15,2.15,0.0
e2f2115fe71afd5f085cb1829717b41422090b30f42dd913558c840ca7b0f2ad,2026-08-18 16:40:11.959887+00:00,A,True,0.6000000000000001,1.57,1.6,0.0
3f92e401a6b0f1e646ae371514d41e424de64936c14d2f3f7dc5ebc81e219368,2026-08-18 16:40:11.959887+00:00,A,False,-1.0,4.33,4.6,0.0
05b5bd851ca6d28bb1a51557b3a20193cd39dd053daac6a0e5c39d65c5735a13,2026-08-18 16:40:11.959887+00:00,A,False,-1.0,5.5,5.5,0.0
3eb6c0c80ac98ec41964dbfd9cdfa2d164856a87991df3238619a41613a76a2b,2026-08-18 16:40:11.959887+00:00,A,True,1.38,2.38,2.38,0.0
a78fd35b7fba9f69b53bf2ec28f3031649b832cadbc01633b4acd5c3f964f79d,2026-08-18 16:40:11.959887+00:00,A,False,-1.0,3.75,3.75,0.0
ffd0d20ccea4fe665e455ba3e545ca17680ed433709bad1c71b18b14e6d4fb71,2026-08-18 16:40:11.959887+00:00,A,False,-1.0,2.75,2.75,0.0
c8cdb179deaa0e17af63f07d62836c64e6d73f90dfdc425239f618bf141338c2,2026-08-18 16:40:11.959887+00:00,H,False,-1.0,4.75,4.75,0.0
d0ad432c662d48b1160608d6f552adcf9e01afb9d6d0dbd0439315eab84b4e1c,2026-08-18 16:40:11.959887+00:00,H,False,-1.0,4.0,4.1,0.0
2dcfc54d6e1cd3a394f74464b2503098747eb43ab60b5c4079a04a472878bd04,2026-08-18 16:40:11.959887+00:00,H,True,0.75,1.7,1.75,0.0
48564969cf0bff225817f345b5095b1a5c9d7af433f8f58e67dc640c76bcc62c,2026-08-18 16:40:11.959887+00:00,A,True,0.5800000000000001,1.57,1.58,0.0
7588e6c152d87532928f965afb1bf32b3232c02b89bf6407b1ec3ef9d7487e43,2026-08-18 16:40:11.959887+00:00,A,False,-1.0,4.75,4.75,0.0
87e469f061c8d09dcdb783e6826ff88faa396a661a6542bdbb2f2507b7564e32,2026-08-18 16:40:11.959887+00:00,A,False,-1.0,4.75,5.0,0.0
6347e56a95e16e7d22eaf75f9bf160b62a73886276ea62c7bf773703d88c691d,2026-08-18 16:40:11.959887+00:00,A,True,1.38,2.38,2.38,0.0
c00896cbd24e9a90efa79b3b9d8f54a06815d263ab293df5535cb8cd4490d102,2026-08-18 16:40:11.959887+00:00,A,False,-1.0,3.75,3.75,0.0
675f81fd6f63368d0fc2182658598153af3ff739170d14b693f9ea390f8c5d1f,2026-08-18 16:40:11.959887+00:00,A,False,-1.0,2.75,2.8,0.0
2173db8eea8d6e6ef93e9cf1881fa07cad358ba4c237dc67987b082effeda593,2026-08-18 16:40:11.959887+00:00,D,False,-1.0,7.0,7.0,0.0
c34912def496633ed5f1e592807e3eca04f2c0d8a48b05b3da728f96ac4959f1,2026-08-18 16:40:11.959887+00:00,D,True,4.0,4.5,5.0,0.0
f5ced3be8c6702776670c502d8438f25de7f3766c9909f43e822d7a33202b5c8,2026-08-18 16:40:11.959887+00:00,D,False,-1.0,1.44,1.46,0.0
bb130357d4c0fc128bfed08eb3fbce133e8d3a70d46cf1d05e26fafe38d5d979,2026-08-18 16:40:11.959887+00:00,H,False,-1.0,9.5,11.0,0.0
51acf6c7886ececfe5be8c1943f037e40985dc6cf1fddc49ff03e06ae2b65bcb,2026-08-18 16:40:11.959887+00:00,H,False,-1.0,6.0,6.5,0.0
58b8455b92491bd6f55d6a3f0659224a57ecd3a14da2d21cca5226094ef25ae4,2026-08-18 16:40:11.959887+00:00,H,True,0.29,1.29,1.29,0.0
ad40d1ee6240526de422c74ae7b065011391b27ddbce549664413db8faeaa4b6,2026-08-18 16:40:11.959887+00:00,D,False,-1.0,7.5,7.5,0.0
2b1322cd93bf2a5a7422df2a60ddd7072d3ca7d22bcf34bc29eff6cc2aeb0e04,2026-08-18 16:40:11.959887+00:00,D,True,4.5,5.5,5.5,0.0
d917f5e5ba2896ceb0848986ba125589655a442052d6beda82bbf4fa70c141a4,2026-08-18 16:40:11.959887+00:00,D,False,-1.0,1.36,1.41,0.0
e0f3f3e86e1c36a27d539c691c4a065b06e9d3e61a95b870026d9f45a89eb9a1,2026-08-25 16:47:15.030092+00:00,H,False,-1.0,4.33,4.33,0.0
591abc97dc7af511dc7b7515cc708113ef0c5f8e526dd7e459644bcdb75886c8,2026-08-25 16:47:15.030092+00:00,H,False,-1.0,4.1,4.1,0.0
fc4c518165f4e633a9a5c1eebebeb7836ae83e98ddde4255a653c16914c3bed0,2026-08-25 16:47:15.030092+00:00,H,True,0.73,1.73,1.73,0.0
504c3aa53a31309ec2531eda9973b969052b2f278f332046c6b04ef04daf5ce4,2026-08-25 16:47:15.030092+00:00,H,False,-1.0,12.0,12.0,0.0
256144c5f552fc0a927c48c997659d53cfb772fc4f5f5919e483e3851804b8f1,2026-08-25 16:47:15.030092+00:00,H,False,-1.0,5.5,5.75,0.0
349769a090fbcfba62bb65e4a7b5f6a8486e4bf8d48a1f3eb77da17652128eaa,2026-08-25 16:47:15.030092+00:00,H,True,0.26,1.22,1.26,0.0
11b3a6de24d3b41b7b501526761291ef62e4196d8c46eea8fd65bdf9e216a04b,2026-08-25 16:47:15.030092+00:00,A,True,4.25,5.25,5.25,0.0
9f13ba853edf0218e2747771fb9fb2f781fb7ff43b726b00effb65e81ad90f12,2026-08-25 16:47:15.030092+00:00,A,False,-1.0,4.2,4.4,0.0
125cdde82460398e9ac423685bac8fca574208c080f5e9ac5af14ccbafa728fa,2026-08-25 16:47:15.030092+00:00,A,False,-1.0,1.6,1.6,0.0
521a986f07241e5b434f34ad492dfdfc0ac4345d9639d93a6d2c7bff956b0a2a,2026-08-25 16:47:15.030092+00:00,A,True,0.6100000000000001,1.6,1.61,0.0
30540f4f192bd4da8171544ffe51cff5b52a6362a3d59f5a2162e7552263dc09,2026-08-25 16:47:15.030092+00:00,A,False,-1.0,4.2,4.33,0.0
21dbf0632cf013c4a6acbea0df9c9487890174ece608afb505057f9f0bf1731a,2026-08-25 16:47:15.030092+00:00,A,False,-1.0,5.25,5.25,0.0
b98134931ab50daaaaf8bd16f42a36f1fe51fe4938fe901ccec6265ae76c3d96,2026-08-25 16:47:15.030092+00:00,D,False,-1.0,2.63,2.63,0.0
c73f1a6a1c8065d62eff94126e18a99884d6a2f05081245e26e0aaba6e44bf5a,2026-08-25 16:47:15.030092+00:00,D,True,2.6,3.4,3.6,0.0
92a49d4a64866d3cc00562c78a3be10d32e68e2963a08e053c4030f81549ccfe,2026-08-25 16:47:15.030092+00:00,D,False,-1.0,2.63,2.63,0.0
5c69ea9b95a909c5215bdea7df7c0ed19cc141921c79765bae4337fdb371cbaf,2026-08-25 16:47:15.030092+00:00,D,False,-1.0,2.3,2.3,0.0
6fb801db13e822d3c9efe77de81ed2ee42e175ef5fdcd0ed98e23e293bff5846,2026-08-25 16:47:15.030092+00:00,D,True,2.6,3.4,3.6,0.0
415d3d89533cae6028ca76813492af8f04c90442a575b25d4c8d220632bb469e,2026-08-25 16:47:15.030092+00:00,D,False,-1.0,3.1,3.1,0.0
dad7b6718542697d8af045b1c7f3ade595a8ce663baedf38aef4d29baf0fa60c,2026-08-25 16:47:15.030092+00:00,H,False,-1.0,3.3,3.3,0.0
d716ab26560472401f3367c9fe54aada89c82dc0c7e8e6efffeca5facf7dffc6,2026-08-25 16:47:15.030092+00:00,H,False,-1.0,3.5,3.5,0.0
177322ffcd93ebebaee62c7ee5338251fd1ff301c10a0217bc7d3d8ecfa7d682,2026-08-25 16:47:15.030092+00:00,H,True,1.15,2.15,2.15,0.0
c5d3bd549b39b3fb6f8e58d7c30dca70ef5adec35a46bf3b3e1d46cd33f97c23,2026-08-25 16:47:15.030092+00:00,D,False,-1.0,3.4,3.4,0.0
f0ca2c3fe4313632f72b1e02c415c4fd6500a4ecbf959cb75e5c2ee5048e94db,2026-08-25 16:47:15.030092+00:00,D,True,2.6,3.5,3.6,0.0
c59bb5e689ccd9364b0d311ad8ce786e6c65c5bb3e9935a9617e344f3b735a16,2026-08-25 16:47:15.030092+00:00,D,False,-1.0,2.1,2.15,0.0
1e73b2574a44a2b4197ea7003a6a9b224ddfda78ba4ea8db145dbfb4a6dabf1c,2026-08-25 16:47:15.030092+00:00,H,False,-1.0,5.25,5.5,0.0
46a5e9361a1f477719ddf4e4db792c01ecfe44d6c7d27d198f83087f93d16d74,2026-08-25 16:47:15.030092+00:00,H,False,-1.0,4.5,4.5,0.0
d3ca249b42bce7d0213ed13484c9bb379a250f689c2d76818fd6225660e7c585,2026-08-25 16:47:15.030092+00:00,H,True,0.5800000000000001,1.55,1.58,0.0
200a21167b8cfad967d615455c059769de07f7d820d1f56a55c3df2ac961e70d,2026-08-25 16:47:15.030092+00:00,H,False,-1.0,2.75,2.75,0.0
d60c7d02b9fbcc8e3e4ea0a0d031a4675cbe920dbe0f4c31905ff84ae74820af,2026-08-25 16:47:15.030092+00:00,H,False,-1.0,3.7,3.75,0.0
4726f99f3d67871fe52a03df66898d04d40bdb9c21a8db207b9040f142f66c60,2026-08-25 16:47:15.030092+00:00,H,True,1.4,2.4,2.4,0.0
6ea88df182ac53cd03565d2b7f665a230659a6022f0ed118e613a571504b75f8,2026-08-25 16:47:15.030092+00:00,A,True,2.1,3.1,3.1,0.0
3c0e5cb5d9f8d23836c702b42d6da91c643f9a90e64e7255a00cbde48d9a83a7,2026-08-25 16:47:15.030092+00:00,A,False,-1.0,3.4,3.4,0.0
2b33f9f27d5ae28d9007b3fc406d314f8ccb1393c033a484026873b944cf98dc,2026-08-25 16:47:15.030092+00:00,A,False,-1.0,2.3,2.3,0.0
53b61839c5eb479b062a443f369afeefc15ac21ed3fbd15096d0d7f1565c6803,2026-08-25 16:47:15.030092+00:00,H,False,-1.0,2.63,2.63,0.0
5599651b90755146be33d3ae1ec0430c32fff9ebe1ad56f5e8204a54602c1d22,2026-08-25 16:47:15.030092+00:00,H,False,-1.0,3.3,3.4,0.0
ef73e16993a6f1e306cb40579b812cfb854112a7aaf3407be84782f37d7ee540,2026-08-25 16:47:15.030092+00:00,H,True,1.7000000000000002,2.7,2.7,0.0
1fc509b3241a2cd5d3a8cbfbc7b684133b680a20b7eeed40abfcc80d65912325,2026-08-25 16:47:15.030092+00:00,A,True,1.5,2.5,2.5,0.0
64952682fbf669a09d93153c886b8c30fb10c9598b86295de569549b4878916a,2026-08-25 16:47:15.030092+00:00,A,False,-1.0,3.4,3.6,0.0
92731972e874c7e96e11aedcecee64fcfd21102717e3d8dc561312d064104d45,2026-08-25 16:47:15.030092+00:00,A,False,-1.0,2.8,2.8,0.0
28233e5dd28213c8f0ec8ae00cd24da337accd2af568a2275ccdf014d8e878ec,2026-08-25 16:47:15.030092+00:00,H,False,-1.0,1.36,1.38,0.0
1e45fe43d9a12315d12897bab8a3e1c85eeaf56fe917afbf512f62d0210bd080,2026-08-25 16:47:15.030092+00:00,H,False,-1.0,5.0,5.25,0.0
ed9d6e6eead5509498ad45e0120369b681a4401eaf63611d070fb077bf37939b,2026-08-25 16:47:15.030092+00:00,H,True,8.0,8.5,9.0,0.0
135ca8419a02526665f5b763046a294790903ce3215245309cdedc8618093949,2026-08-25 16:47:15.030092+00:00,A,True,0.29,1.27,1.29,0.0
58f4dc9190294600b23d4d20e05cb7a41cf38c00b02f94b10f70aba44cd135ae,2026-08-25 16:47:15.030092+00:00,A,False,-1.0,5.75,6.0,0.0
929138e7b505fe3b09cd6d5c0513e56c8c7ae5d4a63a85c5a8230521e24b9104,2026-08-25 16:47:15.030092+00:00,A,False,-1.0,11.0,11.0,0.0
dc9e25f5fea3a86528ee3aa12e4afbccced7b71da0b8aff6e58cc36b73bd3661,2026-08-25 16:47:15.030092+00:00,H,False,-1.0,8.5,8.5,0.0
bd6eb9a947b58674d4d27fe4dcfa7f91a16d5b885f181f64316cc0b4152f32c5,2026-08-25 16:47:15.030092+00:00,H,False,-1.0,5.0,5.75,0.0
3d9fa90b0470638ddf073f90c248923b49884d1cb409d7996346ba379ac3e539,2026-08-25 16:47:15.030092+00:00,H,True,0.3799999999999999,1.36,1.38,0.0
02e96f18247d3f3550f10a96a9a95d4612a3a6cd41e078a10e27e4f1ba5b18c8,2026-08-25 16:47:15.030092+00:00,H,False,-1.0,3.0,3.1,0.0
bf7c558d197abb60a28b359955cb3b41c484ee3bd60a2f9781438c412000e050,2026-08-25 16:47:15.030092+00:00,H,False,-1.0,3.6,3.6,0.0
a9287ab42cff5d39b0641bc04198ab64868741f7290376624e37b87c5c4ff5aa,2026-08-25 16:47:15.030092+00:00,H,True,1.25,2.15,2.25,0.0
ff10b1993eab4a7a16d4a0b7dc77c731eea9e80e0f0d4c0bb47fd54dc9a9eb06,2026-08-25 16:47:15.030092+00:00,H,False,-1.0,6.25,6.25,0.0
4f544d0bedb92921fca9ccb1bcbffcbdf9bf8fd7da928c6b914c22d7fa4c675f,2026-08-25 16:47:15.030092+00:00,H,False,-1.0,4.5,5.0,0.0
3da8d05477bb6cce931a328f31fe3bb2a845a16e10885804990fd02d69329961,2026-08-25 16:47:15.030092+00:00,H,True,0.48,1.48,1.48,0.0
5adf9d05554859be7778ee96836c509a0b3cbb2c48872162b5372c49e810289c,2026-08-25 16:47:15.030092+00:00,D,False,-1.0,1.9,1.9,0.0
a290b5e88e0ace1e06891e294fdd9f8d1d406cffe910169462dd1c26a02e209e,2026-08-25 16:47:15.030092+00:00,D,True,3.0,3.8,4.0,0.0
3ed64e4d73441de2fe2f582097393c24debe742c029fbd08e3ecdccfee126dd7,2026-08-25 16:47:15.030092+00:00,D,False,-1.0,4.0,4.0,0.0
7234c3e2ee4d9750517be42b72da7a14cddc43b80a779c2c041e5709a42a33d6,2026-08-25 16:47:15.030092+00:00,A,True,0.71,1.7,1.71,0.0
4f30b7fa0bc4e88e14ca06d471c5014ac891b6075a235527555000d582e94c08,2026-08-25 16:47:15.030092+00:00,A,False,-1.0,3.7,3.75,0.0
e5547defb418d4badcf51e7408a4c32673543f0b9ffdbd23034677d122e8015e,2026-08-25 16:47:15.030092+00:00,A,False,-1.0,5.0,5.0,0.0
77c38918d807b8e4ec1b0bdf3ed5a5b924178cf30168428c4d8603a54ce11a8d,2026-08-25 16:47:15.030092+00:00,A,True,0.91,1.91,1.91,0.0
700dd00195174856e21368ce975b7c5c7e7176b260e54f7e0612a7236889beb1,2026-08-25 16:47:15.030092+00:00,A,False,-1.0,4.0,4.0,0.0
ab89d8f34986d54f6001fc55a238c1533d6167e36815a27a298375f6ae20eff2,2026-08-25 16:47:15.030092+00:00,A,False,-1.0,3.6,3.75,0.0
2bacea82e8ece702a41f21d6ef308372902f76b2372d8563e8127d1ffaa37d7e,2026-08-25 16:47:15.030092+00:00,H,False,-1.0,4.75,4.75,0.0
c1b32495824b9ee32142c319acdde023cb9d8f2b5b50be1e4c66e79c00ee9bbe,2026-08-25 16:47:15.030092+00:00,H,False,-1.0,3.8,4.1,0.0
ac126f1b65c6c9f5253d47c7e92bc49e15b588d4159b02b60e3075b59c7d2aee,2026-08-25 16:47:15.030092+00:00,H,True,0.75,1.73,1.75,0.0
f301bbaf3f8fe1a35ead6a95fcb98d225f9b0ee3feb67fe4914a42b93fd2f9fa,2026-08-25 16:47:15.030092+00:00,H,False,-1.0,3.6,3.6,0.0
73fa9fc9c69ed92b5f6152d5f760530515ef67e370203cf56cc4f72f6db9d1c1,2026-08-25 16:47:15.030092+00:00,H,False,-1.0,3.2,3.4,0.0
09e84545c87c8226f64875e26ef40fc1684dbd757dfa6fc3f75202752f56eeac,2026-08-25 16:47:15.030092+00:00,H,True,1.1,2.05,2.1,0.0
c4624f8d71fd041fb715b74bb2f346bd2c163779d8e6fecef5bddf24c64a3436,2026-08-25 16:47:15.030092+00:00,H,False,-1.0,2.7,2.7,0.0
4809d9345af5833ea23eee7ea9c8e50edcbf49a16b60f72ee45a03221ea42475,2026-08-25 16:47:15.030092+00:00,H,False,-1.0,3.0,3.1,0.0
cb41b3660d8b011ff62e8b302167911afde5c9e7a3c70c1b71296dcb0bb95635,2026-08-25 16:47:15.030092+00:00,H,True,1.7000000000000002,2.7,2.7,0.0
ff8f38746857739bc78016069f7c6f77ca686144dbf33b857eb911d6765375bb,2026-08-25 16:47:15.030092+00:00,H,False,-1.0,9.0,9.0,0.0
b3da6dbe20638bcd256643a67903e34062f12148d3984f86812c7c1ba8917ca8,2026-08-25 16:47:15.030092+00:00,H,False,-1.0,4.5,4.8,0.0
48778728ec9ea624593edca15f2fd025ae8621b61a558355594beddb04b66aad,2026-08-25 16:47:15.030092+00:00,H,True,0.3799999999999999,1.33,1.38,0.0
d78a7b456154a044fa67992a392ecfc3f689856177c4d5950679bde264dbcfe9,2026-08-25 16:47:15.030092+00:00,A,True,0.95,1.9,1.95,0.0
b5c09d7c53a5568596d8577ec9080890b52cc819fbd4a3b7ebc01be746c23150,2026-08-25 16:47:15.030092+00:00,A,False,-1.0,3.8,4.0,0.0
216da1fee65f9c1709c26768eccbb2c512651d2d38c5051de99a3959473703ca,2026-08-25 16:47:15.030092+00:00,A,False,-1.0,3.6,3.75,0.0
42b7ef1ca542fa7f219b974f2d62c3d2294c5494fa88b2a44c24142ae2eceaed,2026-08-25 16:47:15.030092+00:00,H,False,-1.0,4.33,4.33,0.0
070ba037c16ab8cbd9131128bb5fbd38fd616e9861023b3319508685856f7b17,2026-08-25 16:47:15.030092+00:00,H,False,-1.0,4.1,4.1,0.0
ef0fb1c44a355520599ea54306599d78eef4ebfd85402a41560d1d30cf866720,2026-08-25 16:47:15.030092+00:00,H,True,0.73,1.73,1.73,0.0
549eb66bf379820247671a75026194b09a906c0e60524c4c1c9fcc9cc753d03f,2026-08-25 16:47:15.030092+00:00,H,False,-1.0,12.0,12.0,0.0
e59472af92d3307458eb839c4f4822ade9c675f8b4d33dab6dd5c44fde1ab1a2,2026-08-25 16:47:15.030092+00:00,H,False,-1.0,5.5,5.75,0.0
d694577e63e098dae6bd295baec8a4eece0c06efc82e9c2b2d97c057f2b3b01e,2026-08-25 16:47:15.030092+00:00,H,True,0.26,1.22,1.26,0.0
6fe3053cbfdaa205248bd6a0724b3c327927585b522ae1ac586887da24fc26b0,2026-08-25 16:47:15.030092+00:00,A,True,4.25,5.25,5.25,0.0
cdf02a2f82aaf964b07fb53d280b5e84d1a75c0dd44a4a2e7266c58a507bf636,2026-08-25 16:47:15.030092+00:00,A,False,-1.0,4.2,4.4,0.0
fb145d2beec162bbc96eba4b23856eee962a2bf4a51707e347f63d19d20ce1bc,2026-08-25 16:47:15.030092+00:00,A,False,-1.0,1.6,1.6,0.0
999094fa9a6fc124f815073ef4e24c730896818a7430d19fc636e672e0aaaf7c,2026-08-25 16:47:15.030092+00:00,A,True,0.6100000000000001,1.6,1.61,0.0
69548b65d26105805bfd7d5008e59b91b50d4b5139fd0d24e03952a9b72d8167,2026-08-25 16:47:15.030092+00:00,A,False,-1.0,4.2,4.33,0.0
af22ecb7d9c595619e140d10db804fb1c2faeb54526bdc3b50edb84aadac217e,2026-08-25 16:47:15.030092+00:00,A,False,-1.0,5.25,5.25,0.0
9acbe3f078cc7ce951aea77f82e4d8a8bd0548fbae557e3f57c28760bc977908,2026-08-25 16:47:15.030092+00:00,D,False,-1.0,2.63,2.63,0.0
7315ff80d18144a7627d604c50800bc0081bcb5927501f49a229876109ba0bc1,2026-08-25 16:47:15.030092+00:00,D,True,2.6,3.4,3.6,0.0
46261ae556064abf597f6142f126f7b02051553f6ceee6245db90e977ea167c7,2026-08-25 16:47:15.030092+00:00,D,False,-1.0,2.63,2.63,0.0
a193dac55ad841e03b2a6f1c38460eb11847806ab2057f9f4bc5533f75069057,2026-08-25 16:47:15.030092+00:00,D,False,-1.0,2.3,2.3,0.0
eba8b27da6d056794fb92b7fbcbaa753a7c26eaa4f7eef30cd71e0440481981b,2026-08-25 16:47:15.030092+00:00,D,True,2.6,3.4,3.6,0.0
2927b6b22169c2fdbcdee79de8483443e8383b9d97a31b6e4a6555d40d7154bc,2026-08-25 16:47:15.030092+00:00,D,False,-1.0,3.1,3.1,0.0
554a9fddb8bf03b9d074b76e8aa89dea6b08716834de8b80941af93112dd1060,2026-08-25 16:47:15.030092+00:00,H,False,-1.0,3.3,3.3,0.0
43587d47de50af958e98c9d37d3e3703664368a79eb81978de54eb8063366c51,2026-08-25 16:47:15.030092+00:00,H,False,-1.0,3.5,3.5,0.0
806431f8017facca8b4400d5ac27ee247f139b7823c2189937ac0ace58cba9de,2026-08-25 16:47:15.030092+00:00,H,True,1.15,2.15,2.15,0.0
317733422ef4c8caddc78e7a90f9212d12d9f3744b2c035f06b42a621795541f,2026-08-25 16:47:15.030092+00:00,D,False,-1.0,3.4,3.4,0.0
835443eac5c9aac4bbcdf9f1aeb5795f0a464aeb6983b2eb4f8b0feeef7e18a8,2026-08-25 16:47:15.030092+00:00,D,True,2.6,3.5,3.6,0.0
3e1b574a73497868519265b820e509abed78ebcd7d9eaf0d56445511ce643a58,2026-08-25 16:47:15.030092+00:00,D,False,-1.0,2.1,2.15,0.0
66bf9c28e3ab70f0209014bdaf2d9164163f642584cde5e416ecef2f6fe96cb8,2026-08-25 16:47:15.030092+00:00,H,False,-1.0,5.25,5.5,0.0
6de146b268a17b641915a5fe4cf66c330de09c8a1ca4fa5a046a58ecc693c3cd,2026-08-25 16:47:15.030092+00:00,H,False,-1.0,4.5,4.5,0.0
728e1bd7e7b947c1b77efd1dd26787044bdf11892cfc8e25839e5864582c2543,2026-08-25 16:47:15.030092+00:00,H,True,0.5800000000000001,1.55,1.58,0.0
d2ac469b39ef692ee88fa741dc5ad07a1e7cd59925aa3e394ecb128395ade251,2026-08-25 16:47:15.030092+00:00,H,False,-1.0,2.75,2.75,0.0
821801bcd2ee41530f8180fb4a0b10fb184b2b167d7be0de158ed85bec91ee2a,2026-08-25 16:47:15.030092+00:00,H,False,-1.0,3.7,3.75,0.0
f102146704fe0894788d0eb0ed6e1943a966fe870a09e91fa82886a218d56d55,2026-08-25 16:47:15.030092+00:00,H,True,1.4,2.4,2.4,0.0
7ea41a657e39d71eb5314ddccfa37df8d87154af11a638fd77c5a8b7a9939e70,2026-08-25 16:47:15.030092+00:00,A,True,2.1,3.1,3.1,0.0
e8b86fc40123c93d875083e520efb6a325b1179a8b7ae41816de66b0afd5d2f8,2026-08-25 16:47:15.030092+00:00,A,False,-1.0,3.4,3.4,0.0
5c62bb5b216ea8a71b8ebef8ef2af20cc589d93037acbafddd2660052f1a7a9a,2026-08-25 16:47:15.030092+00:00,A,False,-1.0,2.3,2.3,0.0
1a5f17b19d40aaa35a3d421c1e66010e2a98616cc4730c6de9857dd77c65e19e,2026-08-25 16:47:15.030092+00:00,H,False,-1.0,2.63,2.63,0.0
c4527542c546c4b0db97d47f200bae58e61fbdbf41f4af876348465b19b59f63,2026-08-25 16:47:15.030092+00:00,H,False,-1.0,3.3,3.4,0.0
2d06bf35135b8a13c084c18ec073f3d18e169f3d5852dacc7c3d6f93a1f2a4bc,2026-08-25 16:47:15.030092+00:00,H,True,1.7000000000000002,2.7,2.7,0.0
385c39263902c69216b790175b0354eaa88ba277b48883558feb5be02d1f1472,2026-08-25 16:47:15.030092+00:00,A,True,1.5,2.5,2.5,0.0
da2c24fdd3e9d52e7a1b8971c022d25a1c3f740e60cc25230f6ae74b1fbafd8f,2026-08-25 16:47:15.030092+00:00,A,False,-1.0,3.4,3.6,0.0
bccbdd023f4d087684cb4f2fffbffa5830a1754cf0457501485fd5f22d4c9557,2026-08-25 16:47:15.030092+00:00,A,False,-1.0,2.8,2.8,0.0
3439ffdd438d537d2ecf3bc7714e39bde1f971bcbe28576a992a2ee710f5012e,2026-08-25 16:47:15.030092+00:00,H,False,-1.0,1.36,1.38,0.0
757d514c3a2c5f3266ce4794c05bfbce348a2a5b2a26ec9f5aacdc46c31ae609,2026-08-25 16:47:15.030092+00:00,H,False,-1.0,5.0,5.25,0.0
796c3f1a6955278be5384657204bcebc60aedbf55fa27e794b166986bf8d5268,2026-08-25 16:47:15.030092+00:00,H,True,8.0,8.5,9.0,0.0
4ecd768fba1dc3f7a1aa3e774203f780bea6ce34df0553ec31348f369312fadd,2026-08-25 16:47:15.030092+00:00,A,True,0.29,1.27,1.29,0.0
81a448a0dc2782e91a05c1f6667de98c5c31b69374b74efa5849281f8e117b3d,2026-08-25 16:47:15.030092+00:00,A,False,-1.0,5.75,6.0,0.0
8dc9863370e10674196e6bbb188692e3e328931fb8200e551f03b46751c1450e,2026-08-25 16:47:15.030092+00:00,A,False,-1.0,11.0,11.0,0.0
a673f30237ab9150bbd3637fdd60954ff5da525aa15371ce3f99cd2722faad98,2026-08-25 16:47:15.030092+00:00,H,False,-1.0,8.5,8.5,0.0
dcbcdb01c019ae64306e9b167245785eae58c40226749724b17e44bf77403fbc,2026-08-25 16:47:15.030092+00:00,H,False,-1.0,5.0,5.75,0.0
dd1e35b644b8ade811fd976cb5bc4d4b175379b7430b850e2889bd0aa257f756,2026-08-25 16:47:15.030092+00:00,H,True,0.3799999999999999,1.36,1.38,0.0
08f79401517d3f222db63701932b99bf5aa2e0d9d89a477364f4a9b14573e7e5,2026-08-25 16:47:15.030092+00:00,H,False,-1.0,3.0,3.1,0.0
f13cd08724fa9c814a20d934937f38396dcb22daba0ba5fb3bcb22c8f2cd34e8,2026-08-25 16:47:15.030092+00:00,H,False,-1.0,3.6,3.6,0.0
1337847f3ae23a8ff2b4b536612ef4e8364f356296f1c756b90725cbce5d2e77,2026-08-25 16:47:15.030092+00:00,H,True,1.25,2.15,2.25,0.0
f0bd91cb7c5a0b791833b1d89971bde95294fa26159097aa7b1ed5e846147a83,2026-08-25 16:47:15.030092+00:00,H,False,-1.0,6.25,6.25,0.0
a0311995f17bd34b8335bd2c88d1233ad090e9b2a830cc23e7624409faadc343,2026-08-25 16:47:15.030092+00:00,H,False,-1.0,4.5,5.0,0.0
3d064fd560f9f08bcaa8729d6e0314082f0d1c67067ecf1f33c81312e192c58d,2026-08-25 16:47:15.030092+00:00,H,True,0.48,1.48,1.48,0.0
8ea73c7c29db0786731f79deb6377144d5d9d457acdbe9fd8030b371d4a247c2,2026-08-25 16:47:15.030092+00:00,D,False,-1.0,1.9,1.9,0.0
f679a532289b97671048b3e297d3307935ce5fda11e92c2b3604da1ec1a5e5d8,2026-08-25 16:47:15.030092+00:00,D,True,3.0,3.8,4.0,0.0
09f5a2f1202ed03aab72fac12ffe4e5ca788f9ccf24df68f57318fca9c50fdd7,2026-08-25 16:47:15.030092+00:00,D,False,-1.0,4.0,4.0,0.0
0ed40d1f86b0a15aee5cf64312955b7506661d0507d5df29df6fbd111430109b,2026-08-25 16:47:15.030092+00:00,A,True,0.71,1.7,1.71,0.0
bf52a2ef75fd37d3035db76ec9944fa4d73754a46775da90913efa06f9b08179,2026-08-25 16:47:15.030092+00:00,A,False,-1.0,3.7,3.75,0.0
fe53b7443488761f620c71c294dd121d7fdd853e4ea1c7d3e7962a5976be4412,2026-08-25 16:47:15.030092+00:00,A,False,-1.0,5.0,5.0,0.0
2c0b9d64868b80c2a397acf4a775577e7e1c790edbde23f0e4d70ea8f449462c,2026-08-25 16:47:15.030092+00:00,A,True,0.91,1.91,1.91,0.0
a43e86e53d6891139ed6412cdfaefdb698a693a5b354530a940eb78917ec97d0,2026-08-25 16:47:15.030092+00:00,A,False,-1.0,4.0,4.0,0.0
127f28423b488fa5b46320800b5efae88d2d44ebcb98d07bdd2e0b996ad7c5c7,2026-08-25 16:47:15.030092+00:00,A,False,-1.0,3.6,3.75,0.0
01b77d99f23d25e5487e391124f141eb260b1b3d62f057a1dcaab1fbf921bea2,2026-08-25 16:47:15.030092+00:00,H,False,-1.0,4.75,4.75,0.0
b4e0e51a8d1782a21e0605c4d382d21e8beb4c1411988d73b56ef3b9c1589154,2026-08-25 16:47:15.030092+00:00,H,False,-1.0,3.8,4.1,0.0
8638ac426256bf75369fb0079c063bdb1827849647ec74b0093ad17e6f09e78b,2026-08-25 16:47:15.030092+00:00,H,True,0.75,1.73,1.75,0.0
5d42329f2d1f4263a2cd2fa97aaf5641c33e6bbe1d43c3df5204a69c14b01db8,2026-08-25 16:47:15.030092+00:00,H,False,-1.0,3.6,3.6,0.0
3942151f292a3ca68d2cce37c252f5e79e0f6daaf76ebfaf443da265db6e44d0,2026-08-25 16:47:15.030092+00:00,H,False,-1.0,3.2,3.4,0.0
83d279d8d5605c70abed6bbed5471d16e387954f65cb7ffc145f07af948a9ce7,2026-08-25 16:47:15.030092+00:00,H,True,1.1,2.05,2.1,0.0
5f8c2b1b96d5a803f84cc312f47322fedd828555fdbc22923f152f54d4b371fd,2026-08-25 16:47:15.030092+00:00,H,False,-1.0,2.7,2.7,0.0
738c55ac295d8dc1522a7abe7d8449b999a006950eecf970e0a91400680492dd,2026-08-25 16:47:15.030092+00:00,H,False,-1.0,3.0,3.1,0.0
210e68e5018534863977ad4b6cc1516d676f2d33ba164911441a301739e3028a,2026-08-25 16:47:15.030092+00:00,H,True,1.7000000000000002,2.7,2.7,0.0
74eb4ce5fbf320c9869f22278733b3f219085a13a46ebc1eb8ee11f5ef19d955,2026-08-25 16:47:15.030092+00:00,H,False,-1.0,9.0,9.0,0.0
2198d8ec35991607b27184a1e1b0768edc47f536a3c6967ca33e9fbc57b261db,2026-08-25 16:47:15.030092+00:00,H,False,-1.0,4.5,4.8,0.0
d3db21e98bb5cb8a4f909396bdd07ab9caf3272d3e07c86c34b053a7b5f1bfc2,2026-08-25 16:47:15.030092+00:00,H,True,0.3799999999999999,1.33,1.38,0.0
03e6664d758957b6e1e361f8128dd6b6f313fcc6bec8a2135a7fb66044461d73,2026-08-25 16:47:15.030092+00:00,A,True,0.95,1.9,1.95,0.0
dadcd07c7affb233a4236c6065a71e59132e55889d26a8fdf2b9a08f0ad063ce,2026-08-25 16:47:15.030092+00:00,A,False,-1.0,3.8,4.0,0.0
850eb4ef6899c7ae3e365bb0ca283792c02e69ffef30e1748b226853efcd3af2,2026-08-25 16:47:15.030092+00:00,A,False,-1.0,3.6,3.75,0.0
d5f64bb767c4e06ee07cb995ab8a755da86712346022bde04a41e4040af8e41b,2026-08-25 16:47:15.030092+00:00,H,False,-1.0,4.33,4.33,0.0
80780a7e9c1aa0c3f2c07bc2f5d3289149abc6d01fbff327f3a63af0fd473f8c,2026-08-25 16:47:15.030092+00:00,H,False,-1.0,4.1,4.1,0.0
de20b6e8d6b70aeedbcaf3683d3085c1ab1dd649c54c514e899efb7b77dd6c8a,2026-08-25 16:47:15.030092+00:00,H,True,0.73,1.73,1.73,0.0
f8d0ae6b4f259f587809a13a1ec3287a627b70e7f8adbbef70b808e375361d0a,2026-08-25 16:47:15.030092+00:00,H,False,-1.0,12.0,12.0,0.0
7a83f0ca8da880c38567a19c162889a8c364b231689ca99c85c02333069cff1b,2026-08-25 16:47:15.030092+00:00,H,False,-1.0,5.5,5.75,0.0
46a0ee8ba781238cf710b4727cd2120c03b8fb168b871d0c8a08a5b6fe6bab32,2026-08-25 16:47:15.030092+00:00,H,True,0.26,1.22,1.26,0.0
e0435aa58908aaaedcace4898c3ec65a354f7ec75fca184420aee705dee457aa,2026-08-25 16:47:15.030092+00:00,A,True,4.25,5.25,5.25,0.0
61c77fda28499a6039b261a87a8f1a041cd8c14620da6be5a70461597f2cde53,2026-08-25 16:47:15.030092+00:00,A,False,-1.0,4.2,4.4,0.0
6fe67f5493838aa373fab2ca059ab002d9ac7683f5039550b036bc9e4dbd7905,2026-08-25 16:47:15.030092+00:00,A,False,-1.0,1.6,1.6,0.0
f5f1ddad80289b3354e0e2f2b3fb3b0666bd5707df1222ac2717bef2c0966326,2026-08-25 16:47:15.030092+00:00,A,True,0.6100000000000001,1.6,1.61,0.0
2e4482d40ba3431d03cd461bccd3ab25c70d9df2dc5236c7a1aebad2d2abf147,2026-08-25 16:47:15.030092+00:00,A,False,-1.0,4.2,4.33,0.0
4a601dea24833f6f32acfde0337767ea6e70d3dbe92330ad62a854fe1f467db8,2026-08-25 16:47:15.030092+00:00,A,False,-1.0,5.25,5.25,0.0
536d053f17211a542452c05048541b326aaa59e07d8cf79353f51759181c70ff,2026-08-25 16:47:15.030092+00:00,D,False,-1.0,2.63,2.63,0.0
60ea2347e3e4e6ad1016e3d4b2a7d042251128fd7396cf4072de40da77dbeaed,2026-08-25 16:47:15.030092+00:00,D,True,2.6,3.4,3.6,0.0
2a63fae382877d4e51c10fa0b593e32f800875f33ee6b73f29c8a3a1bfcacf03,2026-08-25 16:47:15.030092+00:00,D,False,-1.0,2.63,2.63,0.0
5a122d4d8e0f9b88e0c01f996e895aa12542ea4645050ff2e125f5c70e9ad3d9,2026-08-25 16:47:15.030092+00:00,D,False,-1.0,2.3,2.3,0.0
d66ced7a747aa074e2f95e3876dbbb2bedbc5a5c92ef978fbddcb13552f41fdb,2026-08-25 16:47:15.030092+00:00,D,True,2.6,3.4,3.6,0.0
7c8fd4deb0a44a6302319f2544b395c68d165d56ef08d59110d618e419ad1c0e,2026-08-25 16:47:15.030092+00:00,D,False,-1.0,3.1,3.1,0.0
914760286fefecff024ef6ec42f92da2742722c6762024c4d0c2442066c4a130,2026-08-25 16:47:15.030092+00:00,H,False,-1.0,3.3,3.3,0.0
c82b3e0c709d3667d32fab4215b8ce48757544f2e98d4cea02ee3376d72ede8b,2026-08-25 16:47:15.030092+00:00,H,False,-1.0,3.5,3.5,0.0
1c91f2097e138e76c47bdcb9867bd9001fee49d87ebc8efcb07d8e9ae2e48c79,2026-08-25 16:47:15.030092+00:00,H,True,1.15,2.15,2.15,0.0
9ddf5b60857f296a140dbf881d90ce95e01dffbdc8a6618cde8d1cd053ca3a2d,2026-08-25 16:47:15.030092+00:00,D,False,-1.0,3.4,3.4,0.0
379102bbffc20498b16addd353760753c950b6e7ce07447d6db2645cedfb10a3,2026-08-25 16:47:15.030092+00:00,D,True,2.6,3.5,3.6,0.0
b4e1bdf20841b604ce42a0bcaa1a5b4ed3db308cf4be8a5be7db10e99b6e4652,2026-08-25 16:47:15.030092+00:00,D,False,-1.0,2.1,2.15,0.0
5a58a650ebd1c2acc74847eb8f211f2066a25b8cf9b9adf3501b74e75c4c8e8c,2026-08-25 16:47:15.030092+00:00,H,False,-1.0,5.25,5.5,0.0
a807327042b7aece05c17127b7db16b826df8284367b67bb120efbb705fe8949,2026-08-25 16:47:15.030092+00:00,H,False,-1.0,4.5,4.5,0.0
ab85ec3ddd1a68599a814514bb90058c30b409e49888c57506d8fbd0ce6a5992,2026-08-25 16:47:15.030092+00:00,H,True,0.5800000000000001,1.55,1.58,0.0
91804ac0fb9816b6063e10fd7d60ddd06bdebefbd767deb51d5d20b29cfbc406,2026-08-25 16:47:15.030092+00:00,H,False,-1.0,2.75,2.75,0.0
c1d2eb0e425c0883bdca43522b5282eb9beedd59183f6d2ed5d065f43c886cab,2026-08-25 16:47:15.030092+00:00,H,False,-1.0,3.7,3.75,0.0
ac9f09f7fe018ff9597180dd6aeaedaa958800fe6544fd7e347f59951399423c,2026-08-25 16:47:15.030092+00:00,H,True,1.4,2.4,2.4,0.0
fcdcde7fa84baa8319e228a0b87cf2f36364d89bf09cf956208c28ce9b0e61c0,2026-08-25 16:47:15.030092+00:00,A,True,2.1,3.1,3.1,0.0
e647aad83bf34362d2e50c959fa7001101303223e137b1666a856cf0da90114a,2026-08-25 16:47:15.030092+00:00,A,False,-1.0,3.4,3.4,0.0
a9bf02a8a39bfcaf2bf3de1b01a56008e0f4f4990231e8fe60e8cad8d2128d89,2026-08-25 16:47:15.030092+00:00,A,False,-1.0,2.3,2.3,0.0
8cb6d86a0eae7dd3ebd27ccab48292b963ed7d86e44c772f56acd0c1ac77467d,2026-08-25 16:47:15.030092+00:00,H,False,-1.0,2.63,2.63,0.0
5870dae7b4a86d215dee6a05737c81e86a4b7bc022a3e359d504fcf1f0084241,2026-08-25 16:47:15.030092+00:00,H,False,-1.0,3.3,3.4,0.0
4ffb748f7d9f8078fb19172a66bb935d957745f7285f13f9cf5791303ba0ca6a,2026-08-25 16:47:15.030092+00:00,H,True,1.7000000000000002,2.7,2.7,0.0
44e52272571c787bfa8b4041ffbd09866befd4232056491a2f92836686af1688,2026-08-25 16:47:15.030092+00:00,A,True,1.5,2.5,2.5,0.0
f85e80738cb6543541e0b288d28058ba47579a677d6be397ba68f43c06194070,2026-08-25 16:47:15.030092+00:00,A,False,-1.0,3.4,3.6,0.0
9a0d68d86adec09934666dff0d54ed5d5f84a3c6cb9175ba64bee7d7f17c3dc6,2026-08-25 16:47:15.030092+00:00,A,False,-1.0,2.8,2.8,0.0
485302544273410b5d7d248197e471b5a2038fd8aba7a5644cd63800f82ce2ec,2026-08-25 16:47:15.030092+00:00,H,False,-1.0,1.36,1.38,0.0
f4725297e44327d7c9a41bb9803a054b41866d2bc715e1bdadd58514743d1bfc,2026-08-25 16:47:15.030092+00:00,H,False,-1.0,5.0,5.25,0.0
7902f2a981775219d3f7226fd0ea4faa8c4cb50513e9af14dc8fec700af5cca2,2026-08-25 16:47:15.030092+00:00,H,True,8.0,8.5,9.0,0.0
f8698a626c566011f245d43836716e17d8e9afbe250266ce680e1b5c66dff604,2026-08-25 16:47:15.030092+00:00,A,True,0.29,1.27,1.29,0.0
45baf555c937e055e5ee624a639333f3fed0b258231010bc3a3f7e5884c5e644,2026-08-25 16:47:15.030092+00:00,A,False,-1.0,5.75,6.0,0.0
598eb2ecc5e0ac34f45d07ed04480500157815e52fa8c0751e5af1faad54f9da,2026-08-25 16:47:15.030092+00:00,A,False,-1.0,11.0,11.0,0.0
ccc51fd4ff2f8bae8159231b712cdeb4bc6d7aba4e6dee0cea29de88abb0a360,2026-08-25 16:47:15.030092+00:00,H,False,-1.0,8.5,8.5,0.0
aeff74c08b743b375303a01a2d790e33087bc2b8901b3a61838330674c0759cd,2026-08-25 16:47:15.030092+00:00,H,False,-1.0,5.0,5.75,0.0
a5e326672ef35aeb43b4a94ad56063c623cb2c6fbee876e6d550a15018c16652,2026-08-25 16:47:15.030092+00:00,H,True,0.3799999999999999,1.36,1.38,0.0
c002344ecae685c02ea01f578e1823bc75382327a121e23bce1ece20b0ddc992,2026-08-25 16:47:15.030092+00:00,H,False,-1.0,3.0,3.1,0.0
b026ed8934735ca02ab697d83ba87f3958505598ea98d9a93d82f7b0d0f68b9b,2026-08-25 16:47:15.030092+00:00,H,False,-1.0,3.6,3.6,0.0
d737f3ff8f732b0ad06b6491f8d551b919ca7b42fc4765742d9fe1e3d0474a54,2026-08-25 16:47:15.030092+00:00,H,True,1.25,2.15,2.25,0.0
5ea4ca24cc7007078d05715494c5a670d4511b71b38336a6412f25c1b51da1d7,2026-08-25 16:47:15.030092+00:00,H,False,-1.0,6.25,6.25,0.0
ecb9879d27d59a7c18e3ec9c560f928a879cfd0131ef6025b14a3695f43edf92,2026-08-25 16:47:15.030092+00:00,H,False,-1.0,4.5,5.0,0.0
8d3568f9e9e5fc121eac5c90ecc185b46d417f75f6c73db3fa5c4ee5ce7fdf9d,2026-08-25 16:47:15.030092+00:00,H,True,0.48,1.48,1.48,0.0
ad990ca40524887136d9b050e4878817c9730a50dcbf16683545a653d338c9b0,2026-08-25 16:47:15.030092+00:00,D,False,-1.0,1.9,1.9,0.0
916b7de05ab3d1d902e58a722a86a3bd87dc0e625de7c806256fa393cadf92f1,2026-08-25 16:47:15.030092+00:00,D,True,3.0,3.8,4.0,0.0
68d5bd71920b941f6e31315d1d071d3a495c7d595911dd778f65b8343452d553,2026-08-25 16:47:15.030092+00:00,D,False,-1.0,4.0,4.0,0.0
c43b30724488922a6dd37ee9cc702fdac4240441cb701ef8570798566784aa0e,2026-08-25 16:47:15.030092+00:00,A,True,0.71,1.7,1.71,0.0
e1e60c01836edff301fa66df544718e36d232d7088c57facd831a52776116f6e,2026-08-25 16:47:15.030092+00:00,A,False,-1.0,3.7,3.75,0.0
f10b2d2e6c9d6762cacaad8af0bac44560cc5918f8fba63f87fc32013fbf8490,2026-08-25 16:47:15.030092+00:00,A,False,-1.0,5.0,5.0,0.0
68ab21727ef297060954c6a0df018f421cf53d46de37174f1ab711d0896a092f,2026-08-25 16:47:15.030092+00:00,A,True,0.91,1.91,1.91,0.0
efa0fdb9460f7598925875c9638608d8a8a27bea5e85c653b6c342f8e0f5eec5,2026-08-25 16:47:15.030092+00:00,A,False,-1.0,4.0,4.0,0.0
85e8ecabad29a869086955f95e9c3d60086580a3342014fe2de46fabd267af94,2026-08-25 16:47:15.030092+00:00,A,False,-1.0,3.6,3.75,0.0
d491a28e9a7f80f9301909d5aed248b676e43e556d020e0c57f59de0871db268,2026-08-25 16:47:15.030092+00:00,H,False,-1.0,4.75,4.75,0.0
8628aab138933448a18d5e6d8b69487c686369904c0c8080370fbf1ab86c78bc,2026-08-25 16:47:15.030092+00:00,H,False,-1.0,3.8,4.1,0.0
50029d16d3a27069ea9315af4912b5f0fffdbcdbaebf6ff07161d52a646f03f7,2026-08-25 16:47:15.030092+00:00,H,True,0.75,1.73,1.75,0.0
eba9e0cc120347dd89e201c3543277b92539d6886289f8240796635e8b231f65,2026-08-25 16:47:15.030092+00:00,H,False,-1.0,3.6,3.6,0.0
35cb44297216b1f147fbe54b64e53c2e7afdafc4d3d1d49f1457a46fd8c94e7f,2026-08-25 16:47:15.030092+00:00,H,False,-1.0,3.2,3.4,0.0
93a78b699b023e466815a5d312dea643993e507c86de688894cdd854c43bd27d,2026-08-25 16:47:15.030092+00:00,H,True,1.1,2.05,2.1,0.0
75888b506a100be75f8e8e75ace1d0a5db4723669ed572b27bd8661a6706ff48,2026-08-25 16:47:15.030092+00:00,H,False,-1.0,2.7,2.7,0.0
b8817f5179e46c34303b12d8ab71fb408801dd164d0e282d60d4013cd9b8eff0,2026-08-25 16:47:15.030092+00:00,H,False,-1.0,3.0,3.1,0.0
f13254bc5b0e6e476fb702ee69ec5dfde40615087135da97985412e971a15680,2026-08-25 16:47:15.030092+00:00,H,True,1.7000000000000002,2.7,2.7,0.0
22d8e7d94f00d756b997a422d05e67628b9eaf76c7f1651ad1d92c66e8ad2a06,2026-08-25 16:47:15.030092+00:00,H,False,-1.0,9.0,9.0,0.0
bfcc3e54d97f444bd59361261ee356d076feeae9fea1e3ddfd29afbebfbdf416,2026-08-25 16:47:15.030092+00:00,H,False,-1.0,4.5,4.8,0.0
3912bb38f59a80596cad2698133e646b019f53ccf62c1f63eb70aac5b0ea5a23,2026-08-25 16:47:15.030092+00:00,H,True,0.3799999999999999,1.33,1.38,0.0
1f60a67d2d910ebb81fe28249a72c51f375c012c999dd0775d97174479a7dcb7,2026-08-25 16:47:15.030092+00:00,A,True,0.95,1.9,1.95,0.0
90019a4f9d02036484f03cefd5d038e4da0b3aa86a8f5a2131ff1bd1274f052a,2026-08-25 16:47:15.030092+00:00,A,False,-1.0,3.8,4.0,0.0
9149adcaa7d55bcd237099914131e743294c3d432476a3ee1ef4da0cd1ff92a8,2026-08-25 16:47:15.030092+00:00,A,False,-1.0,3.6,3.75,0.0
c08a51bf1181f639849fc9a816fcda308fee912190df9594a98e3b07b448a855,2026-09-01 19:20:48.968239+00:00,A,True,5.25,6.25,6.25,0.0
cabc23dd2035aabb2b58f6b0c2f1e0eff551ca00fb0ef0c93ca87418279815ee,2026-09-01 19:20:48.968239+00:00,A,False,-1.0,4.75,4.75,0.0
ff80c4a2856d4985d0f2891e067f4aca9519667282525edad1dafc43ba49e6a6,2026-09-01 19:20:48.968239+00:00,A,False,-1.0,1.45,1.49,0.0
dc370a841a94ee82ec45026ad3ba188604a4b9d094861f14932de02b410f06e5,2026-09-01 19:20:48.968239+00:00,A,True,0.7,1.67,1.7,0.0
e3a5ae1394698fbea08123943400957f90a692d19666e31205eb185a51966ffb,2026-09-01 19:20:48.968239+00:00,A,False,-1.0,3.9,4.0,0.0
75ea57cd5c10225b30d45dbb105120cd7895fb0352a6dade8a4a4865761e6b0a,2026-09-01 19:20:48.968239+00:00,A,False,-1.0,5.0,5.0,0.0
9b339606d64039fb09cb66c32ea86d2b8180a088b2a3cfcac6b64c786f49c4a8,2026-09-01 19:20:48.968239+00:00,D,False,-1.0,1.7,1.71,0.0
57bf4fcd979726a2848c74dad3feb626dc8b4fd23f66cb77b65eb343a88b0ef7,2026-09-01 19:20:48.968239+00:00,D,True,3.0,3.8,4.0,0.0
17fd851914b0216c3090a67051180ac0d6ee3987898236607ece0688c7c63ab3,2026-09-01 19:20:48.968239+00:00,D,False,-1.0,5.0,5.0,0.0
358ddc40a71a0eb9efb621ed5eabc9ed0d0cfd48a781410efa9f1266f90529e5,2026-09-01 19:20:48.968239+00:00,H,False,-1.0,2.05,2.1,0.0
5e40cd101cb9e354f5942d6bc535205196c134cd63a679050e10a2537882936e,2026-09-01 19:20:48.968239+00:00,H,False,-1.0,3.6,3.7,0.0
2c496f59c586abf673872c9af7484ed12d39c292febac24adb11718f3eda496e,2026-09-01 19:20:48.968239+00:00,H,True,2.5,3.5,3.5,0.0
a850379f6d0b6fcd3793455d3862bb05af5f40486f7fefcbee21208ff0a252a3,2026-09-01 19:20:48.968239+00:00,D,False,-1.0,2.63,2.63,0.0
a1e0be66ca0b0b5d633af22a890264a21966eaf7028fbe599442c898d8584126,2026-09-01 19:20:48.968239+00:00,D,True,2.4,3.4,3.4,0.0
5152402167209bec3c01dd6b9146342aeeee5eee526b98376bfbab23678f6386,2026-09-01 19:20:48.968239+00:00,D,False,-1.0,2.63,2.63,0.0
7c185551ecccbd649c9af500387e675da3e00fc66151ec8c5ecf9a8e9fb32c65,2026-09-01 19:20:48.968239+00:00,A,True,3.5,4.5,4.5,0.0
99cd267fab6d46b074c86c3ff8f8d689fed941912aad51675e352ee7a7611df6,2026-09-01 19:20:48.968239+00:00,A,False,-1.0,3.6,3.6,0.0
8ae168b29be1a9db61632b1b6f7e99660489beeff98e4eaae9ac2d06530bcd29,2026-09-01 19:20:48.968239+00:00,A,False,-1.0,1.8,1.9,0.0
c45ec372d78d3c7a0bc578a9c3af7167c170cdd703711996e8e58e2106feb021,2026-09-01 19:20:48.968239+00:00,D,False,-1.0,7.0,7.0,0.0
8388a597225ff9e76c1464f919bc3d9980ae861757987f9a3762dd34d62c18de,2026-09-01 19:20:48.968239+00:00,D,True,3.5,4.5,4.5,0.0
32aeefadc7c46a9a57bb146eb0fdc6f9a2b569b64c25dadd709c9560251fd6df,2026-09-01 19:20:48.968239+00:00,D,False,-1.0,1.44,1.5,0.0
881e9b50e099d0024f1033b0dcda486cae3d68755d6ba076d599e07879d7ce2c,2026-09-01 19:20:48.968239+00:00,H,False,-1.0,2.63,2.7,0.0
c8ae54821377ca192e2486a3f5216004843f0cb4bd11fe83d7f37368e563eb2f,2026-09-01 19:20:48.968239+00:00,H,False,-1.0,3.8,3.8,0.0
947463f3112bd64c62105a3555e6c70ba7d009aae40526bd40de665ac3931a1c,2026-09-01 19:20:48.968239+00:00,H,True,1.4,2.4,2.4,0.0
b5488b0330f6727ef440357e23fa81ca778248abd315e5758001ef1c4cc06a7b,2026-09-01 19:20:48.968239+00:00,H,False,-1.0,7.5,7.5,0.0
2ca6ae8b82efe1da73af9df6efe9c80018a1dd7cd02a7fed37b83197afbeebfd,2026-09-01 19:20:48.968239+00:00,H,False,-1.0,5.0,5.25,0.0
0ec919bb696b7faed0f4a6ec4d6516a1a2ffbcd229f237f0be42e529aaa20153,2026-09-01 19:20:48.968239+00:00,H,True,0.4099999999999999,1.4,1.41,0.0
f9b9872df3ff4d80a2367b3a2dc68815f7ed5b97cd781bfee9fee97963cd8651,2026-09-01 19:20:48.968239+00:00,A,True,0.7,1.67,1.7,0.0
84600c3c2990db1e1e85b15addf6de797bc0eeda11c548cac1de02b46ece110a,2026-09-01 19:20:48.968239+00:00,A,False,-1.0,4.33,4.33,0.0
582d1f5a32688324c575db96be97bc961dcf6565c202dcc437309aae6e6ff016,2026-09-01 19:20:48.968239+00:00,A,False,-1.0,4.5,4.5,0.0
e1a7c5c422e78db2f851664bc52dff34aec988e7b2df209b44f4e92bd2b0ca9c,2026-09-01 19:20:48.968239+00:00,A,True,3.1,4.1,4.1,0.0
d9d1e9d68a3ed984cc813e4f5ad1ff439f787077ba70f07da9a539d20d0d6d10,2026-09-01 19:20:48.968239+00:00,A,False,-1.0,3.5,3.5,0.0
1b579b5571bbe8605cdafb9720d20ed0bfdabd40d66201dbe5c21aa86efce3bd,2026-09-01 19:20:48.968239+00:00,A,False,-1.0,1.95,1.95,0.0
ded1c6559e9b4bfa4ca21ab8d6225bd5087d5c90c155d2ce1bfe7573f89a5d64,2026-09-01 19:20:48.968239+00:00,D,False,-1.0,5.75,6.0,0.0
e1d1980011145b040f7270417f86cb1e5b6644c91e20fa66412a4d0c23687f22,2026-09-01 19:20:48.968239+00:00,D,True,3.6,4.5,4.6,0.0
ac196c67f8e722c405b3d7a591062c89383627a442972de164903b8b48418b96,2026-09-01 19:20:48.968239+00:00,D,False,-1.0,1.5,1.55,0.0
aff6a6863666b82d586088cd1d15ea6f24cdf6c8cd8af5b9eca955088cf0c321,2026-09-01 19:20:48.968239+00:00,D,False,-1.0,3.6,3.6,0.0
3e351523d5b0341a300a78e467205ee5ed24e33153e324fbef2b52f07d354ecb,2026-09-01 19:20:48.968239+00:00,D,True,2.6,3.5,3.6,0.0
35ec92f996a3d37dd8fe643d703096b327d0277a234075e9a8a762157432ada9,2026-09-01 19:20:48.968239+00:00,D,False,-1.0,2.05,2.1,0.0
1565b3f3a2664924aaa067679a6c9868c532cf0d950f22adc8025d1924444bf1,2026-09-01 19:20:48.968239+00:00,A,True,1.9,2.9,2.9,0.0
f6595bee5580b03fd1faceb861e71c68fee6d178c06a40ae3adf3437058626d0,2026-09-01 19:20:48.968239+00:00,A,False,-1.0,3.75,3.75,0.0
b79011ca8846c8042d5d22cf17e3819df2988b1d04c5d74de93ca9a318599cf8,2026-09-01 19:20:48.968239+00:00,A,False,-1.0,2.25,2.25,0.0
d38ded1eeceef499f8872eabc5bd402e7aed2a700c0cb4eed8b4b81e6af35a1e,2026-09-01 19:20:48.968239+00:00,A,True,0.3600000000000001,1.33,1.36,0.0
35069e2c8d84312477444703d63add02a911cd91e85b3a42f991a8bf3626652e,2026-09-01 19:20:48.968239+00:00,A,False,-1.0,5.75,5.75,0.0
9325f5fbc8f8cb69dc53ee02ba75806ffd1d051f309829a550bae5f29c049594,2026-09-01 19:20:48.968239+00:00,A,False,-1.0,7.5,8.0,0.0
cf002f20ce5f2798f3cc4431c08314611e7cd83fd77dde02a10f9d5db1791d4d,2026-09-01 19:20:48.968239+00:00,A,True,0.5800000000000001,1.57,1.58,0.0
6a5fb7ac37aa4e6165d8b1feb51a75fa62a734e4fa990c82a0fc7e2b3b05667b,2026-09-01 19:20:48.968239+00:00,A,False,-1.0,4.5,4.5,0.0
26a6f76a6ef01c645e0520508c203418d71142025b8c5cefc45db5df533ae7fe,2026-09-01 19:20:48.968239+00:00,A,False,-1.0,5.0,5.0,0.0
14d568e6c69d5c8fc1999c2759151497235909aad217d32bcc7b8576f329a096,2026-09-01 19:20:48.968239+00:00,D,False,-1.0,1.75,1.8,0.0
16b0f40028f9f8b92592b3133437ef9c31fdd6ff7600032ae085741f7a1e83e6,2026-09-01 19:20:48.968239+00:00,D,True,3.33,4.33,4.33,0.0
e445063e8cb37dcae2d5abf45df8aead48811d064f9eac132e7ffffcb8ce2950,2026-09-01 19:20:48.968239+00:00,D,False,-1.0,4.0,4.0,0.0
1c242433c3bbbf2036d3c98b0fe9786b47864aadf9cc07633b5c758acca1f084,2026-09-01 19:20:48.968239+00:00,A,True,0.6799999999999999,1.67,1.68,0.0
3f6f44038816353e281b79686f6303b80f9bc6441ac47e490d9613dbcc17725e,2026-09-01 19:20:48.968239+00:00,A,False,-1.0,4.33,4.33,0.0
b088594380e8e68d77abc388024dc6e7fc7d570a3db889f39e12cab1a104c18e,2026-09-01 19:20:48.968239+00:00,A,False,-1.0,4.5,4.5,0.0
7f19664586fac59b653198e364db14a48c8dbf14d4e9571f4e02cc99f918aa52,2026-09-01 19:20:48.968239+00:00,H,False,-1.0,4.0,4.0,0.0
3fbe515577286f9a00e48b5415616c14d8ea636306ac50435ae823fab8da5b39,2026-09-01 19:20:48.968239+00:00,H,False,-1.0,4.0,4.0,0.0
e324e26365e5522291eb42c1539bd876102df57d1897965c02ca6986faedb3b0,2026-09-01 19:20:48.968239+00:00,H,True,0.8300000000000001,1.83,1.83,0.0
4e0d7f602dd3e5a95f4a7ec2a7e697bf5303c7fb190b4518b72d4bdbc737c87e,2026-09-01 19:20:48.968239+00:00,D,False,-1.0,2.7,2.7,0.0
50afd739ad9863fda05b279775f57f21b4e84576e6385a449631ad5547ea87c4,2026-09-01 19:20:48.968239+00:00,D,True,2.5,3.3,3.5,0.0
092c9162df1a889b9e9cc653569b529208a5a3eb2002e510969fdd7d9131f8f6,2026-09-01 19:20:48.968239+00:00,D,False,-1.0,2.6,2.6,0.0
63489be817a61cad58eb010f26633fa559e3ef657a41a6ca162dac79b9ec99a0,2026-09-01 19:20:48.968239+00:00,H,False,-1.0,3.1,3.1,0.0
4c3eedc49fe719ca6f0b6637ffd4a807409359aec23bc6f535c3a6b94406c939,2026-09-01 19:20:48.968239+00:00,H,False,-1.0,3.2,3.4,0.0
a2e679960b6c9d082667ec9b8a39fa515eaa2baf52218d90060f37c20a4445d5,2026-09-01 19:20:48.968239+00:00,H,True,1.4,2.4,2.4,0.0
a4ef6e3a106c98ef07556539aa2d276f82cea5c148823def2a67d0409e291385,2026-09-01 19:20:48.968239+00:00,H,False,-1.0,7.0,7.5,0.0
364fc378cd32bb74ce8d22914a6ef57bfc117244dbc03c17af1f410ed48a378f,2026-09-01 19:20:48.968239+00:00,H,False,-1.0,5.0,5.0,0.0
869568639272bfb011fd8751f0fde4cd2b3a2f865d5bd0f84eda2957d9ee5391,2026-09-01 19:20:48.968239+00:00,H,True,0.4299999999999999,1.42,1.43,0.0
d20e172691b2ebee56db923d0d392a2661c7247c041c30345b9d57a329898e38,2026-09-01 19:20:48.968239+00:00,D,False,-1.0,15.0,15.0,0.0
ad3563c4e5fbdff56562d74ecdd9621049c012668cdc9e384fbdb6d49b5f9108,2026-09-01 19:20:48.968239+00:00,D,True,7.5,8.0,8.5,0.0
2540c51edc3df999008d3a62d5bbe183415d2f0e25f69ccea1834a3aa2eeac96,2026-09-01 19:20:48.968239+00:00,D,False,-1.0,1.17,1.18,0.0
0137d6611df2ce3ad7f80189002509426a5c7706d94ef032fe28990abe284b06,2026-09-01 19:20:48.968239+00:00,H,False,-1.0,2.75,2.75,0.0
b70359f3650a464bc3d45f62e3617e98e77ece3a7eda3e7d1fd8a45e5469c133,2026-09-01 19:20:48.968239+00:00,H,False,-1.0,3.7,3.8,0.0
8b9e00164804ccba4cffd1e90abee5d977a7aa460e513f83e0c360c2a1c3607c,2026-09-01 19:20:48.968239+00:00,H,True,1.4,2.4,2.4,0.0
2f2e89849196af75d939f1c2c4828f5b77639891e3ff1fa3075a99a93068afd5,2026-09-01 19:20:48.968239+00:00,H,False,-1.0,3.8,3.8,0.0
0c96ab4a7d14823bed3db3cb403e8efc25a7e23ae1c9f212fe8ef54eb293d6c3,2026-09-01 19:20:48.968239+00:00,H,False,-1.0,3.3,3.4,0.0
b83c99c93ec523769cf6e35d2b88c8ba32ae3e6c3b5d968020ae1d3a1394afb2,2026-09-01 19:20:48.968239+00:00,H,True,1.15,2.05,2.15,0.0
82f760c3e81d2812bd26a92544992150daed382d1eae4f2ebe7c9c3144506c2f,2026-09-01 19:20:48.968239+00:00,A,True,0.6299999999999999,1.62,1.63,0.0
3f6be97323420f0ad6db90b15ed6f9a04ed4c810d73eca3714f3128a41e85aa1,2026-09-01 19:20:48.968239+00:00,A,False,-1.0,3.75,4.0,0.0
1464b24a7fcaf73f8871aa1dc18f6b60c312d82097e55560d60567d2dd07c6f8,2026-09-01 19:20:48.968239+00:00,A,False,-1.0,5.0,5.0,0.0
9f98ff3a9b129fa3975f3495ac1c0d5df7d0fc59021b142c6b69b1896789b2d3,2026-09-01 19:20:48.968239+00:00,A,True,0.3400000000000001,1.3,1.34,0.0
a51e380e8f64e5636b31dfe131bb9c5572341d670286710cfe6c2d1fafaf2f5a,2026-09-01 19:20:48.968239+00:00,A,False,-1.0,4.5,5.0,0.0
79ba533b4e653b596b05d0976c58db9690fa4c6f1cf12827fbe2ead2f80bf2f1,2026-09-01 19:20:48.968239+00:00,A,False,-1.0,11.0,11.0,0.0
f01d8ce04aa842f879f28576a2a71680783d3ff7401d31f5a89de60209944172,2026-09-01 19:20:48.968239+00:00,D,False,-1.0,1.33,1.38,0.0
c2ab8fb87a4ad277486eb1749eaf5051475b3f17c73ae83c22a401e808acca36,2026-09-01 19:20:48.968239+00:00,D,True,4.0,4.5,5.0,0.0
51cd4a7fb49b5329a643c2c5222543f0dca0862187bb2d1c95b9913aa726a1d0,2026-09-01 19:20:48.968239+00:00,D,False,-1.0,9.0,9.0,0.0
2d351c1aa7f22efd52ac41830864572246b9db2895ec338f2fc7fa60f5e2e96c,2026-09-01 19:20:48.968239+00:00,H,False,-1.0,5.25,5.25,0.0
5314de37db35bd61b38cd76986fc65d2b082f4a548eefa33c1a7b2c9757c6923,2026-09-01 19:20:48.968239+00:00,H,False,-1.0,3.7,3.9,0.0
a891695efc1ade7b16249a2d12a5f9031bc8abe0741769448c37d5f585cd0101,2026-09-01 19:20:48.968239+00:00,H,True,0.6499999999999999,1.61,1.65,0.0
3e892cf191d2aa85ee9bae641a2e9ec3e589ee37afcc83ca312ea4f57966635b,2026-09-01 19:20:48.968239+00:00,A,True,0.55,1.53,1.55,0.0
7b14b6954b0f30980b434a5343a0dad3fedde03b671952cbfa3f3f272a6ae56a,2026-09-01 19:20:48.968239+00:00,A,False,-1.0,4.1,4.2,0.0
f25551af966b1edb3f751d6d19d632fbf10c1d5524c342dd0aae8f72ed315cca,2026-09-01 19:20:48.968239+00:00,A,False,-1.0,6.0,6.0,0.0
18ac7d7db791331658d0e3098f86a818b4eb10d5f66c1d33ff4f1123d490b058,2026-09-01 19:20:48.968239+00:00,A,True,0.6499999999999999,1.56,1.65,0.0
97c0f9d647cc7a809563d1c3a03e8d77d0a656a07a9674a75a9c969c25227d39,2026-09-01 19:20:48.968239+00:00,A,False,-1.0,3.6,3.8,0.0
b7b75732918ecaff112d6418622d991fc7ffda53e622490bc57f14eb7a422f44,2026-09-01 19:20:48.968239+00:00,A,False,-1.0,6.25,6.25,0.0
b3e99e4ef1bc5d4dfdb9ef7bf3760acb8884663983b2dd5985949b564cb1d11b,2026-09-01 19:20:48.968239+00:00,A,True,5.25,6.25,6.25,0.0
1f1e7049c24e8743bf483a7e5d41a9ef70f8569dbf416ffac9b2f95e2c9d8808,2026-09-01 19:20:48.968239+00:00,A,False,-1.0,4.75,4.75,0.0
4a3f416150518404cc0bd5b34ee10754aa576e0ec2c4e97495cb4838b3dc8a10,2026-09-01 19:20:48.968239+00:00,A,False,-1.0,1.45,1.49,0.0
43d97f10e3e908643c380f6cb0a1640fb50d8670bda7ca6ef01587d345c6225b,2026-09-01 19:20:48.968239+00:00,A,True,0.32,1.27,1.32,0.0
81849da0daaf8bec7cd37fd1c402b0a93883a3d67124486f2051826c4fc526f7,2026-09-01 19:20:48.968239+00:00,A,False,-1.0,5.5,5.5,0.0
07e513205dc37f762eab294b424f54e3db2bd94bffa814e430376cb39c2b84c0,2026-09-01 19:20:48.968239+00:00,A,False,-1.0,8.5,9.0,0.0
2cad6000c6430121a74fc5c89c8f3c9e93ee262f3fac61407aba6d2832b733cb,2026-09-01 19:20:48.968239+00:00,A,True,0.7,1.67,1.7,0.0
46933c0b5c23bfe6ebad1ca4e074a7eb7b39905e10fe1f040510e28f5a97bb70,2026-09-01 19:20:48.968239+00:00,A,False,-1.0,3.9,4.0,0.0
632f9abf37689d9cf8335c6f28b6f83f8fd59da7b525b7cac34b76cc5ea472ef,2026-09-01 19:20:48.968239+00:00,A,False,-1.0,5.0,5.0,0.0
f3522df492e376e9b503f6c1e583b03c83bb9f765af6f44224fb46e1a39820b0,2026-09-01 19:20:48.968239+00:00,D,False,-1.0,1.7,1.71,0.0
53f894f39b24f6ddd60f273537bbc07a842d67b9dfb1847004d8280d92364a70,2026-09-01 19:20:48.968239+00:00,D,True,3.0,3.8,4.0,0.0
b004ca920f0f2b7e796c7f3ae531631932ad0c854c1f85eb72906c6eeb8ff0b8,2026-09-01 19:20:48.968239+00:00,D,False,-1.0,5.0,5.0,0.0
93da3ca59b8f16ef347ecbffe797db1605528502280743ecac94e6894ac4cd27,2026-09-01 19:20:48.968239+00:00,H,False,-1.0,2.05,2.1,0.0
c8ef42e509e19a19ba08946e4f7d0613f72f1c770f6c73aab7a98b0a66e3628a,2026-09-01 19:20:48.968239+00:00,H,False,-1.0,3.6,3.7,0.0
0d26474cc8aa40d5107377dbef175d1b8b19c39beac5ae62a2881dd0460b2f40,2026-09-01 19:20:48.968239+00:00,H,True,2.5,3.5,3.5,0.0
90e41ac9d328f4e0d1a92b144cf78818a615ef9a2615058c0d72021f142c7770,2026-09-01 19:20:48.968239+00:00,D,False,-1.0,2.63,2.63,0.0
308e022b18790a6c7f7921bfea46140a338295bc4efd19751a3671321e2fb8db,2026-09-01 19:20:48.968239+00:00,D,True,2.4,3.4,3.4,0.0
e9b9a0592319bce5b7dbf59c60b98205061c697fe1dd7591767e04044cf946eb,2026-09-01 19:20:48.968239+00:00,D,False,-1.0,2.63,2.63,0.0
d5ce6d3e9e0583d049a389d7c827b7a09cf25a70f93aa57510b5ce116d56038a,2026-09-01 19:20:48.968239+00:00,A,True,3.5,4.5,4.5,0.0
b068020583078ba4413d6f7995384496a7e19bd0aec6e3b8b1d39fcb96b542f1,2026-09-01 19:20:48.968239+00:00,A,False,-1.0,3.6,3.6,0.0
89730bbe09359f3ebac27cecbc54765c775b305079b5571d94ab8f1e3fd3a690,2026-09-01 19:20:48.968239+00:00,A,False,-1.0,1.8,1.9,0.0
2a5568dfce337da38d44adc64c8f9c41a49902e374ef3649875c7feb1fdb07ab,2026-09-01 19:20:48.968239+00:00,D,False,-1.0,7.0,7.0,0.0
4202f993dd742289f7cbafdbcf74b88c0396b3e0f52e88ce9b2c3223b3b3f3ab,2026-09-01 19:20:48.968239+00:00,D,True,3.5,4.5,4.5,0.0
d23d0ab185213b48b6e66c1491c8996a6da926efdc6404699a8fc95bc6ee374c,2026-09-01 19:20:48.968239+00:00,D,False,-1.0,1.44,1.5,0.0
91fde94279e0268fa76daa75b22a07cb1dace2168c28b7fedc4975b8d3e537d1,2026-09-01 19:20:48.968239+00:00,H,False,-1.0,3.4,3.4,0.0
c9a760f2b950f042ce2df06d3edae5e13a1388ea66aac5e1fc48a4846ca125fe,2026-09-01 19:20:48.968239+00:00,H,False,-1.0,3.25,3.25,0.0
3f738eefd6d4ae6324a878a491328b0a3122af229fb670bc8ca3957dd6d56043,2026-09-01 19:20:48.968239+00:00,H,True,1.2000000000000002,2.1,2.2,0.0
e2ff47c75f6fefb16289a6887e323beed894957bbdf37b865e772295522c8233,2026-09-01 19:20:48.968239+00:00,D,False,-1.0,2.65,2.7,0.0
9ff8ac808e2447bcb53743211225d7b8db7eda9a510f6d978f0dcd0a96ff5491,2026-09-01 19:20:48.968239+00:00,D,True,2.1,3.1,3.1,0.0
80690bf997f01065676d9cbbf4c0ff3087b26d6df8dfff6a44af6c6ec61048ce,2026-09-01 19:20:48.968239+00:00,D,False,-1.0,2.57,2.65,0.0
374de8c1c79301af2976a149915e93508897a962b9af095b3e22f8bcd7d0d21a,2026-09-01 19:20:48.968239+00:00,H,False,-1.0,2.63,2.7,0.0
01dfd326335f532f15e7f87222c5400c494805b854dc25e3e98dc2f42aa69b22,2026-09-01 19:20:48.968239+00:00,H,False,-1.0,3.8,3.8,0.0
eca1ace67aa68caf3192fe442dee545b4e417f5ee52279b9eecc1c7d24d17f04,2026-09-01 19:20:48.968239+00:00,H,True,1.4,2.4,2.4,0.0
8731866c6e85b4da9aa7b21ffb57e4784f7bf9a7cd808d2c5c6f146c30f0e0b3,2026-09-01 19:20:48.968239+00:00,H,False,-1.0,7.5,7.5,0.0
e60b305bdc6a3cf8ff61ee06d5f7ecc1f36d9b2fc10d07699559a9102d43ebc0,2026-09-01 19:20:48.968239+00:00,H,False,-1.0,5.0,5.25,0.0
0895f30fe6857bdd88146d759200ce7eb8a2e0fa03866f7db0a4eefefc837537,2026-09-01 19:20:48.968239+00:00,H,True,0.4099999999999999,1.4,1.41,0.0
8b07476c39c9635b96b2f2f83b64c052cb9457e91d1e1e53146ab5e115096e09,2026-09-01 19:20:48.968239+00:00,A,True,0.7,1.67,1.7,0.0
c420c296198366377e6ef081107713a437ff01a072553e2cc0587b9e250c774a,2026-09-01 19:20:48.968239+00:00,A,False,-1.0,4.33,4.33,0.0
8f3454a6f80ada4535ebb45540486c0dde7b366c45f300de3cd680c9d63525ed,2026-09-01 19:20:48.968239+00:00,A,False,-1.0,4.5,4.5,0.0
c9fa57f89700e877ad4b4c5460160bc6200012a6b1fb45a3bdfff4d696984aa8,2026-09-01 19:20:48.968239+00:00,A,True,3.1,4.1,4.1,0.0
b92fcf106101311ecec5bc7b1a333aa914654d1c3e4b7318d01128dee475bd93,2026-09-01 19:20:48.968239+00:00,A,False,-1.0,3.5,3.5,0.0
86e8ffa053c35207a2993177d63eb10a90e8c304382e774796f163b396f8ba42,2026-09-01 19:20:48.968239+00:00,A,False,-1.0,1.95,1.95,0.0
9f2edfc57a89a84012e61349594828092f3533eea93c5748e0dac1584b92cb85,2026-09-01 19:20:48.968239+00:00,D,False,-1.0,5.75,6.0,0.0
d238b574fdd3bf74611717f21dfb29ea79bebb78c832697cdf33338c94e13ebb,2026-09-01 19:20:48.968239+00:00,D,True,3.6,4.5,4.6,0.0
0e0b093b6abf8d80fce0e53a09f56616790a0eaed59895c37b8fb73b4eb31a8f,2026-09-01 19:20:48.968239+00:00,D,False,-1.0,1.5,1.55,0.0
d14d3b71fd67a2d701d595adf4d9fd4df072ec14314f194f36fb7101d3204720,2026-09-01 19:20:48.968239+00:00,D,False,-1.0,3.6,3.6,0.0
082acf066d3baebbe363c0448537cac5e14696cd2ce3b276cbd4bd975e9eda02,2026-09-01 19:20:48.968239+00:00,D,True,2.6,3.5,3.6,0.0
85ffeb57ce849b576d765448ae718e77f298de5d6b80eb01e8905c6e1891174d,2026-09-01 19:20:48.968239+00:00,D,False,-1.0,2.05,2.1,0.0
5a4eb5a00383c7ca7bb1c85fb78933e9c56f31a14e1ecab0a5de856676dd7d9e,2026-09-01 19:20:48.968239+00:00,A,True,1.9,2.9,2.9,0.0
f2bf7fef2ccab6f30f2e56b7dd7c6ce4b004a3c18e46e11acfa44b658e2b6c86,2026-09-01 19:20:48.968239+00:00,A,False,-1.0,3.75,3.75,0.0
7b8bc85cc0e80626a969b0e10744e6c11c7b5291ca5f390a37c7ec2429f2cb26,2026-09-01 19:20:48.968239+00:00,A,False,-1.0,2.25,2.25,0.0
01fbd48932ed9107d5e31e77da6f1737c48cf07b0fd0ec77ea0d1d2ec43ade66,2026-09-01 19:20:48.968239+00:00,A,True,0.3600000000000001,1.33,1.36,0.0
18df8885a5a36ac0049dd81eba0568a455b0ef68150b0437b269da4ae8fa0bdd,2026-09-01 19:20:48.968239+00:00,A,False,-1.0,5.75,5.75,0.0
a06758fce76abef81745c839afc5581368713a0543a5104475b8accef4bb4dba,2026-09-01 19:20:48.968239+00:00,A,False,-1.0,7.5,8.0,0.0
6946a86b3cf8bf3cb61d906c949734ab312fb3bcd22e7bd3e9ac6d92e85970e3,2026-09-01 19:20:48.968239+00:00,A,True,2.1,3.1,3.1,0.0
9a0fdfd2afefba087b0417deddfbb1385df7682909ed27995f48be6b71acc791,2026-09-01 19:20:48.968239+00:00,A,False,-1.0,3.1,3.1,0.0
d8667d11b30bc2860d7ac58edebab1c8ceb7da22a7ee1f20dcaf1810ae7a6a17,2026-09-01 19:20:48.968239+00:00,A,False,-1.0,2.35,2.38,0.0
51b2b8ea56815a8055efff166d8bf674f64e8ba5981953ef4a9a6f38e3a38621,2026-09-01 19:20:48.968239+00:00,D,False,-1.0,3.3,3.4,0.0
0a66eaf711da75e0d72b958e31525a1735fee3b8c9d7a25138d3f53532d5e426,2026-09-01 19:20:48.968239+00:00,D,True,2.25,3.25,3.25,0.0
7c8d2e7040d62ab24a0cf34d26ff21460e6041f1c274e91ba04db20f5a900cf3,2026-09-01 19:20:48.968239+00:00,D,False,-1.0,2.15,2.15,0.0
f5e5e000db1981d8e0f00bcac25c8789f36819467969f87fce03c3160a9b14ee,2026-09-01 19:20:48.968239+00:00,A,True,0.5800000000000001,1.57,1.58,0.0
9b1e23cb3c0bf4dafa1230c21a585f2f9828449c3405b2166c044b2877b46396,2026-09-01 19:20:48.968239+00:00,A,False,-1.0,4.5,4.5,0.0
738a5517543fd29eca1c787b8284b3cb693797952d0447af8ee2b78a29dfd98c,2026-09-01 19:20:48.968239+00:00,A,False,-1.0,5.0,5.0,0.0
98ae17559b33ada9f80954ea909a28a72878ee256471a7a22d4fd455d759dc99,2026-09-01 19:20:48.968239+00:00,A,True,2.1,3.1,3.1,0.0
71918642f1eb78ce17cdc5b1144d7e5b08f66b4d6975d8d67cbd93272808541f,2026-09-01 19:20:48.968239+00:00,A,False,-1.0,3.3,3.3,0.0
7530da0916721fc0cee9ab2c67c8bfdb6f8a3c66119a87b5228db761fbdcec11,2026-09-01 19:20:48.968239+00:00,A,False,-1.0,2.3,2.3,0.0
5f3fd277552234de74df988f550fac1e6e93da29d76596c10777038ef603a8ff,2026-09-01 19:20:48.968239+00:00,D,False,-1.0,1.75,1.8,0.0
079b4039871404e2beac348894be7a38ac66491880a47ba59ca6b7b732c0d5a6,2026-09-01 19:20:48.968239+00:00,D,True,3.33,4.33,4.33,0.0
32b1a86cddd1bff0091f8b2891eeba10391ea8de89f0eb3334b8f5d76472a82b,2026-09-01 19:20:48.968239+00:00,D,False,-1.0,4.0,4.0,0.0
e21e42a4aac5ade141383572131f4d3c49e3cdb05166c296f7acac808081bfc9,2026-09-01 19:20:48.968239+00:00,A,True,0.6799999999999999,1.67,1.68,0.0
ca633533c9c89500d7b08ce74322de198b994df6b9a1c69f723572098f1bbf2a,2026-09-01 19:20:48.968239+00:00,A,False,-1.0,4.33,4.33,0.0
a849a7e0ef3cb051cc0de2d70f15d3631d99ea348f69d224778c24a4b381d0cd,2026-09-01 19:20:48.968239+00:00,A,False,-1.0,4.5,4.5,0.0
b0a0f5d5d25e085f4c7a0e8b2134ba7218c4bfa0f70c18c00197917b3c5bd0b9,2026-09-01 19:20:48.968239+00:00,H,False,-1.0,4.0,4.0,0.0
67d05981e2b8729be5e5e40856c9ebc99f901dd2b19ec52aa2c26cf445271bbf,2026-09-01 19:20:48.968239+00:00,H,False,-1.0,4.0,4.0,0.0
1171212e7b1cf7eba6677d1e5d86ef43dd7ab9055f5e277106110e58d93ae220,2026-09-01 19:20:48.968239+00:00,H,True,0.8300000000000001,1.83,1.83,0.0
51d3b4dd03cd379cf8474e2f924fa56d09e25f4df7f74b0735a608661009f504,2026-09-01 19:20:48.968239+00:00,D,False,-1.0,2.7,2.7,0.0
6f9f9b233a91949240ca772375718fca49070adec3de96c564efdc02a23a1e1c,2026-09-01 19:20:48.968239+00:00,D,True,2.5,3.3,3.5,0.0
500263238dbf46c77a6b139a6f641cd0064ed5200224ae3476485281d978fc24,2026-09-01 19:20:48.968239+00:00,D,False,-1.0,2.6,2.6,0.0
caf93103b23b884420899e81d8f9b50baf899860218d29a318e4bafea04dffbb,2026-09-01 19:20:48.968239+00:00,H,False,-1.0,3.1,3.1,0.0
5c79e032ab9775a1849ba79f2a16c0f4b71a98b879197083f69b180f9df6db12,2026-09-01 19:20:48.968239+00:00,H,False,-1.0,3.2,3.4,0.0
90ba04b402a1e78ee973cb919ac325398baf6ff8ace22c6db27ff8ac6e1ed0bd,2026-09-01 19:20:48.968239+00:00,H,True,1.4,2.4,2.4,0.0
ffc7f5a6a262a1a630f311cc220bc8e0b2291c33cbe27d026ad3c69450857073,2026-09-01 19:20:48.968239+00:00,H,False,-1.0,7.0,7.5,0.0
499aebbc6c1ec51d5a0ccd5b2069a6a1303ca028263fd2845856d2feaf0a53a4,2026-09-01 19:20:48.968239+00:00,H,False,-1.0,5.0,5.0,0.0
e0bbe44d2cdef361c60a0ff266c7ddda99a79dfb1ac5e4b395f5419bcec18dfa,2026-09-01 19:20:48.968239+00:00,H,True,0.4299999999999999,1.42,1.43,0.0
b801263d3054dda23b1c718f8c7ef14ae07952baa32216fb761089c1e4d1d965,2026-09-01 19:20:48.968239+00:00,D,False,-1.0,15.0,15.0,0.0
24d2dbbabaac4f337f0d1e8742dbdb847527509ff93944debe520b989ee236fa,2026-09-01 19:20:48.968239+00:00,D,True,7.5,8.0,8.5,0.0
7ee9c9a30805aa29383d399d81ac77de0f3cfa3f634738aa645d99f774403d67,2026-09-01 19:20:48.968239+00:00,D,False,-1.0,1.17,1.18,0.0
cd2be71ab1fef6eacdb6797f9c91682ecee1dc7c6b4440fdbe943122abba9f89,2026-09-01 19:20:48.968239+00:00,H,False,-1.0,2.75,2.75,0.0
248c04a9424f9f4629051accaaef2835a74a11f0b39528ea76b971c30b088db1,2026-09-01 19:20:48.968239+00:00,H,False,-1.0,3.7,3.8,0.0
13f1561cb8b9436b8d3d1c32d81cd5b419ae89a4dfb5c9d8161586bf28e8c849,2026-09-01 19:20:48.968239+00:00,H,True,1.4,2.4,2.4,0.0
7b9d26f2de0e5e3c5a8d9b228083dd1415f29988864a9e58e941f50076dc3773,2026-09-01 19:20:48.968239+00:00,H,False,-1.0,3.8,3.8,0.0
ed8ff027aca3a4a4f0b595e2d57f70d4bb9c7720850dd843b9e59c42e3cd2820,2026-09-01 19:20:48.968239+00:00,H,False,-1.0,3.3,3.4,0.0
0aae0e5fdf0400739c87f7f7f2a195ed108e17c85ab4d39a2b4f4ba5c2c57be7,2026-09-01 19:20:48.968239+00:00,H,True,1.15,2.05,2.15,0.0
cbad2431324ef475fdce4c0ceaf587b86ec20863b4aad5447c09046d09b7ae3d,2026-09-01 19:20:48.968239+00:00,A,True,0.6299999999999999,1.62,1.63,0.0
03b925de0001bb0d7ba329800412f403aa77f6a81a635a55375d4c3c6bcf19c7,2026-09-01 19:20:48.968239+00:00,A,False,-1.0,3.75,4.0,0.0
f568d37d0fafae743b47c5f53203394d7a6bd0359389d41db9236fe1596af88c,2026-09-01 19:20:48.968239+00:00,A,False,-1.0,5.0,5.0,0.0
1dab2deb9be93020de201901448447a781010bcc87ab2c807095ba53f6fecd0c,2026-09-01 19:20:48.968239+00:00,A,True,0.3400000000000001,1.3,1.34,0.0
db1e058446789c5762a4b53dc5f88a10afb108eb363c2325f9ab967961509011,2026-09-01 19:20:48.968239+00:00,A,False,-1.0,4.5,5.0,0.0
a37655ee425b1e77dd19564e036c2c6d8383d6a169eb78ce3b1f4cd2154539af,2026-09-01 19:20:48.968239+00:00,A,False,-1.0,11.0,11.0,0.0
4a33727a69d8aeb440f584557a98deb78242bc13fcf512a6c4f2da5f253508f8,2026-09-01 19:20:48.968239+00:00,D,False,-1.0,1.33,1.38,0.0
49ef15e5bebf7bb11840c4966b2a96943edddc2c91e31a496c114ace8c76a75d,2026-09-01 19:20:48.968239+00:00,D,True,4.0,4.5,5.0,0.0
ecc9f0270b56998baac298eea841ad1bdf606d0ae00f7ecb97b8ada31c976baa,2026-09-01 19:20:48.968239+00:00,D,False,-1.0,9.0,9.0,0.0
bc2b7ab42729ba79250a54be3ce9253254493660835e7f94f63d1a00bd00dd7d,2026-09-01 19:20:48.968239+00:00,H,False,-1.0,5.25,5.25,0.0
c9d3652e7cbb9922b91f7ea84a048b3bb8efce7c19467627257d1e4e6776c59c,2026-09-01 19:20:48.968239+00:00,H,False,-1.0,3.7,3.9,0.0
34874c9c307b28e0bd73d925a6d11fb7ff6df158f931867c3363c5d66afe34ba,2026-09-01 19:20:48.968239+00:00,H,True,0.6499999999999999,1.61,1.65,0.0
6147ef4d8699e42f4325d98dd5a9a36d2de94f1a252d886e2790308fdeb4f2a4,2026-09-01 19:20:48.968239+00:00,A,True,0.55,1.53,1.55,0.0
d3cc59c2c0c8b3eab7f21f6b0653b39ecb1126d27b148e3597ed1ce32f52325c,2026-09-01 19:20:48.968239+00:00,A,False,-1.0,4.1,4.2,0.0
12ffbc013d61918a2e6708cdf11ac3efd51cc3c914e6aee9d4ed4b5e2fbccfef,2026-09-01 19:20:48.968239+00:00,A,False,-1.0,6.0,6.0,0.0
5d4ef225eceb9a5d519a6bb5b90deeb5072c5301955c7ab92bbc4cf4d492f342,2026-09-01 19:20:48.968239+00:00,H,False,-1.0,5.0,5.0,0.0
12ea068c6aebeb0ec159a42b58c28db3b0b553c5f67c66924adf90dfe953e39c,2026-09-01 19:20:48.968239+00:00,H,False,-1.0,3.6,3.6,0.0
38cea6a50e467047755e5009272d15757b25111d47d0c979677f427024e06431,2026-09-01 19:20:48.968239+00:00,H,True,0.75,1.68,1.75,0.0
126e2ebcf5fd8ba2135dabee6dfc20b47af4e5d9c948ef0e99bcda529289ffec,2026-09-01 19:20:48.968239+00:00,H,False,-1.0,12.0,13.0,0.0
aa2dcaff5ca530c78e3395ebe0b1e5d159eac035650fb1f42ccdb949a09566ee,2026-09-01 19:20:48.968239+00:00,H,False,-1.0,7.5,8.0,0.0
aad43e137bd93930325f78af881d64fdae9e8ab226b87317f03014ac45337808,2026-09-01 19:20:48.968239+00:00,H,True,0.1799999999999999,1.15,1.18,0.0
f30eb1d958fc57e242f48f1535a7086800c27b9d3c6afbba3ee9781370eb8270,2026-09-01 19:20:48.968239+00:00,A,True,0.6499999999999999,1.56,1.65,0.0
4d241d6500d510ac558d1689a8ac4da989956fda83edda5ee7c0168c15ccbbd7,2026-09-01 19:20:48.968239+00:00,A,False,-1.0,3.6,3.8,0.0
5a664888b82a069c2826447b317b304d72a29ef30acd498864b3937781c26e79,2026-09-01 19:20:48.968239+00:00,A,False,-1.0,6.25,6.25,0.0
c49894245251f2be947a6843d1a0bd3fff188143d7044138cd0c5b3850809172,2026-09-01 19:20:48.968239+00:00,A,True,5.25,6.25,6.25,0.0
237c38bf7e53dbdf008ba4af8eca007910607306da76732b332f4cfbe26017d3,2026-09-01 19:20:48.968239+00:00,A,False,-1.0,4.75,4.75,0.0
83d9583e1bfe2a9089262752822e29f2c7403944359377d9f9f819046c434e88,2026-09-01 19:20:48.968239+00:00,A,False,-1.0,1.45,1.49,0.0
9a433b8b31c547d28ef564e94bf85831b344cbc5da4d1f9569dc352bbbf6cce4,2026-09-01 19:20:48.968239+00:00,A,True,0.32,1.27,1.32,0.0
fde254d6fdf107d10e069026851d1228b6502696b35512295b0a77fd838b43e2,2026-09-01 19:20:48.968239+00:00,A,False,-1.0,5.5,5.5,0.0
975c37832409ee96735893ec8df32fd4b07e6e0dd9cccdb9a4ac47d8244fe756,2026-09-01 19:20:48.968239+00:00,A,False,-1.0,8.5,9.0,0.0
0e65492d99e54afdcdc3c980a46851c478adf2551c81588eeeabc8c4f8ade187,2026-09-01 19:20:48.968239+00:00,A,True,0.7,1.67,1.7,0.0
9613de4995f32ae21e891b294aefe5ef1946bbd534aa584afed75fd9ee38ae49,2026-09-01 19:20:48.968239+00:00,A,False,-1.0,3.9,4.0,0.0
20c2fbfef5b7bec7dbc18f3f31defc4ffe7df6ed8830cf1b397321a40753096d,2026-09-01 19:20:48.968239+00:00,A,False,-1.0,5.0,5.0,0.0
c4803a399938953df321de07752b5c9f48a572f169cf87c2d6b6523ff8fc691f,2026-09-01 19:20:48.968239+00:00,D,False,-1.0,1.7,1.71,0.0
d77012e230a8149500e1b41ce930cd17fba5f55bdfbf77256a2af1d0c218122d,2026-09-01 19:20:48.968239+00:00,D,True,3.0,3.8,4.0,0.0
6432f00e245ec4f5c309955c4f17985c9cfe7f206b0aa0087c910c782d51efe5,2026-09-01 19:20:48.968239+00:00,D,False,-1.0,5.0,5.0,0.0
56b35a2e0cd5de2336f54fc30b5c11145e3563ed00e60bf485bd218015c347ae,2026-09-01 19:20:48.968239+00:00,H,False,-1.0,2.05,2.1,0.0
3e82746fa906cc0fd88d3c2212d453bb9979f016b06259028a7006d5b0908715,2026-09-01 19:20:48.968239+00:00,H,False,-1.0,3.6,3.7,0.0
904516559c041bdae9706929c39a0f1737afef2da1802f1f88428313ddcf959a,2026-09-01 19:20:48.968239+00:00,H,True,2.5,3.5,3.5,0.0
656701b8c89cbcf2820247e7375c93dc8b5e62bd02f988fd353c897a433f17cc,2026-09-01 19:20:48.968239+00:00,D,False,-1.0,2.63,2.63,0.0
e8388490289b083cdbe56404770e44a1e9b3a14a2cd73ddef99ecdbe79c2d9f2,2026-09-01 19:20:48.968239+00:00,D,True,2.4,3.4,3.4,0.0
1bdcb0139c1534a0c312f2294869fc0c5c9565fedbbc9aaab69e3108a94b8c94,2026-09-01 19:20:48.968239+00:00,D,False,-1.0,2.63,2.63,0.0
ebdf7439fb8f16e43483df7822571aba46e9da7eb449cd588aef05c1af441cc6,2026-09-01 19:20:48.968239+00:00,A,True,3.5,4.5,4.5,0.0
47aa67693b5e1d07bfa75b8bce702e8d6204b27a0ab1f5bf2024f2d8a190fbef,2026-09-01 19:20:48.968239+00:00,A,False,-1.0,3.6,3.6,0.0
19f8110f8b347eed2d5be9e8d9cf7280cac387e54de3beb8dc8c9bd155dd4608,2026-09-01 19:20:48.968239+00:00,A,False,-1.0,1.8,1.9,0.0
80e370700b96040a4b217f3150f3ed220536fa31178ef6043eccac30db0e6ba4,2026-09-01 19:20:48.968239+00:00,D,False,-1.0,7.0,7.0,0.0
f1c6daa383b94a05b7ac866668072919d6593b98cb41d16be16f8f52843ea928,2026-09-01 19:20:48.968239+00:00,D,True,3.5,4.5,4.5,0.0
ace6e1fa16dffdb759e13feb0ad9bf1059ac7ff7d6bdb7221cd3f40c7f1f97cb,2026-09-01 19:20:48.968239+00:00,D,False,-1.0,1.44,1.5,0.0
bb9dc4069ced17fdba0ef4c9752bf0b82edecb22f65eb592e6954b7d4e5aad91,2026-09-01 19:20:48.968239+00:00,H,False,-1.0,3.4,3.4,0.0
a5fe61d3e7d2457327db2fbf91b810d362c684a6a2c49407e85babf72972981d,2026-09-01 19:20:48.968239+00:00,H,False,-1.0,3.25,3.25,0.0
bc6b3c94968a1e511d48e39e517d013c389922295f9eb817dea1da6e83bb279d,2026-09-01 19:20:48.968239+00:00,H,True,1.2000000000000002,2.1,2.2,0.0
cfae9423a0b6da1b05cb0a218dd370a69db33b358fc3829f91733d3af2e5c697,2026-09-01 19:20:48.968239+00:00,D,False,-1.0,2.65,2.7,0.0
5f342728a0f4414798ddaf9b4d89ba93b20f7ca4d35a1b723ec545925241ca91,2026-09-01 19:20:48.968239+00:00,D,True,2.1,3.1,3.1,0.0
5fb00ccdeee069462601851cc837b6ddcc31e0849a1a95225fd6c56b409c94a0,2026-09-01 19:20:48.968239+00:00,D,False,-1.0,2.57,2.65,0.0
141c69a466f71a96bb476e7854ee7c9189f4f6d4ced56bde443391a81509bd78,2026-09-01 19:20:48.968239+00:00,H,False,-1.0,2.63,2.7,0.0
a318b8077e37d3f6752ffdbde00a2112c6b071650ae14f19455b4e9f0514513c,2026-09-01 19:20:48.968239+00:00,H,False,-1.0,3.8,3.8,0.0
c654b278a178c891444df13b608d75a86e90ede4dd008e5549cb7d22050772ba,2026-09-01 19:20:48.968239+00:00,H,True,1.4,2.4,2.4,0.0
81c3164bc8bfc0cdef030d53564c516caa7c6623b16066c2392c6eba05ec3443,2026-09-01 19:20:48.968239+00:00,H,False,-1.0,7.5,7.5,0.0
da9b7000ddd5e78b19c69cb2e58b30941613dae38f816f4c5bafec4a645fdcd6,2026-09-01 19:20:48.968239+00:00,H,False,-1.0,5.0,5.25,0.0
037158f9e9402d3d8ea203526cc064a06f150e5982d3a0ce79996aa39dc1a763,2026-09-01 19:20:48.968239+00:00,H,True,0.4099999999999999,1.4,1.41,0.0
c023b6a311aafd4c26454a1b25186452d70af83273bb12bb5071d6e18366cdf1,2026-09-01 19:20:48.968239+00:00,A,True,0.7,1.67,1.7,0.0
d7f10611ec267b5a221d191c64226a39e5b9a72e5601abee962e8a24e78b9d30,2026-09-01 19:20:48.968239+00:00,A,False,-1.0,4.33,4.33,0.0
6e90e2b37cac4cda4ab8ca2c142f83524bfe300cbd41bd9794ac268c0fbb64a9,2026-09-01 19:20:48.968239+00:00,A,False,-1.0,4.5,4.5,0.0
887f07727f2e606e62779b61ef0d21638fa55010e576ba022ba0cbf8e0df45c9,2026-09-01 19:20:48.968239+00:00,A,True,3.1,4.1,4.1,0.0
7492892f9a9a01bf28f0330e76319c677735cd51e25ff2f1cf6dab51017a5947,2026-09-01 19:20:48.968239+00:00,A,False,-1.0,3.5,3.5,0.0
0f8ce7905057d10c69537d96638bd329e61f7516d1b910241b63f05c0c799b95,2026-09-01 19:20:48.968239+00:00,A,False,-1.0,1.95,1.95,0.0
429d7fd68dfed3ff18a7dea074c0712e55795bf9119c75c02a70dc1cfb20efbb,2026-09-01 19:20:48.968239+00:00,D,False,-1.0,5.75,6.0,0.0
f2810e072e14bf10ead4f738a62967622401905989650d9fb79276a6dc07f132,2026-09-01 19:20:48.968239+00:00,D,True,3.6,4.5,4.6,0.0
cd31269d08dfb25e2823431140281519421fc3dc3962c94e80977c85c8231472,2026-09-01 19:20:48.968239+00:00,D,False,-1.0,1.5,1.55,0.0
3b5da8c7f202332efc9e3926b79411503a6164fa31809bb9609fa6159e0d49ed,2026-09-01 19:20:48.968239+00:00,D,False,-1.0,3.6,3.6,0.0
5a824ce8c77004f66f07d0e02990af9d09a72c39cbc368796745ad59260d0e76,2026-09-01 19:20:48.968239+00:00,D,True,2.6,3.5,3.6,0.0
4bf9f704a270eea5e3825080bda26f4d2290e96de653d0316db5e64d4da95c45,2026-09-01 19:20:48.968239+00:00,D,False,-1.0,2.05,2.1,0.0
2fc9041b34465b26d90e3df3820ab4d2fcbea39216a6b37c5423ef9a61af6706,2026-09-01 19:20:48.968239+00:00,A,True,1.9,2.9,2.9,0.0
4c57927677fe70a64e09aa9b3d4d06f7a4193a2f04395fa89a8dcffcdbb83e79,2026-09-01 19:20:48.968239+00:00,A,False,-1.0,3.75,3.75,0.0
d9143f954dc0813ecfccf2f777554de748e797cfd3b4852c444d9438491fe456,2026-09-01 19:20:48.968239+00:00,A,False,-1.0,2.25,2.25,0.0
98de021734262332db3c7c7220b6b77b39e2f0c1d3f06fd0dd38b60feb3f6cbb,2026-09-01 19:20:48.968239+00:00,A,True,0.3600000000000001,1.33,1.36,0.0
f25a00f407cbb8279e56cb07c468fa50a16a271782c7975fa39178797c9d67ba,2026-09-01 19:20:48.968239+00:00,A,False,-1.0,5.75,5.75,0.0
b5327ee4e30f1c79e4c7ffe2c20cc665d1d7ae28eb84cc3ab6248c17a613233f,2026-09-01 19:20:48.968239+00:00,A,False,-1.0,7.5,8.0,0.0
1fb0db2603f2ed0ef3b55b3475a55a610d283141bc060e7237b56047fac09a48,2026-09-01 19:20:48.968239+00:00,A,True,2.1,3.1,3.1,0.0
bcc12e7545b43e21992dabbf7ce58ac7a40d19ed845ed0f5086ae4478642c708,2026-09-01 19:20:48.968239+00:00,A,False,-1.0,3.1,3.1,0.0
e11c320f21538f3ce7565f144be406dde44b1c178f2c753481a3bb70c678611b,2026-09-01 19:20:48.968239+00:00,A,False,-1.0,2.35,2.38,0.0
63b776349f1faa3ac9fba8e78bd4dabcc119c43582a7656a853ef061db03ffdd,2026-09-01 19:20:48.968239+00:00,D,False,-1.0,3.3,3.4,0.0
4735d6d4171d086c59a615cec9ed88809e0f14bee6543854aa7a29a4f675074b,2026-09-01 19:20:48.968239+00:00,D,True,2.25,3.25,3.25,0.0
3d6e868915dfd7f9a0b6c717a40d70c49c75cb7023671a3a771dc75b821f7de0,2026-09-01 19:20:48.968239+00:00,D,False,-1.0,2.15,2.15,0.0
28e33064c0435ba9a32b7cd6d6dd27b228128365c56dd462aa038ed6d94eddd9,2026-09-01 19:20:48.968239+00:00,A,True,0.5800000000000001,1.57,1.58,0.0
5a93053af29c85d7615efc530a77b29ec89f80474a54073e6dd47072d4d31df4,2026-09-01 19:20:48.968239+00:00,A,False,-1.0,4.5,4.5,0.0
4ab4d11f46d7e31c4341f552e194ab41a904c17e890319497050b9a2c2a2e46a,2026-09-01 19:20:48.968239+00:00,A,False,-1.0,5.0,5.0,0.0
9f9f373ac4e71cf19c597f898efdc939e01e7825e8e37e945f28703bed89697d,2026-09-01 19:20:48.968239+00:00,A,True,2.1,3.1,3.1,0.0
10173397c837147960922549327afafc567c43e3d73b4465cecd1f27ca5e5082,2026-09-01 19:20:48.968239+00:00,A,False,-1.0,3.3,3.3,0.0
e1f514fa6360b4ac1889770b6af6f53d110599e99dd01acb7a9539421861c946,2026-09-01 19:20:48.968239+00:00,A,False,-1.0,2.3,2.3,0.0
83381903db8b87d1568aebc1eaed4dba428dd7db84a097815249c07790416ed8,2026-09-01 19:20:48.968239+00:00,D,False,-1.0,1.75,1.8,0.0
cadead03e0f4d139618c2a4bb96b562ee06a4b7ea8988382bbb2787d70d3bc08,2026-09-01 19:20:48.968239+00:00,D,True,3.33,4.33,4.33,0.0
acf62bfd96d3ca8eb41d53d5aed377fc9dd9d19b9bdbc0348a77238fcfd77254,2026-09-01 19:20:48.968239+00:00,D,False,-1.0,4.0,4.0,0.0
7ced65fa17276679c428718f3e667c86067dc6ef848d9ece577b22470c069af0,2026-09-01 19:20:48.968239+00:00,A,True,0.6799999999999999,1.67,1.68,0.0
1463c1906cac13d03e53bc815d68ffc071589b2f567d2289528d6ee4a9e106ee,2026-09-01 19:20:48.968239+00:00,A,False,-1.0,4.33,4.33,0.0
18275031d90c06759cda1594b69d38ed1f8ba6302bb064d338a0d1f8ef39f6e4,2026-09-01 19:20:48.968239+00:00,A,False,-1.0,4.5,4.5,0.0
d0bc2e3eb21543401443581326079e853d3ecba285838d95151faa3c4d0cf5e9,2026-09-01 19:20:48.968239+00:00,H,False,-1.0,4.0,4.0,0.0
32cc467811498ae1e07f02a2eaea452578044ad9b95741a25312adfa941ee674,2026-09-01 19:20:48.968239+00:00,H,False,-1.0,4.0,4.0,0.0
036b2900520095abda6d292f4beeb9b2d457889d5b7818256e30d10395ff6386,2026-09-01 19:20:48.968239+00:00,H,True,0.8300000000000001,1.83,1.83,0.0
87b0b05cdca522e81a7e600df9c3c0db552d221381517a6d43ee69d2d1c9f798,2026-09-01 19:20:48.968239+00:00,D,False,-1.0,2.7,2.7,0.0
4ce1892d73e2166851bfb3f6e66b3ae42587068577b6fc57536fc9a97e8bdd32,2026-09-01 19:20:48.968239+00:00,D,True,2.5,3.3,3.5,0.0
344b8046b62d43b7a77059399b0520a00b04fb031c39c8637690c02fed64e68b,2026-09-01 19:20:48.968239+00:00,D,False,-1.0,2.6,2.6,0.0
9770cd303efa5b26dd3e89428bfb0bc817c6207413aad62a4b6d7c0a1aece708,2026-09-01 19:20:48.968239+00:00,H,False,-1.0,3.1,3.1,0.0
6f72c77a06501d1edbe218137104c5083b619a4bd2e3075e9b0b7a271a2c6c0a,2026-09-01 19:20:48.968239+00:00,H,False,-1.0,3.2,3.4,0.0
84188fa8310749dbdbe7374cffb47c87d362465ef83604fc78562cf2ac04e282,2026-09-01 19:20:48.968239+00:00,H,True,1.4,2.4,2.4,0.0
314d62a9a79847b990b38fed10bc8ddae8c34d95f7bbc66c5c142eae20d3bfe7,2026-09-01 19:20:48.968239+00:00,H,False,-1.0,7.0,7.5,0.0
cf6b899ac2ca4d35b13c13ce06c4b0567fbcda92f2cf5b4b109f0d31157d9c3b,2026-09-01 19:20:48.968239+00:00,H,False,-1.0,5.0,5.0,0.0
3168e9c3e9b58aca5d66ab642e01c88f2026b5e192ba0359c7a6e30ea5b83b3b,2026-09-01 19:20:48.968239+00:00,H,True,0.4299999999999999,1.42,1.43,0.0
5279ddab8bb6fd595975130c47c42057522e116a25c6c20de3f6b25a5b5629a2,2026-09-01 19:20:48.968239+00:00,D,False,-1.0,15.0,15.0,0.0
4bf42a7aa0dc3c5841b956a7872a45dbf8b1c32fb1c51f76c1db5d8dcdae9946,2026-09-01 19:20:48.968239+00:00,D,True,7.5,8.0,8.5,0.0
9c37443664ac34fce4205fdaa84fbf369b62939c24a877ba9e4fe8f91fd1e774,2026-09-01 19:20:48.968239+00:00,D,False,-1.0,1.17,1.18,0.0
9bde38e8b1c363dfdef18539bbb8e2cb3aa96124b0b9aa111f13821ade10a9a6,2026-09-01 19:20:48.968239+00:00,H,False,-1.0,2.75,2.75,0.0
d38e97c6a4ba307c371b14f64742c17f6b2b35de4b9d7f309898c392bf9fa511,2026-09-01 19:20:48.968239+00:00,H,False,-1.0,3.7,3.8,0.0
de6e1c63f66918913fda382e34f3de2db8cf7f7caae1b695e202bebbf4a90c60,2026-09-01 19:20:48.968239+00:00,H,True,1.4,2.4,2.4,0.0
1fa0416bc802c69c7c878f98588ec3fed5334c945ae0a4e9625c653949e636cf,2026-09-01 19:20:48.968239+00:00,H,False,-1.0,3.8,3.8,0.0
7a42e6b1dab27047b720dabe407cfc417958f3ae635ef92639dc1440ecc17b92,2026-09-01 19:20:48.968239+00:00,H,False,-1.0,3.3,3.4,0.0
2cca727f7170b9e214d43a2e93d9fa03f188fb21a62837c89611bc1e776abc54,2026-09-01 19:20:48.968239+00:00,H,True,1.15,2.05,2.15,0.0
e6387b3a368c64cd26353f7622c393e1e842669c65d14d059f82f1f6ad00f6a6,2026-09-01 19:20:48.968239+00:00,A,True,0.6299999999999999,1.62,1.63,0.0
4e5bc0b0ab4a7c146530faec5d5182f6e505f6ace42d05c2c6d6e256d008231c,2026-09-01 19:20:48.968239+00:00,A,False,-1.0,3.75,4.0,0.0
45d8ef5ad43c024ba63b901f348e826da6a6d655db05eb20caa952437fd4d0a3,2026-09-01 19:20:48.968239+00:00,A,False,-1.0,5.0,5.0,0.0
18234303d79a57d782457c106ccf2035e6bdb972a2fb427564cb28ef754647d6,2026-09-01 19:20:48.968239+00:00,A,True,0.3400000000000001,1.3,1.34,0.0
cd83887a570b50c4dea7597dcf8e2806c231e2f5c0618f1357cc343e516213c1,2026-09-01 19:20:48.968239+00:00,A,False,-1.0,4.5,5.0,0.0
a667051c41bd17369eeafd3e68e90ceee744a06884877737c0bd5c8528753a90,2026-09-01 19:20:48.968239+00:00,A,False,-1.0,11.0,11.0,0.0
9b522eba4e845a56559b4458f2223834f3dfaa47e1b96c0f34f206295e281a7f,2026-09-01 19:20:48.968239+00:00,D,False,-1.0,1.33,1.38,0.0
f26ab2caa1dc6b21bf900998a4417b50e3d7329592136cf0c1d6545341ffcd19,2026-09-01 19:20:48.968239+00:00,D,True,4.0,4.5,5.0,0.0
5d37d68e0e86d3a8aeb02375b0f062572a81c047a677ee52e1be33b3edc71959,2026-09-01 19:20:48.968239+00:00,D,False,-1.0,9.0,9.0,0.0
4f3492900cf3c587fc65731f1334ba9d5c74bdcef781d39d7074edc4ff0f5199,2026-09-01 19:20:48.968239+00:00,H,False,-1.0,5.25,5.25,0.0
78bf9ac168741e50c267912635042bd1eec1a8708dd2d188d4d5dce8916cbc4a,2026-09-01 19:20:48.968239+00:00,H,False,-1.0,3.7,3.9,0.0
9b1708e246ecf7253fa2347981441c065bf6be56e26cca714a93f62c8e5157b1,2026-09-01 19:20:48.968239+00:00,H,True,0.6499999999999999,1.61,1.65,0.0
182f1579522180016522798b5b9ef10d8007e6fe94037dcdc3c92e60324c3ea5,2026-09-01 19:20:48.968239+00:00,A,True,0.55,1.53,1.55,0.0
fbc7f16be4d8b1bf98438c9ed06b7c4c625ac262475c41070f5be36551968c02,2026-09-01 19:20:48.968239+00:00,A,False,-1.0,4.1,4.2,0.0
af2e7ad66ea75a4d49bdac523cd7471c2d57133854c6bf82a8dbe18fa8b711ca,2026-09-01 19:20:48.968239+00:00,A,False,-1.0,6.0,6.0,0.0
dafd233757e4e1158aa8d0f278f671bbbe0c0d42ed3935d42e2d196b70e11686,2026-09-01 19:20:48.968239+00:00,H,False,-1.0,5.0,5.0,0.0
7bab94a5817b4a63669e9d52ed6a8c98b6e5eb635f0c810008a062ef55c9f537,2026-09-01 19:20:48.968239+00:00,H,False,-1.0,3.6,3.6,0.0
0a960e34304795d0c9f8624d6fbad7d22f9b3f835c77823593b827363793cccc,2026-09-01 19:20:48.968239+00:00,H,True,0.75,1.68,1.75,0.0
a254fff10ff282ed72e16d7e387a7e63bc7d128fe0d454a6d4bc0f6ed1654bda,2026-09-01 19:20:48.968239+00:00,H,False,-1.0,12.0,13.0,0.0
833f547655bae38f6f422ab9ecec6aded9aad600685b62341206ae56b27fcb37,2026-09-01 19:20:48.968239+00:00,H,False,-1.0,7.5,8.0,0.0
c20c50632d1ea080a9fcdc2c9d3343f9d5a8f364a6af6ae6f3a9f3fe64122686,2026-09-01 19:20:48.968239+00:00,H,True,0.1799999999999999,1.15,1.18,0.0
3e49df13efebb5ddf8fe17aa33a0264388e36cffeb8b4b28d5d477399cb9bb23,2026-09-01 19:20:48.968239+00:00,A,True,0.6499999999999999,1.56,1.65,0.0
238a971c22ed4538d523bf115768c5194238fdff42d2bab239d7e448c52b0137,2026-09-01 19:20:48.968239+00:00,A,False,-1.0,3.6,3.8,0.0
09eecfc1f2300d5baf03e65bf83bf84efee0b7f4b100638ff5ab7b1141b6377e,2026-09-01 19:20:48.968239+00:00,A,False,-1.0,6.25,6.25,0.0
f9e541a250fcf93b009d96f4dbf504d6a4d0b664cbff2bd784ef9a90032d77d8,2026-09-01 19:20:48.968239+00:00,A,True,5.25,6.25,6.25,0.0
53d6ea1cc83d27559a8850b2d1164362f68898a82328e4755b54783ce952a6cb,2026-09-01 19:20:48.968239+00:00,A,False,-1.0,4.75,4.75,0.0
efc56e51b5ec3db1dff7a373c5428606ba05be848934ae8e3ea1dc163e5ffc10,2026-09-01 19:20:48.968239+00:00,A,False,-1.0,1.45,1.49,0.0
98656c6d57077ab8b63c5a6f49174022b49a6e88de4c50c217924a033e4d794a,2026-09-01 19:20:48.968239+00:00,A,True,0.32,1.27,1.32,0.0
e81db4f05c6904733cf490bc3f261f8f9d65fca4f254f08050b8616d31162d9d,2026-09-01 19:20:48.968239+00:00,A,False,-1.0,5.5,5.5,0.0
1597ee1eb867aa88f8559602c761f08799a78f579d31a04400250d774b9cc64c,2026-09-01 19:20:48.968239+00:00,A,False,-1.0,8.5,9.0,0.0
ed8d15ceb9f7a0f732116366e8bf867556bb7d18cc8a826bf1a4d12d5a679f13,2026-09-01 19:20:48.968239+00:00,A,True,0.7,1.67,1.7,0.0
78edb23ac82db8dd54d3b193daf20788fa9af07335021374c5b6edb5bafeff0e,2026-09-01 19:20:48.968239+00:00,A,False,-1.0,3.9,4.0,0.0
97601c8e36d9954427939da8ee45ffb7f8c986c321fd144c344751cb88c1e4b7,2026-09-01 19:20:48.968239+00:00,A,False,-1.0,5.0,5.0,0.0
bd3d5147bf5b21644462df30cdbe88ea00b5a9bcb3e82bb3fc9153e2526fb136,2026-09-01 19:20:48.968239+00:00,D,False,-1.0,1.7,1.71,0.0
4526ee17a19b3e8eef1471a1c95b8828fbfee5ec60072ec8c73347998d858473,2026-09-01 19:20:48.968239+00:00,D,True,3.0,3.8,4.0,0.0
16d91ec6167d211a3ef3304fff30b6f947f9f19c32377a7057ac7591170994ad,2026-09-01 19:20:48.968239+00:00,D,False,-1.0,5.0,5.0,0.0
a2cd24eb77a254e4e58af4f7fe0286da1b1dbebc7a705f6fbb752d60caaeb067,2026-09-01 19:20:48.968239+00:00,H,False,-1.0,2.05,2.1,0.0
d5cc4cb1aafd5c5e926effaec8bbd1d3ed7991d3e0fd13b757915a98f64d5d6a,2026-09-01 19:20:48.968239+00:00,H,False,-1.0,3.6,3.7,0.0
e10050390cc16c6f4bef5e8b3bc305133cc59fba3d5ce4b2db428e4d797d012d,2026-09-01 19:20:48.968239+00:00,H,True,2.5,3.5,3.5,0.0
9e287e45e05977dc726690ef9281912a9fc23de9d580fcb60dd684e9c075ded6,2026-09-01 19:20:48.968239+00:00,D,False,-1.0,2.63,2.63,0.0
69d12e1cffa806034e926400a643b6fa00720b81089950fd027e997287ee50b5,2026-09-01 19:20:48.968239+00:00,D,True,2.4,3.4,3.4,0.0
8da300004ce418218528ed67c3595f7d1aca536c9bd30b798972c54f46ea1571,2026-09-01 19:20:48.968239+00:00,D,False,-1.0,2.63,2.63,0.0
cf42f1e0f7061725e582e20f9f83bf8adc3cc4c15621b1287c1f2ad0b9844138,2026-09-01 19:20:48.968239+00:00,A,True,3.5,4.5,4.5,0.0
da2434594a042f221ccb67b2fe6662e03fa4f3b30eaa0853a777ed0be66c19c4,2026-09-01 19:20:48.968239+00:00,A,False,-1.0,3.6,3.6,0.0
6b0250469be1ea1f9125b76824c4f33036f6ca75da501097ae06f4cf643cf4ae,2026-09-01 19:20:48.968239+00:00,A,False,-1.0,1.8,1.9,0.0
1add0fc28454bf445f2b7e760dc888e411bb347d3db955f73efdc014c39318f3,2026-09-01 19:20:48.968239+00:00,D,False,-1.0,7.0,7.0,0.0
f20c687429c7f47948f375476c3bd22fb86fcb590e54304a671e1862ac22fb5b,2026-09-01 19:20:48.968239+00:00,D,True,3.5,4.5,4.5,0.0
640fad34871932c38636fbbe629023f8482b23f4c7184acea8617b75ab6eccc5,2026-09-01 19:20:48.968239+00:00,D,False,-1.0,1.44,1.5,0.0
445c9ec99d90246eba1f6b9a3d7efaf5a246fa156ecf08ef8a22c2f1d2780593,2026-09-01 19:20:48.968239+00:00,H,False,-1.0,3.4,3.4,0.0
c780e037ead6eda8f94ca2dbb759544979b38ab7825ce4dada92ef618ec90252,2026-09-01 19:20:48.968239+00:00,H,False,-1.0,3.25,3.25,0.0
dfe48b778c9a5f98f72b25c06c19c71523c3bd44a60051e6b72ce5dc159fef17,2026-09-01 19:20:48.968239+00:00,H,True,1.2000000000000002,2.1,2.2,0.0
b0774df3bc0bfbad1ac3f2d3570a7587b18c8b46893fbd99a99cb1f82de1c4b4,2026-09-01 19:20:48.968239+00:00,D,False,-1.0,2.65,2.7,0.0
30ef902e68f0957a4ef47b161f2fa9e5bb8839d1505dc0c18f1be09159eea4c7,2026-09-01 19:20:48.968239+00:00,D,True,2.1,3.1,3.1,0.0
2c34761fd6e1d93d31baa523149ad9d651b63dfaca052d370ca611b4930e79d7,2026-09-01 19:20:48.968239+00:00,D,False,-1.0,2.57,2.65,0.0
03d3f8565b033b709f39c65fbe876a0e3059ebe9f6b9359347e599a627817f8a,2026-09-01 19:20:48.968239+00:00,H,False,-1.0,2.63,2.7,0.0
324e7fa3e09b09aa45c2f5acddcfb83852d44fe72a9d548579fc015fc72415d3,2026-09-01 19:20:48.968239+00:00,H,False,-1.0,3.8,3.8,0.0
d9fa61863347c72572f8a23ec18a859707fcada82b298a51a2179e6e283858db,2026-09-01 19:20:48.968239+00:00,H,True,1.4,2.4,2.4,0.0
7362d055666032f4a4a9a49249a668cee90bf239e8f54e6d8b06c0377f4c5b79,2026-09-01 19:20:48.968239+00:00,H,False,-1.0,7.5,7.5,0.0
3ca5e3b79b2bbdb2dcc84bf557585172e63f9e5ba3408efe3a2f54f4c75541ef,2026-09-01 19:20:48.968239+00:00,H,False,-1.0,5.0,5.25,0.0
db5a829c2176b1168aa258384dafe38a10caac8a3f5225a28666ec8b91e777d4,2026-09-01 19:20:48.968239+00:00,H,True,0.4099999999999999,1.4,1.41,0.0
5f3eeb8156a28b5982670334c9c3ad0917f7cc02c6dab10f3e394bf332c9fb15,2026-09-01 19:20:48.968239+00:00,A,True,0.7,1.67,1.7,0.0
ce305695272c0ecf7e1418da3bf3e7c38c186eb74d15da9d55ccde603eb3e0e6,2026-09-01 19:20:48.968239+00:00,A,False,-1.0,4.33,4.33,0.0
45b16354ce7e3d3c554039a1b0cd5efd988e7f8799fcb8d2721cf3cd83a08117,2026-09-01 19:20:48.968239+00:00,A,False,-1.0,4.5,4.5,0.0
2f5ae19dd83e376b840e841ac7f20fa2df4f34d4dae5c9aec96df9e9d0144af4,2026-09-01 19:20:48.968239+00:00,A,True,3.1,4.1,4.1,0.0
2d937fe7bc048a207c84d549df0e705a2d9b1f09d174f8b764938e482a544a04,2026-09-01 19:20:48.968239+00:00,A,False,-1.0,3.5,3.5,0.0
75851534e0c2f50fa0cd8ecf26e7c3b1228edfcb2a31da29f5c6267ffff79759,2026-09-01 19:20:48.968239+00:00,A,False,-1.0,1.95,1.95,0.0
c0fb45a936259773883f95997b2d3f989f9c44f8b1b6cdd953ab33898cf60df5,2026-09-01 19:20:48.968239+00:00,D,False,-1.0,5.75,6.0,0.0
ec494f445b53cf84e0cf52e4e282b5ff7639a74d78fb794612008131d2a5e0f4,2026-09-01 19:20:48.968239+00:00,D,True,3.6,4.5,4.6,0.0
2cae0b5e0d94ca93f9538755138111c26ec39d7e0c9f01b1805c5b21d1228267,2026-09-01 19:20:48.968239+00:00,D,False,-1.0,1.5,1.55,0.0
a7a919754d55c9035af6a352ad768cbf0c00a665d696bdcac6c91b88d8f978c8,2026-09-01 19:20:48.968239+00:00,D,False,-1.0,3.6,3.6,0.0
0c881479b55bb2f93b9df45916b16cb38f97b50c97263411196249d80957b1d9,2026-09-01 19:20:48.968239+00:00,D,True,2.6,3.5,3.6,0.0
964daa870935e52227191e47802b95ab4c54666e1dc92a96f4848ad03df68921,2026-09-01 19:20:48.968239+00:00,D,False,-1.0,2.05,2.1,0.0
5eaa5e374ea2199ab2136b8e74a10fac42f9b712dc741ec253a7fca603d46687,2026-09-01 19:20:48.968239+00:00,A,True,1.9,2.9,2.9,0.0
91938cca0cad75b05cec5e21857e4f460ce51670a23471397dd32b7e6dbb9235,2026-09-01 19:20:48.968239+00:00,A,False,-1.0,3.75,3.75,0.0
9ce303c7e6b96061e1fdee4e38f7c926cfbffb5a718630cdba5c7bbb02d3984a,2026-09-01 19:20:48.968239+00:00,A,False,-1.0,2.25,2.25,0.0
3bc3c3ccff7028578e2221ffe342f6d8ce79ff8e85dfcb8f161a12b9e54a6cd9,2026-09-01 19:20:48.968239+00:00,A,True,0.3600000000000001,1.33,1.36,0.0
80d32542b09a1cf1eccbf877e667dc863f2361fe3246bf684236db0173d1a7f1,2026-09-01 19:20:48.968239+00:00,A,False,-1.0,5.75,5.75,0.0
4a64d7879892edb39298666f5218bb74c2a910dfe84c5a041883a00a2b78518a,2026-09-01 19:20:48.968239+00:00,A,False,-1.0,7.5,8.0,0.0
8ba13ce9936797d7fbeee7f7e16321fa6866465fee9391bbb354b16adc5d462c,2026-09-01 19:20:48.968239+00:00,A,True,2.1,3.1,3.1,0.0
1e4229ab44cca71c61738717c8598d0500761e624146008beadde9cfca27249e,2026-09-01 19:20:48.968239+00:00,A,False,-1.0,3.1,3.1,0.0
5899f4940b52ed758a273ab1e90c3e7980fcf9dd85f07ed3115aba4cf57fb2d5,2026-09-01 19:20:48.968239+00:00,A,False,-1.0,2.35,2.38,0.0
bc0df2dd1b416eccc8a21920bc4adafc623692fc588810e70cf20ed880e95dc0,2026-09-01 19:20:48.968239+00:00,D,False,-1.0,3.3,3.4,0.0
ef068dea33011892742a170d4307dfb0885bf3ffb3e5463bd11ff6a930f8b448,2026-09-01 19:20:48.968239+00:00,D,True,2.25,3.25,3.25,0.0
a62e791e0b0c8c58af939a0c9d4cd3bf78870e53e33e21d21ca050ce6d9c1ccf,2026-09-01 19:20:48.968239+00:00,D,False,-1.0,2.15,2.15,0.0
d016f3f53a3bacdfa1f1c532d65164befd3cba6d6b6c6dd7163f0912430f66a6,2026-09-01 19:20:48.968239+00:00,A,True,0.5800000000000001,1.57,1.58,0.0
a5000b4701e46fe2cbc5e4c6376aef8c4bcfc3a4011be3f75bd7cd380994f926,2026-09-01 19:20:48.968239+00:00,A,False,-1.0,4.5,4.5,0.0
177bc28708045dfaa52d919d42f65cec24bc84a100397785e2171e1921aa929e,2026-09-01 19:20:48.968239+00:00,A,False,-1.0,5.0,5.0,0.0
b6af95dc9f9f9a756522a9f173c17c1106fe04c543c43bc8b12fe142a93e3012,2026-09-01 19:20:48.968239+00:00,A,True,2.1,3.1,3.1,0.0
1df32d3e5f9697a2c0c5ba0eea6988cf8250e2dd6f091d927f9fa74a7ef84deb,2026-09-01 19:20:48.968239+00:00,A,False,-1.0,3.3,3.3,0.0
d33e83019fa0cb6eae465cc347edc8b6ca65f90e15161781f5f2dc82f6330b4e,2026-09-01 19:20:48.968239+00:00,A,False,-1.0,2.3,2.3,0.0
f1696399b0c9aa7f0ad0f1a91bd90c5a5cd98473cafc81bb2dedc2839fe14154,2026-09-01 19:20:48.968239+00:00,D,False,-1.0,1.75,1.8,0.0
66f319ad1bdb1989f4c90eee8c98fce39ac18cd3ea8231ac609c28e86c5a2f23,2026-09-01 19:20:48.968239+00:00,D,True,3.33,4.33,4.33,0.0
207c947cd593378d1071765d56c5561b84649d15f360990b61172303a3266e8e,2026-09-01 19:20:48.968239+00:00,D,False,-1.0,4.0,4.0,0.0
f4406e027b17a36b52f3089def28843fe0dad540c290f8f124810a5a3eed9038,2026-09-01 19:20:48.968239+00:00,A,True,0.6799999999999999,1.67,1.68,0.0
4196d04a976c040ba100de72e5be897d559bb355a7f61daea2779da215197268,2026-09-01 19:20:48.968239+00:00,A,False,-1.0,4.33,4.33,0.0
5d614212ac20cac58c365f449085e598a6ce8e8024f0f39f1fa95a1c3f156261,2026-09-01 19:20:48.968239+00:00,A,False,-1.0,4.5,4.5,0.0
3f1bcc07d408bc1f6f5783cf622137dbdd0d58fccf77e808ae9ae5d3d13f8e8c,2026-09-01 19:20:48.968239+00:00,H,False,-1.0,4.0,4.0,0.0
a243ba14358cb925a58c37fcbc04f035bae1e92dfb543529cbcc97c92fc64299,2026-09-01 19:20:48.968239+00:00,H,False,-1.0,4.0,4.0,0.0
3cc58139ff4ae635b6a3725beefc2a3f7d74fa1ddd813fb5192dfbb8d5a45866,2026-09-01 19:20:48.968239+00:00,H,True,0.8300000000000001,1.83,1.83,0.0
274c9aaa5f57a49047c4fa287833ce27bd826f6f33dc9e9d8900ab6fb63869b2,2026-09-01 19:20:48.968239+00:00,D,False,-1.0,2.7,2.7,0.0
f587da87bfc5c7dd638cc31557c926b6df0bde15d2e01f7a37824b43301272dd,2026-09-01 19:20:48.968239+00:00,D,True,2.5,3.3,3.5,0.0
5e357dfb6ddb38abf3ac4100a6dbadcbc4823d8ab0b76d0e71177cf88f4985df,2026-09-01 19:20:48.968239+00:00,D,False,-1.0,2.6,2.6,0.0
ab7e349eea8d47aa6137ac3554bbd58640759d416a20e9ba542c2865b331246e,2026-09-01 19:20:48.968239+00:00,H,False,-1.0,3.1,3.1,0.0
39b1fbf5c6932afae635a2c5696561c5367f7dc60890f8a9f590e4fd59863d0c,2026-09-01 19:20:48.968239+00:00,H,False,-1.0,3.2,3.4,0.0
d38bfd987e4e08fc4a9b6ee53b01d2bfd69e0736eb9026b4b20665721ba071b1,2026-09-01 19:20:48.968239+00:00,H,True,1.4,2.4,2.4,0.0
f66b27f094cc2756793dcd7046f01ab9e2cc7fee3a58ca9f875a12214a1f90ff,2026-09-01 19:20:48.968239+00:00,H,False,-1.0,7.0,7.5,0.0
7193c7e721db4518eab646aab9b97e676a0d67885d90814362a963c29ae140ab,2026-09-01 19:20:48.968239+00:00,H,False,-1.0,5.0,5.0,0.0
6cfbb2b2a969261cf6abecc4cb6948ff8387110446c8ac620eda397ef6d4c934,2026-09-01 19:20:48.968239+00:00,H,True,0.4299999999999999,1.42,1.43,0.0
993f348b9275366bf6c43b6b613b849b672e796198dcd8a720979cd9f20fbb7d,2026-09-01 19:20:48.968239+00:00,D,False,-1.0,15.0,15.0,0.0
85365359f733a73432a1476a9713a3e24651f8112e8aae6cad42c3ce206eec41,2026-09-01 19:20:48.968239+00:00,D,True,7.5,8.0,8.5,0.0
2260f7cbf37f3814aae65b6df30ccd53c3475565c0acae95b8f7e17400268407,2026-09-01 19:20:48.968239+00:00,D,False,-1.0,1.17,1.18,0.0
f832b819f29d473babcf7f4ed419f9e027cf2b696b8409bf1df9ad74a0909c31,2026-09-01 19:20:48.968239+00:00,H,False,-1.0,2.75,2.75,0.0
55f2e0226725e9b121a64006d4c9ffd840f85f028a3c7e64b9d5f14fbfd6ebf9,2026-09-01 19:20:48.968239+00:00,H,False,-1.0,3.7,3.8,0.0
b011718ea1930e7a70a4dfedb449ab0998b6df7fe382cbd6420af5b3da0c94ab,2026-09-01 19:20:48.968239+00:00,H,True,1.4,2.4,2.4,0.0
580732064455cc1358693f9102525619dbc257ce13f229c237daf403568a81e2,2026-09-01 19:20:48.968239+00:00,H,False,-1.0,3.8,3.8,0.0
8896fc77517ee825cfa53ed5549d1df851eee618e7ff4777a9ced3f98a76601d,2026-09-01 19:20:48.968239+00:00,H,False,-1.0,3.3,3.4,0.0
6645012f63f4ce437bd6321108740c772832c830dd5bd91ec531cdc3938606f2,2026-09-01 19:20:48.968239+00:00,H,True,1.15,2.05,2.15,0.0
692889fe97d043422d33017d597c379dd1c3fb2f57a24c38473eda8cf7f5b84e,2026-09-01 19:20:48.968239+00:00,A,True,0.6299999999999999,1.62,1.63,0.0
2878c531f750166a5496f584105b9e8aca701a7428e9ef8d945b9fc855a39a4a,2026-09-01 19:20:48.968239+00:00,A,False,-1.0,3.75,4.0,0.0
01a00816fed38982587b22395fada649193eee3db54a31ab0434deacd0bb039a,2026-09-01 19:20:48.968239+00:00,A,False,-1.0,5.0,5.0,0.0
2b4e004a31a46c3cdd01eacf7bdfb8016247a6f1ad92e64c3808330307393b6f,2026-09-01 19:20:48.968239+00:00,A,True,0.3400000000000001,1.3,1.34,0.0
c4d111b7b34c5fdf802fb38e1747a72f613c72e0fcaddc1523462b7746d417f1,2026-09-01 19:20:48.968239+00:00,A,False,-1.0,4.5,5.0,0.0
e1e8b4bbc71f59b67f4a5893d2f3d1dc8119cb71a3ba6cc040a3cb252e2913ac,2026-09-01 19:20:48.968239+00:00,A,False,-1.0,11.0,11.0,0.0
749814997dbbe958b4786c4ed155c08ef46090229eedd88dcc508c00ffbfce55,2026-09-01 19:20:48.968239+00:00,D,False,-1.0,1.33,1.38,0.0
580995d2269c31fec721bc62e99e754de74d34d1e8b93ccb23bb29bf6a95bcc6,2026-09-01 19:20:48.968239+00:00,D,True,4.0,4.5,5.0,0.0
0902db5213dbb839aa5e3a955e30ae0f01a3c61192932ff230d1c2be6bc6443a,2026-09-01 19:20:48.968239+00:00,D,False,-1.0,9.0,9.0,0.0
6b3bc1036b958f80b69342ea821add83bd6763eb17cd5b09a45cf8e0478b0112,2026-09-01 19:20:48.968239+00:00,H,False,-1.0,5.25,5.25,0.0
9bd3d6b1563c384147e8a35784d3b08538cbe0788201b209258303678c9cff20,2026-09-01 19:20:48.968239+00:00,H,False,-1.0,3.7,3.9,0.0
59cddd424894e8b89decc2484f8d35496ac17aa3af72ce21ed2b43c4d06c2e79,2026-09-01 19:20:48.968239+00:00,H,True,0.6499999999999999,1.61,1.65,0.0
08c3ca9a809dd0b1ed0e9155579e5c247c2da5767f2692e625c9e5a400ec79d7,2026-09-01 19:20:48.968239+00:00,A,True,0.55,1.53,1.55,0.0
7893039b4d4d7e220d81e14c537a584fa9b116489a67608e532288cd2e1e45b4,2026-09-01 19:20:48.968239+00:00,A,False,-1.0,4.1,4.2,0.0
f5fad65bce1bf5c6c333c012c5b295fa5de34dad0b4aa4ae762ba1de0a5df75c,2026-09-01 19:20:48.968239+00:00,A,False,-1.0,6.0,6.0,0.0
cca9edb15a55d14c0c9381a4b62b42751f5b060c4bd345f85c4b586d19422015,2026-09-01 19:20:48.968239+00:00,H,False,-1.0,5.0,5.0,0.0
2059032f239435d6176f676bc39140c1db54abaec8b193885923c6446cb47a12,2026-09-01 19:20:48.968239+00:00,H,False,-1.0,3.6,3.6,0.0
c9b18f525b6af22700b2dd54e95a442d4111416d20132f4d1c759c0509673ad4,2026-09-01 19:20:48.968239+00:00,H,True,0.75,1.68,1.75,0.0
30016b35e7ff7d55f980ef67487f09e60a39d68574fe27fdc3fc6cc0d90954ce,2026-09-01 19:20:48.968239+00:00,H,False,-1.0,12.0,13.0,0.0
aa939d2f7e8039eb036911f0aefd79dbf1a12f883948384a5b6dacf7b32ac3e0,2026-09-01 19:20:48.968239+00:00,H,False,-1.0,7.5,8.0,0.0
c80129bd15793799d21cbfa38078cb319956eab19752dc19c53da5b6f1928e30,2026-09-01 19:20:48.968239+00:00,H,True,0.1799999999999999,1.15,1.18,0.0
d3e4d7b004a283f3b272bcfac53d9864db734e962c9a53aa2875c0a9db3f4f3c,2026-09-01 19:20:48.968239+00:00,A,True,0.6499999999999999,1.56,1.65,0.0
346ac1349e2d3df8d3764350a34fae5052f4b624ae10d30b1bac7004355327d8,2026-09-01 19:20:48.968239+00:00,A,False,-1.0,3.6,3.8,0.0
f08e8dd8f136619dbb88b6f40327dfad6692361f302b1872c3739d3763343664,2026-09-01 19:20:48.968239+00:00,A,False,-1.0,6.25,6.25,0.0
0c722c672bb6f238aa6db165293f9b2215db95c69c7fcb8f5d4ded397131aa9b,2026-09-01 19:20:48.968239+00:00,A,True,5.25,6.25,6.25,0.0
cae5571b530b0375a326c0d4e461d4ed36eee4d5a458dc80d6d4298fe35ce96d,2026-09-01 19:20:48.968239+00:00,A,False,-1.0,4.75,4.75,0.0
8f1831aa931c0d719e282f4ea55a2e3ae2626a095a5063c5ad337e20f92f2aeb,2026-09-01 19:20:48.968239+00:00,A,False,-1.0,1.45,1.49,0.0
d370e4986fb150fa0ae829f7ae6d50f19da6733ff1c110811a540d6642a09127,2026-09-01 19:20:48.968239+00:00,A,True,0.32,1.27,1.32,0.0
e3f396216a2f8d489e755e4b6157252be9de8cafa4bea820c0f40368c03d91cd,2026-09-01 19:20:48.968239+00:00,A,False,-1.0,5.5,5.5,0.0
9df7c3a440ac89066013c6a7844c70a7218e3569c42372834e5b1bdb87bf2605,2026-09-01 19:20:48.968239+00:00,A,False,-1.0,8.5,9.0,0.0
198c1baf06104660f309e35dc55e359ad499e51f14e54cdd79cd848ec890f558,2026-09-01 19:20:48.968239+00:00,A,True,0.7,1.67,1.7,0.0
352fe25ad1195328bd932142850db80f49ac7be240003e6b346294822fe863c6,2026-09-01 19:20:48.968239+00:00,A,False,-1.0,3.9,4.0,0.0
6f18d0349a5d07190aee61ef9873c574388c8800815099263eb0574f16c544d2,2026-09-01 19:20:48.968239+00:00,A,False,-1.0,5.0,5.0,0.0
d554adbac802b66fad19b2f4bfcee365023d67a580e97acc0169306651ed95bc,2026-09-01 19:20:48.968239+00:00,D,False,-1.0,1.7,1.71,0.0
c27c1a1b2943729a14c41b47f14fff5f1b0db7a3c918e12b4d491a707a61a383,2026-09-01 19:20:48.968239+00:00,D,True,3.0,3.8,4.0,0.0
7491e6a926ddc5a999709b24ba4d32d622499a70ffc4c48f46af6ad1ec3fe754,2026-09-01 19:20:48.968239+00:00,D,False,-1.0,5.0,5.0,0.0
aa35cff03be42f1adb15ce18fce01958f0e0acee6f6166cf49ef52f12bf86ec0,2026-09-01 19:20:48.968239+00:00,H,False,-1.0,2.05,2.1,0.0
3872980292e6bfef7d32b42ee2b66983143c7f9482b33021a928628133df6092,2026-09-01 19:20:48.968239+00:00,H,False,-1.0,3.6,3.7,0.0
3f0a40c975e6ec4dfb8a8d78f48015c1a001d88b42ec4149362cbe5335c64d68,2026-09-01 19:20:48.968239+00:00,H,True,2.5,3.5,3.5,0.0
0ed51df54d598f932716beffd71972eb9913555e9e018dbf58d60b5de87bd8a4,2026-09-01 19:20:48.968239+00:00,D,False,-1.0,2.63,2.63,0.0
99f65d750ba954e556a7ae52863fa7d301295fd3303b874c71a66c02fabce50e,2026-09-01 19:20:48.968239+00:00,D,True,2.4,3.4,3.4,0.0
24b9bc3a0f86fa16a47009b7a027c7802dbad11d037cca2bda8b4971d6b04195,2026-09-01 19:20:48.968239+00:00,D,False,-1.0,2.63,2.63,0.0
f3b1ea9563465c3ce5c72caa0235ccedbd56c615756d5cc39a88ed7806f02b02,2026-09-01 19:20:48.968239+00:00,A,True,3.5,4.5,4.5,0.0
01c7f7d7f13bcc5f460e903db783b274e62e502190c27d0f46b4499030938872,2026-09-01 19:20:48.968239+00:00,A,False,-1.0,3.6,3.6,0.0
bfcd09f72d6e954d8ef7d0ed7287692efb64ebb73fffdf4e74ac940795dc1493,2026-09-01 19:20:48.968239+00:00,A,False,-1.0,1.8,1.9,0.0
fa19466cd6ab31b0746d0ea0847fa4ce3b8a2e513eeb6fe9a5ebc7fa8bceee2b,2026-09-01 19:20:48.968239+00:00,D,False,-1.0,7.0,7.0,0.0
769075e5704ac641e879b6ba6db4dd39929681fa5b27e3a06dceb4ee93f8a784,2026-09-01 19:20:48.968239+00:00,D,True,3.5,4.5,4.5,0.0
63b570de9b2f51bc6e692d9400d96302494850bce72ce44057946a35bbb77307,2026-09-01 19:20:48.968239+00:00,D,False,-1.0,1.44,1.5,0.0
69b80f24f9c027d7a8fdd93aa34f9dccb727517bf13a087fe3a1a0b9b9aed4fc,2026-09-01 19:20:48.968239+00:00,H,False,-1.0,3.4,3.4,0.0
9dd56d9edd05e14bdbdc30dd05a904eb562eb85244c927e929f2509a319139ef,2026-09-01 19:20:48.968239+00:00,H,False,-1.0,3.25,3.25,0.0
04dc6c4748754b146af67e50e7e02249ca12e504657f026212632a6357368f81,2026-09-01 19:20:48.968239+00:00,H,True,1.2000000000000002,2.1,2.2,0.0
47676e8a15a687323038087a0e0f63590976dad1782e62b74cb2e4cf51b05773,2026-09-01 19:20:48.968239+00:00,D,False,-1.0,2.65,2.7,0.0
32c48a81adbd7ca2d11fef607c41ad6f36bc3842d306c98f7f3c6c74befd2c7e,2026-09-01 19:20:48.968239+00:00,D,True,2.1,3.1,3.1,0.0
e01540963cc5d9f4da3621606ccde91bd144abc7355f03ca4f86aad6ffcb1121,2026-09-01 19:20:48.968239+00:00,D,False,-1.0,2.57,2.65,0.0
42dca39d2b6945be02f988512b03e609748d942b2fc26b57f2cde3e8aae2cfe6,2026-09-01 19:20:48.968239+00:00,H,False,-1.0,2.63,2.7,0.0
9f2ed1bfc5619ed77ea56a266c8128816f495ea4fd6b1c641e6c8df1332483f0,2026-09-01 19:20:48.968239+00:00,H,False,-1.0,3.8,3.8,0.0
e80e68aae795f0fafff70a4694f53529ee1f3d901374e2dcdefb1329b992aabc,2026-09-01 19:20:48.968239+00:00,H,True,1.4,2.4,2.4,0.0
df9cf5f74561f330566f20e1f3c526dec493eaa6631ff8ec357d7d35dd018ac1,2026-09-01 19:20:48.968239+00:00,H,False,-1.0,7.5,7.5,0.0
3626575a13deae9bb61304d5336b1013cb715054aa6bc82d00b43fc0fcf92562,2026-09-01 19:20:48.968239+00:00,H,False,-1.0,5.0,5.25,0.0
c0d6d76de72f9c5ab5ca5fbfae055f06682330f8fde8e6977d69e5532db26dfc,2026-09-01 19:20:48.968239+00:00,H,True,0.4099999999999999,1.4,1.41,0.0
795e1528e60f5231f5ac3249ce641d638eedd78091387ad76232c9e1efb3fc1e,2026-09-01 19:20:48.968239+00:00,A,True,0.7,1.67,1.7,0.0
ac62460d38e18eeef2da80300fbead6a0d5c923d5d3418d9d8c685f55e7b863a,2026-09-01 19:20:48.968239+00:00,A,False,-1.0,4.33,4.33,0.0
055edd3253265a7408eb1e761a5cf820fa39c7a170bae9c654819de8462ed977,2026-09-01 19:20:48.968239+00:00,A,False,-1.0,4.5,4.5,0.0
6ecf0921d3f7a2be8fdb41f8d8790279775eee63a86181707a88b46c29c39592,2026-09-01 19:20:48.968239+00:00,A,True,3.1,4.1,4.1,0.0
29f513210ab887841c933655b0aada817937da142c0655b0a8058bc470209698,2026-09-01 19:20:48.968239+00:00,A,False,-1.0,3.5,3.5,0.0
aa303b5e2771490ec91f44be440e6aef0df34974cbaf8ea9cbc95cc98eccec83,2026-09-01 19:20:48.968239+00:00,A,False,-1.0,1.95,1.95,0.0
0be8414f41e83eb56234ea10e6cce8529c855f44d6634f9fd55c7d271704172c,2026-09-01 19:20:48.968239+00:00,D,False,-1.0,5.75,6.0,0.0
4cddd341e09840d57590c00ec4955154b6d11c702ef0ddb3fdbd159cac03878b,2026-09-01 19:20:48.968239+00:00,D,True,3.6,4.5,4.6,0.0
c92d49645561e636e80fa9b1005eefd5d3f8c6e841a4b530fa33ed5ed9c5bc7f,2026-09-01 19:20:48.968239+00:00,D,False,-1.0,1.5,1.55,0.0
b199fc31cb4c22bf1bdc7864f6b0acbe02864f5af8753940bad6a2416a786fd5,2026-09-01 19:20:48.968239+00:00,D,False,-1.0,3.6,3.6,0.0
c3e7821c7b5e4cf8df645e36a47e490fa7242ae65ff94a6278c1ef39c7272f6d,2026-09-01 19:20:48.968239+00:00,D,True,2.6,3.5,3.6,0.0
4381d1ee5a344478e9d47b00cd2c04175d84d7ab6fa151a73010487273be5f99,2026-09-01 19:20:48.968239+00:00,D,False,-1.0,2.05,2.1,0.0
573e0022bbc8463613b0c4d4eaca6592f673e6929b84d4188b5377c44dbe8e77,2026-09-01 19:20:48.968239+00:00,A,True,1.9,2.9,2.9,0.0
a8d77a006d5b5d9d48d8cb6764c1fa79a99f90b042c92ae9ef9355db8412b5bc,2026-09-01 19:20:48.968239+00:00,A,False,-1.0,3.75,3.75,0.0
10addc70763d0d9f64092f2a1fe3232a50e6d2567f059f0524758092671dcd1b,2026-09-01 19:20:48.968239+00:00,A,False,-1.0,2.25,2.25,0.0
b762a29e1b2b0fce2b49ec446566348faf260fb3001d78c68abff2cad1207205,2026-09-01 19:20:48.968239+00:00,A,True,0.3600000000000001,1.33,1.36,0.0
682fa81c10ac6dbfb83f80866f95b81a0aafed945b9287ccd69e2f566a93a8ea,2026-09-01 19:20:48.968239+00:00,A,False,-1.0,5.75,5.75,0.0
605a226be3b096e6a19717cec397bee696a636ecfafbb242c42f0a865f293208,2026-09-01 19:20:48.968239+00:00,A,False,-1.0,7.5,8.0,0.0
641816b4e108e59b22fd6d551601e6feabc79751eaf639cc40c84a8ff43f71e4,2026-09-01 19:20:48.968239+00:00,A,True,2.1,3.1,3.1,0.0
e90482bcc928a79ac91e56f4b7a6b22aefcf0f58ebdae5b787c2889f4c86b449,2026-09-01 19:20:48.968239+00:00,A,False,-1.0,3.1,3.1,0.0
fbb15d30dea271f92926ac9b69affb7b522a5560db002cfa8807efa24aa0e8c3,2026-09-01 19:20:48.968239+00:00,A,False,-1.0,2.35,2.38,0.0
2bd6d1afe201d14886cb3ec92d23b4195731c3eed4a84ad54adcb7ba29e1fbed,2026-09-01 19:20:48.968239+00:00,D,False,-1.0,3.3,3.4,0.0
22f18e0515895ff9150fe774fcea080d96e3b86fc52bc1e0569bb2bc4ed8a3b0,2026-09-01 19:20:48.968239+00:00,D,True,2.25,3.25,3.25,0.0
32ecdbf954eb80f0e50765619242adfe411cef4a708d19c96f5c965f4efec434,2026-09-01 19:20:48.968239+00:00,D,False,-1.0,2.15,2.15,0.0
561e2abcaf49cfede087f6c92db018d9e6bd88cf152a29ca9d031d9effce15da,2026-09-01 19:20:48.968239+00:00,A,True,0.5800000000000001,1.57,1.58,0.0
5f553df74477c2ea8f87bf24b655044745c62d14e068955cb8de2d7a8b38f41f,2026-09-01 19:20:48.968239+00:00,A,False,-1.0,4.5,4.5,0.0
329c2165ee81ffea91a56abe9c6a125faa27a32b7e4812c2d8d83ef89b1bc298,2026-09-01 19:20:48.968239+00:00,A,False,-1.0,5.0,5.0,0.0
857f834fecdf2fdf4d235199c59c1709e0f942e06d43b6b6856c7b470aa0ff6a,2026-09-01 19:20:48.968239+00:00,A,True,2.1,3.1,3.1,0.0
6cec96552be700df435b9eeda1de621f1972db3f53074e89596d2f093339dd40,2026-09-01 19:20:48.968239+00:00,A,False,-1.0,3.3,3.3,0.0
def72658c8b5977c121078dbff49b62bffca7cbce0e16bb457ec819fb449f93c,2026-09-01 19:20:48.968239+00:00,A,False,-1.0,2.3,2.3,0.0
b876cf09a2ff66726380618a9e60e1b51442b50eb40626e7e6673251716cbba2,2026-09-01 19:20:48.968239+00:00,D,False,-1.0,1.75,1.8,0.0
be5e3054c5dabac1bbc541708afe7d85f42bff3f37037357c9ded0b2e040aa8a,2026-09-01 19:20:48.968239+00:00,D,True,3.33,4.33,4.33,0.0
26a261283def523ea2c8f19105706ce965aeb5884817a6f4c853c0f65a35150a,2026-09-01 19:20:48.968239+00:00,D,False,-1.0,4.0,4.0,0.0
68de2b01b38d0f43544e055dd67de1ce0ff3ad27572baa705eae91b638e41c53,2026-09-01 19:20:48.968239+00:00,A,True,0.6799999999999999,1.67,1.68,0.0
4d67de1b9eba24822463f1716d4fd458c3d24f2f78cdf9bb7ef7d5a86ef24a22,2026-09-01 19:20:48.968239+00:00,A,False,-1.0,4.33,4.33,0.0
f28f445b2a39148cb12d2d764cafed0517adc2d0331681d5d344fa96c9534926,2026-09-01 19:20:48.968239+00:00,A,False,-1.0,4.5,4.5,0.0
6a544d68d3d85ad1d06e3d0c4c914a00fe048b5643e809b7526902eb140e9e4d,2026-09-01 19:20:48.968239+00:00,H,False,-1.0,4.0,4.0,0.0
4bba982200a84350adcbce7c3c078442081401d6f312cdaad7a2b8c47f756c1f,2026-09-01 19:20:48.968239+00:00,H,False,-1.0,4.0,4.0,0.0
825f3872156d8b8a1ad74e53bca8c89571c0b08dd89d962b298bba715ddd49bb,2026-09-01 19:20:48.968239+00:00,H,True,0.8300000000000001,1.83,1.83,0.0
c816f6d813111a10868f2e75283f35ef5716a8c4a3635f2b0f8b31bde2ecccde,2026-09-01 19:20:48.968239+00:00,D,False,-1.0,2.7,2.7,0.0
576790fa1f4ae8893894138fdd6bd82c915ad8e9724210c136ef549b75d7bffc,2026-09-01 19:20:48.968239+00:00,D,True,2.5,3.3,3.5,0.0
7cd3bccc028fe515ab341b22f1d3f489582eff7957686e51f34d6f4c279f8c31,2026-09-01 19:20:48.968239+00:00,D,False,-1.0,2.6,2.6,0.0
a325480a8e09bcb7cfac6db51af915262cd70841244e634848e2879bb2fdee56,2026-09-01 19:20:48.968239+00:00,H,False,-1.0,3.1,3.1,0.0
d6fd0544c3c973e5854c6dfe5c1c1fa1c1e9fbf6438dba16f0d01669ef7b7f76,2026-09-01 19:20:48.968239+00:00,H,False,-1.0,3.2,3.4,0.0
2243036ec42018c566aaa93f9c56b6e685a097145b5eb3c179b98d60d4023ed1,2026-09-01 19:20:48.968239+00:00,H,True,1.4,2.4,2.4,0.0
52e62c0e6ceb5725dc31b53e6d6dd5cc57aa008bb9d4c2d0f657795c0c54dcf9,2026-09-01 19:20:48.968239+00:00,H,False,-1.0,7.0,7.5,0.0
b4d654f44df57704e8e848f1e8d2cf66ac919a10d488d2fa0d8167440083e4a8,2026-09-01 19:20:48.968239+00:00,H,False,-1.0,5.0,5.0,0.0
b7fafe5c72a3241296c6b50655cd3ace949d4e89c740b0d6b257e91b734daac4,2026-09-01 19:20:48.968239+00:00,H,True,0.4299999999999999,1.42,1.43,0.0
407b4a77444466b273c8a5de0da600ec1661df8f247a10a4745fae47f309ed37,2026-09-01 19:20:48.968239+00:00,D,False,-1.0,15.0,15.0,0.0
2d538fdfd1502c6b97ac7e6601eb5d2cb1a61736ef859baa1787c3d93d85ad4b,2026-09-01 19:20:48.968239+00:00,D,True,7.5,8.0,8.5,0.0
dfcaa394adeec358b395a550d3101ca178bffd73ef083c6786eb072ee481aa21,2026-09-01 19:20:48.968239+00:00,D,False,-1.0,1.17,1.18,0.0
76804e2c58069fc518dc57ea2820454e4d33ba1c1cdb6495937e7cb8873c2093,2026-09-01 19:20:48.968239+00:00,H,False,-1.0,2.75,2.75,0.0
d2ac3da0db247fb3cbd6adcdc4c706635b978183bf270f2aa0f9bb7c0c77f1bd,2026-09-01 19:20:48.968239+00:00,H,False,-1.0,3.7,3.8,0.0
783050a1db5dd5223d58828371a48e68fdb581093f02fd1a9f51284e9da726dd,2026-09-01 19:20:48.968239+00:00,H,True,1.4,2.4,2.4,0.0
80236cd418eb0b9a658ac889c97393ca908fddfdb843ea7321c8fc161006d3a0,2026-09-01 19:20:48.968239+00:00,H,False,-1.0,3.8,3.8,0.0
d20d229754b6f3572706466ac674e3927c5f4eec224e5b4a2001e4fa6f8319c8,2026-09-01 19:20:48.968239+00:00,H,False,-1.0,3.3,3.4,0.0
09de8fa8b38f65a2a7ff7bc547544554e2ff6ca102eed8eeb4df712ec7961a23,2026-09-01 19:20:48.968239+00:00,H,True,1.15,2.05,2.15,0.0
a4045b32f122d726681b2adfed819e7881890adc6481f4130cbca711d26d372a,2026-09-01 19:20:48.968239+00:00,A,True,0.6299999999999999,1.62,1.63,0.0
d0569d25bf5ef50999dddbeb2a1e03004fb56db32f943822e4d347b7a3596eea,2026-09-01 19:20:48.968239+00:00,A,False,-1.0,3.75,4.0,0.0
138e4458e8c3c08ec5b84c72cf89bdc51170bc64429b03cbb9230accd5ef9278,2026-09-01 19:20:48.968239+00:00,A,False,-1.0,5.0,5.0,0.0
300210d84865d9285ed87f598b78c91b999f2a8f68066def21bdf09a14849b34,2026-09-01 19:20:48.968239+00:00,A,True,0.3400000000000001,1.3,1.34,0.0
248ed07c3d76ac85bc2bb3574a1628fd1706fb5c1c950d67c3f65b365b7f9827,2026-09-01 19:20:48.968239+00:00,A,False,-1.0,4.5,5.0,0.0
4e028e0bc0cdd5d5dde8017c91696f4457130cc55b35ed0c783663a7a1a8396d,2026-09-01 19:20:48.968239+00:00,A,False,-1.0,11.0,11.0,0.0
88f3da69d7af6f0002bdf629420fd166d319890902071da1b0731303c24d8aba,2026-09-01 19:20:48.968239+00:00,D,False,-1.0,1.33,1.38,0.0
2a0bc793e235c7b3fe51641a9126db127a73045030fa0a01304a94c066f659db,2026-09-01 19:20:48.968239+00:00,D,True,4.0,4.5,5.0,0.0
67e1208deaa6b9c1a64e7301975589698b406b5873cb9e39b629e6dacb71bc50,2026-09-01 19:20:48.968239+00:00,D,False,-1.0,9.0,9.0,0.0
1c16bdcf983b5297f8269508f42c953f049ff3ec114e472ca43836fcd2261d3d,2026-09-01 19:20:48.968239+00:00,H,False,-1.0,5.25,5.25,0.0
0e20123643dd3ab7581fc202e475db9cbbfb6c10d692d137bb0f919f7f31e42e,2026-09-01 19:20:48.968239+00:00,H,False,-1.0,3.7,3.9,0.0
3f681b692f849e37f1ac4fe0de2a5cd8a70b131acff1243cbb6e96db18edde61,2026-09-01 19:20:48.968239+00:00,H,True,0.6499999999999999,1.61,1.65,0.0
f73ef7ef26d22678538836b9794c1115faf412a0d17334b962a1a9f29e22e032,2026-09-01 19:20:48.968239+00:00,A,True,0.55,1.53,1.55,0.0
08cefe546a0f06d63f19344fca463813001d3e81aa6758d256f178f6d7ff0110,2026-09-01 19:20:48.968239+00:00,A,False,-1.0,4.1,4.2,0.0
997a4588ef55ff70d23a5235bd4aaa86617a5179b6d1becac784c3a6441536d3,2026-09-01 19:20:48.968239+00:00,A,False,-1.0,6.0,6.0,0.0
9c7913dc25ae577cf9a4eb4689fb905718b9e27aaab13200054d64df17831258,2026-09-01 19:20:48.968239+00:00,H,False,-1.0,5.0,5.0,0.0
e6c486f653855a16f8a6e38eea436ce2891f702472c619396b5f4de6dae71d6d,2026-09-01 19:20:48.968239+00:00,H,False,-1.0,3.6,3.6,0.0
0d83337ee776e5053b793245dfd931bdc9886060e0ec062d6e74075120ea0fc6,2026-09-01 19:20:48.968239+00:00,H,True,0.75,1.68,1.75,0.0
2040f36e48dc8e1acdecd013110ab3c087842b0f587aec4d9e963fbf78b74130,2026-09-01 19:20:48.968239+00:00,H,False,-1.0,12.0,13.0,0.0
ec047193e71e4ef0a00b11ce602a183e6f66075ea29ee783fe359b518c02f96c,2026-09-01 19:20:48.968239+00:00,H,False,-1.0,7.5,8.0,0.0
00d7b82965374ed10644de6210db6c3b62cee2caa49d05bd95c7c6bb1f3464a1,2026-09-01 19:20:48.968239+00:00,H,True,0.1799999999999999,1.15,1.18,0.0
fa919b87c6ff5c469785a92c723feaa0c90830cb3910d5ddde016f6c09eed705,2026-09-01 19:20:48.968239+00:00,A,True,0.6499999999999999,1.56,1.65,0.0
b954212d14f290351862a2da4efbb3e1312fa804e148f0ddc2e31a964f206b20,2026-09-01 19:20:48.968239+00:00,A,False,-1.0,3.6,3.8,0.0
a6e98778f2c0a15af754f0e8a4d7314756945e4f21198697e9d23680dc1aa1b7,2026-09-01 19:20:48.968239+00:00,A,False,-1.0,6.25,6.25,0.0
1e17f2ba58b21bd2a93bae88dda8b06189b70872272652519e87f4d1c75d597d,2026-09-01 19:20:48.968239+00:00,A,True,5.25,6.25,6.25,0.0
9df8e24bfdb874d04e9e5edb5efa8f9304163af3b2ece397c7059d315c9df652,2026-09-01 19:20:48.968239+00:00,A,False,-1.0,4.75,4.75,0.0
722b8a555eab2473d55d623acfcceee997332185d5f66b07165359ca3e4531b7,2026-09-01 19:20:48.968239+00:00,A,False,-1.0,1.45,1.49,0.0
dcf35d012e04ac07577da15d86a1db156fd64264fe2f1cacbd0e4416915b0369,2026-09-01 19:20:48.968239+00:00,A,True,0.32,1.27,1.32,0.0
640d228d3f5433fafe2d9196cf02b51e4b832f2ea2a6a0f6ec4ede4796963890,2026-09-01 19:20:48.968239+00:00,A,False,-1.0,5.5,5.5,0.0
3d5c8c868834c2e82e73bd589553c2201a9f2433dd849a690104c4d6d145aa35,2026-09-01 19:20:48.968239+00:00,A,False,-1.0,8.5,9.0,0.0
97506cd81fe37fbdae11c55c6b86580d97e11eb6a8c0df25970d4a2b3041f183,2026-09-01 19:20:48.968239+00:00,A,True,0.7,1.67,1.7,0.0
de3712e554b11d627ccce82d9b5c0f1f6ea3534204aa10c94ce18d24f996afeb,2026-09-01 19:20:48.968239+00:00,A,False,-1.0,3.9,4.0,0.0
9fded18ca928454febdcc26d8f9ba571bd11ee24bcee3aaff7fc7a9899df5860,2026-09-01 19:20:48.968239+00:00,A,False,-1.0,5.0,5.0,0.0
14e81af0ba6980730f5c582230a38000d3a242cf7016e6299b7b3e4214b2695f,2026-09-01 19:20:48.968239+00:00,D,False,-1.0,1.7,1.71,0.0
f8830fa60725f168db127468aba8cf62cb9ffc4a55f14b00a0aa2b41566f1baf,2026-09-01 19:20:48.968239+00:00,D,True,3.0,3.8,4.0,0.0
af91c767c0eef0c8c0390ca2f9fdafd256246dce513b4e337290de77c0ff889e,2026-09-01 19:20:48.968239+00:00,D,False,-1.0,5.0,5.0,0.0
1a82c985107328d3683c8c7a226fdae2712fcf09c5308f08e9230fd8b04faa76,2026-09-01 19:20:48.968239+00:00,H,False,-1.0,2.05,2.1,0.0
f262d65f2d0741300e6c5c4d38b0e3017957d83b1ee5e4c7dcfa82dcbf8002c3,2026-09-01 19:20:48.968239+00:00,H,False,-1.0,3.6,3.7,0.0
343853a7eba2068a3d0e01da1f17c96562c7786cd34ecaa2a6ac0916020fdce0,2026-09-01 19:20:48.968239+00:00,H,True,2.5,3.5,3.5,0.0
d1d6dd71bdd0ea4ee3ea7e949f630781161ac5954b042ea947bb72cdfc27beca,2026-09-01 19:20:48.968239+00:00,D,False,-1.0,2.63,2.63,0.0
6b0daa372f8e60b031083d4099220152ed04428fc7c60888192c5eef779df805,2026-09-01 19:20:48.968239+00:00,D,True,2.4,3.4,3.4,0.0
35812db4dc644777d9783969fdc6f0b4643a0868604fcb120406b48bc20894d1,2026-09-01 19:20:48.968239+00:00,D,False,-1.0,2.63,2.63,0.0
b355ed2096f53b1e8d92935edeaf2a741fc0b67ea30a207cb1fdc1fc423b04f0,2026-09-01 19:20:48.968239+00:00,A,True,3.5,4.5,4.5,0.0
c965047f258cfca28f97a83d7459ad36e838d6c60a7ff70ef394da2b5cafdb62,2026-09-01 19:20:48.968239+00:00,A,False,-1.0,3.6,3.6,0.0
c26dfdb43da986b70e6eb166546047f029c97ddb18738eb4d9a146cab96f4caa,2026-09-01 19:20:48.968239+00:00,A,False,-1.0,1.8,1.9,0.0
737104a0303311c227b3379dab9ad4024f870904a939066de639515005270fb5,2026-09-01 19:20:48.968239+00:00,D,False,-1.0,7.0,7.0,0.0
9bf08d9387d5d214b227ee3da06389fab4a57181c259cdc525d907a7e6e7c595,2026-09-01 19:20:48.968239+00:00,D,True,3.5,4.5,4.5,0.0
2a2deeacd0719fae7d52e825432fab8e1d4429cbf4c8c31f1ec377e0334ca6b7,2026-09-01 19:20:48.968239+00:00,D,False,-1.0,1.44,1.5,0.0
30f79cc9990858cb38661110517766d3feb6fc8ab0cbeb6ed2f505bc371acb5f,2026-09-01 19:20:48.968239+00:00,H,False,-1.0,3.4,3.4,0.0
225524e1860e81d8448dda698adb6037de30b02ce8153f10a5e00155e3c15bcd,2026-09-01 19:20:48.968239+00:00,H,False,-1.0,3.25,3.25,0.0
5f10821d4a3e325e35d76fe9c7c77475623e3e5ec758c80efb6f3b5a1be0b9e6,2026-09-01 19:20:48.968239+00:00,H,True,1.2000000000000002,2.1,2.2,0.0
3c4c53565b37bdd397279b99cfd08834b0f9f8ee78d543a223a4979ba55060c4,2026-09-01 19:20:48.968239+00:00,D,False,-1.0,2.65,2.7,0.0
6cd0f5dcec844538cbd7416f86926d4817be799f094ea15be320bb4208be86ef,2026-09-01 19:20:48.968239+00:00,D,True,2.1,3.1,3.1,0.0
e0a0528428bafb6b313c345ba218e589ae25b3c819ec5cd2cec0f2de5dbbfd21,2026-09-01 19:20:48.968239+00:00,D,False,-1.0,2.57,2.65,0.0
093d80b635a81ed120f360514fb6b59a0e1cc3257c2f39df1ee2557b65f19a81,2026-09-01 19:20:48.968239+00:00,H,False,-1.0,2.63,2.7,0.0
d2d35eb087c1e0c80a774af3b07cf6aa3204828663d24917e91e957c008c1df1,2026-09-01 19:20:48.968239+00:00,H,False,-1.0,3.8,3.8,0.0
045b93f4702319ff8fd80de1199b97e0ad3b8dd2af50ac95a71fe2f17c7137f8,2026-09-01 19:20:48.968239+00:00,H,True,1.4,2.4,2.4,0.0
841b866d06b0ee57727d6a66aee43e5dae18b1d3c3018b84f13cfb6176a52239,2026-09-01 19:20:48.968239+00:00,H,False,-1.0,7.5,7.5,0.0
7d33c1c98cb6feba91d56cb06cb0d77cc5f1c8f98b1ffb331f5b60a6c1021106,2026-09-01 19:20:48.968239+00:00,H,False,-1.0,5.0,5.25,0.0
3331703cad01506a57e16fc6c90a6a5587890190378615d3c0e6a75137bb7b9a,2026-09-01 19:20:48.968239+00:00,H,True,0.4099999999999999,1.4,1.41,0.0
1f57a77d8c42b9eecfccfc3eac0317d1fa0168676a1be14277250ecaf07e1c9f,2026-09-01 19:20:48.968239+00:00,A,True,0.7,1.67,1.7,0.0
df62cd2c9113a4d4d905ec93ed300d8dbc4cfbcd6c07bb1362d9ae04f4372a11,2026-09-01 19:20:48.968239+00:00,A,False,-1.0,4.33,4.33,0.0
6bb071644b18701eef092632e8f3dc31006db604359b23630a82611919b58f37,2026-09-01 19:20:48.968239+00:00,A,False,-1.0,4.5,4.5,0.0
9739cac9d1182cd8a2262e59013486ac0ed56e4ba78a82b4b6d5eae4cb7505cc,2026-09-01 19:20:48.968239+00:00,A,True,3.1,4.1,4.1,0.0
51d4ac52e76919b27d33a2fc4953855fe60fdbcb3b0d273725459189167ace2c,2026-09-01 19:20:48.968239+00:00,A,False,-1.0,3.5,3.5,0.0
a52867cae9bee4720821f3c77f42f28332475459ac4049e036e544c0266c4f01,2026-09-01 19:20:48.968239+00:00,A,False,-1.0,1.95,1.95,0.0
489c3360f17872c56bd0137553689dc291a68703c161349740151fd4bfb08185,2026-09-01 19:20:48.968239+00:00,D,False,-1.0,5.75,6.0,0.0
ff5f395012580712dd5b1324a7803583f85a6472f1cb4d20ca9d9c43672bd83f,2026-09-01 19:20:48.968239+00:00,D,True,3.6,4.5,4.6,0.0
d6862e2496668faab07f18695015f3a094ff90c333dff14ddbe88c76e3b6a2da,2026-09-01 19:20:48.968239+00:00,D,False,-1.0,1.5,1.55,0.0
baff33deff0fb83f9d7fc7981af8ebaddc54f152208d1f9b12b940401a6cd754,2026-09-01 19:20:48.968239+00:00,D,False,-1.0,3.6,3.6,0.0
17fb9a39ceb54f7c9a9d6088aa2b8d27f6eb38ae895f486d6737dc71eca08d01,2026-09-01 19:20:48.968239+00:00,D,True,2.6,3.5,3.6,0.0
8314b737272bd7d89ef2ada199b4ed34c6f77ffcaf8c13b200451cd89ac3c67b,2026-09-01 19:20:48.968239+00:00,D,False,-1.0,2.05,2.1,0.0
106f225698d8b3be13576308c30678e00ce2142df03a50aed6c9c446c570ddd5,2026-09-01 19:20:48.968239+00:00,A,True,1.9,2.9,2.9,0.0
ef5418926cd12baba7aa9dc3cffd9ab976a0df5700dff76beb940822a864ca8a,2026-09-01 19:20:48.968239+00:00,A,False,-1.0,3.75,3.75,0.0
ee4304061744be92276a4fc3c2e4cb425d15b921c5b75af99817e0629c9a8d10,2026-09-01 19:20:48.968239+00:00,A,False,-1.0,2.25,2.25,0.0
cfd6ba2baa06e8d5d09da0febc41ad925c56e166c50b1444d9f7cded9dd41738,2026-09-01 19:20:48.968239+00:00,A,True,0.3600000000000001,1.33,1.36,0.0
7ba764f0cf28a0fb8fd43b996ce01f80d4b6c3f367291e25a5cc1a8574af0cc4,2026-09-01 19:20:48.968239+00:00,A,False,-1.0,5.75,5.75,0.0
c213ab8688fed81660da0b7bb73b47719a95fb6a2fd493231e90559329096a7b,2026-09-01 19:20:48.968239+00:00,A,False,-1.0,7.5,8.0,0.0
2ef8bea691e54181a1ae34b77487368691806115d7e1323bd6c6e4dae2a88845,2026-09-01 19:20:48.968239+00:00,A,True,2.1,3.1,3.1,0.0
f65cace9ce06ea51d06afc2e37d10d1ec7069e71434c424cfa6dee5205799d4f,2026-09-01 19:20:48.968239+00:00,A,False,-1.0,3.1,3.1,0.0
81c10ad3f455597163ace39e07be9ed917f2eeeddd7ff87944fd587ad187c70d,2026-09-01 19:20:48.968239+00:00,A,False,-1.0,2.35,2.38,0.0
20afe8967c3a055e3237f7443d6f19b3ab993e0b3f3710a04f95956b04761e7d,2026-09-01 19:20:48.968239+00:00,D,False,-1.0,3.3,3.4,0.0
d704cbc3e729d1289d87ee6d714627a958a9cb4a6b8b4d6500749318badc6a2c,2026-09-01 19:20:48.968239+00:00,D,True,2.25,3.25,3.25,0.0
546b0dfef045bba43647a104f570ddc948020e594681425743a48f92d42db770,2026-09-01 19:20:48.968239+00:00,D,False,-1.0,2.15,2.15,0.0
afc12f0f8628a5bfbab193f38374cbcec239d16a9259c2a8de353e472ce364af,2026-09-01 19:20:48.968239+00:00,A,True,0.5800000000000001,1.57,1.58,0.0
9cfb8c25c4d5ee2f5070514ebdd140c861267bab0865064226a57a4a88762599,2026-09-01 19:20:48.968239+00:00,A,False,-1.0,4.5,4.5,0.0
0b4a324b17b740698d4e247fe3673108738d9e8a3c73b42ec27ceb346b00776c,2026-09-01 19:20:48.968239+00:00,A,False,-1.0,5.0,5.0,0.0
ee892492a270de5a17ada119e0806403160091768430e7051f1c71ec50244a38,2026-09-01 19:20:48.968239+00:00,A,True,2.1,3.1,3.1,0.0
8725be34c1408ad8efc32135deb608dc922444ece3e8abbb1fd67e6cb87b339e,2026-09-01 19:20:48.968239+00:00,A,False,-1.0,3.3,3.3,0.0
89557794bd33d795a61cb798da7019bc6d8e7ea139b82dab1cbefbfc9db4ecfb,2026-09-01 19:20:48.968239+00:00,A,False,-1.0,2.3,2.3,0.0
60720d4043aa8db60dd33fbaec13796dd4ef04de006d5018709c3a89933f17c5,2026-09-01 19:20:48.968239+00:00,D,False,-1.0,1.75,1.8,0.0
9e8bfd62ff771fbed6641440bbe0bbf67f1f9d62bf84bb95e8d49c858333ea42,2026-09-01 19:20:48.968239+00:00,D,True,3.33,4.33,4.33,0.0
1f9056c8428b43215b4f32b98acf82944e4a5b0de42058f93259f8cb53d572ef,2026-09-01 19:20:48.968239+00:00,D,False,-1.0,4.0,4.0,0.0
5bbc86bd288559f97be631459c901bb4e613eaf256da29382b782ea769d339f8,2026-09-01 19:20:48.968239+00:00,A,True,0.6799999999999999,1.67,1.68,0.0
cb2e7113b966b1bf502a214f3adf1f84220f3a5484cea500a34bf0a76042abb5,2026-09-01 19:20:48.968239+00:00,A,False,-1.0,4.33,4.33,0.0
ae671f5138012e86e2251779d7b1f96ecc6bde7e4c5da5d544f7345ea898b8c6,2026-09-01 19:20:48.968239+00:00,A,False,-1.0,4.5,4.5,0.0
ed8ba17f5d7346d59fcc781503ed7c7d385a14962ac8f2c709169912d3992880,2026-09-01 19:20:48.968239+00:00,H,False,-1.0,4.0,4.0,0.0
243768c90902128fa7b1a75a91b317ba5e5f98c2d42435827fc689939bfada62,2026-09-01 19:20:48.968239+00:00,H,False,-1.0,4.0,4.0,0.0
d03ac8d4104ed0e693db1c9bb08e3974bf3b5f5ab4db845ca11d742bac67f214,2026-09-01 19:20:48.968239+00:00,H,True,0.8300000000000001,1.83,1.83,0.0
f1e808f909c87dfc0834dffe01f8c98fdf7473bc2269c07c1c1038e4b1351026,2026-09-01 19:20:48.968239+00:00,D,False,-1.0,2.7,2.7,0.0
29e5810d8847ad40dc09fe25e6d0f51f2ceb0b585f13a4e10a88106a84997a12,2026-09-01 19:20:48.968239+00:00,D,True,2.5,3.3,3.5,0.0
5e32cfb6b3b6152ff4a9d529ced6125b2b1605962b3d17461824390d9c95ef56,2026-09-01 19:20:48.968239+00:00,D,False,-1.0,2.6,2.6,0.0
c6f4fef44aba3e9f9b760356b8bb50fab3db8d5e3bd0a7bdc8b5151dbb109e49,2026-09-01 19:20:48.968239+00:00,H,False,-1.0,3.1,3.1,0.0
e81bc41e0604f6d9c335ea7c00dd62fc7be28b3b1932b76be9083bda231ccdc9,2026-09-01 19:20:48.968239+00:00,H,False,-1.0,3.2,3.4,0.0
3c7a0a10f3d8b83168b8c12759d68e501bb02f7eedf6b79b570342c8837215d6,2026-09-01 19:20:48.968239+00:00,H,True,1.4,2.4,2.4,0.0
173188f720b9c33e429906dec3b3ead25dc0cd7347fdab04d19163ce1efa13da,2026-09-01 19:20:48.968239+00:00,H,False,-1.0,7.0,7.5,0.0
c642d0227a7fab87ae343a68ccc4682d3ebaffc5fa8eae7eb396a4832df1dcb1,2026-09-01 19:20:48.968239+00:00,H,False,-1.0,5.0,5.0,0.0
3439bed0e7ec3c98160c4f9df8e3413a8030293cc2e5027bde47495886cd94a7,2026-09-01 19:20:48.968239+00:00,H,True,0.4299999999999999,1.42,1.43,0.0
9fa5a2ee5e4123e9113a004bcac8a2ac2d43f80d70fa467f1b2857a46e981e55,2026-09-01 19:20:48.968239+00:00,D,False,-1.0,15.0,15.0,0.0
37c5e866ca19023231b337015d669060291e0a9e64c3650dc04333a600db0d5e,2026-09-01 19:20:48.968239+00:00,D,True,7.5,8.0,8.5,0.0
fffbb7afa4dba14a2a1cc295d78512352e081247e67e45e1fa1925e84232066a,2026-09-01 19:20:48.968239+00:00,D,False,-1.0,1.17,1.18,0.0
f6a840610d62aef2a7f397594fff34fadc6ad9ebe6dd5e3accaa9379a50e5ebb,2026-09-01 19:20:48.968239+00:00,H,False,-1.0,2.75,2.75,0.0
d2fe3ea53107edb86bdc895f8eaf1bd4598a27bd123fd18c4e6491ce5f812bdc,2026-09-01 19:20:48.968239+00:00,H,False,-1.0,3.7,3.8,0.0
14a089ea1339c736241d07760c0bcfe1b42f2ba0e373ebc17cad86e568b107b0,2026-09-01 19:20:48.968239+00:00,H,True,1.4,2.4,2.4,0.0
597b97b91786f7a795f201c2efc0fd3247beb9ba5344561a9898c087a35dd0f3,2026-09-01 19:20:48.968239+00:00,H,False,-1.0,3.8,3.8,0.0
181ee52e12ba0b7a17161e169d053a123938bb4af0162a4737efa80948f1a69c,2026-09-01 19:20:48.968239+00:00,H,False,-1.0,3.3,3.4,0.0
52b37a9bacfa6d183aa74e4cf1158a21614339060036ba72c627ab2447cfe0c3,2026-09-01 19:20:48.968239+00:00,H,True,1.15,2.05,2.15,0.0
2d62a14eff2333c97b6fb77416e8f8f5f7b947040800406f2719294f1f154f8b,2026-09-01 19:20:48.968239+00:00,A,True,0.6299999999999999,1.62,1.63,0.0
d42af84d40e998b225abfc053fc15a7bfb4c75e7ce1237c76633ab739267fc36,2026-09-01 19:20:48.968239+00:00,A,False,-1.0,3.75,4.0,0.0
1715e187bd42ff7e38d5e594efa7d2bdfcfacd4fcca38b1ae3fc32aab96481ab,2026-09-01 19:20:48.968239+00:00,A,False,-1.0,5.0,5.0,0.0
9c4be184af595357463bb5932f014427aedd256b4e65e8cb276b9ad47ad34be1,2026-09-01 19:20:48.968239+00:00,A,True,0.3400000000000001,1.3,1.34,0.0
0910ac953e1ea656fe45f43d8ce1bd76b0a6f2d9b54d35d700e19b5e1ceed896,2026-09-01 19:20:48.968239+00:00,A,False,-1.0,4.5,5.0,0.0
48a7b6fdcae2a9c38ed293c350533f3587f215ac6d80d5db568dabc682e3b28b,2026-09-01 19:20:48.968239+00:00,A,False,-1.0,11.0,11.0,0.0
9c26d0492f020e07e8e9345512f3cf9fca63d1dd010f97b64d1fc0e5e5d9827b,2026-09-01 19:20:48.968239+00:00,D,False,-1.0,1.33,1.38,0.0
0560ecd69bb91d934cf038a3b4f193913dac8c7076bbf6cc1d64ffd3173676ce,2026-09-01 19:20:48.968239+00:00,D,True,4.0,4.5,5.0,0.0
7c9a5a2adf8f0c9e316030c639b813e7491a3b1979b321b57798cea2ec289589,2026-09-01 19:20:48.968239+00:00,D,False,-1.0,9.0,9.0,0.0
d45b861a431b4d6292ad5dde6cd0f7b0f8424d1a21676b157bcaf3ab065e35d8,2026-09-01 19:20:48.968239+00:00,H,False,-1.0,5.25,5.25,0.0
67c00c85e41cb69378efa55e66156df8cde993ebc0a91fe59af73b04b8e6674b,2026-09-01 19:20:48.968239+00:00,H,False,-1.0,3.7,3.9,0.0
f56c56ae92da29dc9c2e84c5ed5492ee472b8c9a73e77cc3ec22d9b12baaa952,2026-09-01 19:20:48.968239+00:00,H,True,0.6499999999999999,1.61,1.65,0.0
dca8713766efb14541ab419536834e44ecf04ae2fe8bedbbb0e2def079261d92,2026-09-01 19:20:48.968239+00:00,A,True,0.55,1.53,1.55,0.0
5bda08d00867e9874f25fe647299a7c36449616388683e9c964eeacd1cfb788a,2026-09-01 19:20:48.968239+00:00,A,False,-1.0,4.1,4.2,0.0
04551773d1f0ce6bdd7ecc9a345a5b33d062f27736b250c0f97bd6c09f2eb009,2026-09-01 19:20:48.968239+00:00,A,False,-1.0,6.0,6.0,0.0
c3b0c32fe2b78e3394f1a8e12667e3ab51599040eadce7e2d8dfb57ae9bdb69e,2026-09-01 19:20:48.968239+00:00,H,False,-1.0,5.0,5.0,0.0
b4c9ead85f8797c09e90fabf017d00f935423b2e758cb52f843bb4add250b95f,2026-09-01 19:20:48.968239+00:00,H,False,-1.0,3.6,3.6,0.0
3666ad12175dbaa16e615e5ea8dedf0131ea87496b506cb7f638e3aebb7f1151,2026-09-01 19:20:48.968239+00:00,H,True,0.75,1.68,1.75,0.0
10c7db3b0a23386c043d096b23b04943b3ac6d0a1fed6a554e29c02dca8f1d29,2026-09-01 19:20:48.968239+00:00,H,False,-1.0,12.0,13.0,0.0
0763582df167089790f7fbc4420dc8cb03b5d9c374e025eb95bef655d30922d1,2026-09-01 19:20:48.968239+00:00,H,False,-1.0,7.5,8.0,0.0
5ae8b51e37cdb842542bbf2c3ba9e3c436e75c3cb876bca93c6a0e1e051d0943,2026-09-01 19:20:48.968239+00:00,H,True,0.1799999999999999,1.15,1.18,0.0
1ba0983d714f0a46b551a0686088a179a7de226ad4fd78e3cdb59e8115b3fc7b,2026-09-01 19:20:48.968239+00:00,A,True,0.6499999999999999,1.56,1.65,0.0
132bf0a911916f82587e2d1e4288db06081f6a10c446eeb6510cf4d32b6fe0ee,2026-09-01 19:20:48.968239+00:00,A,False,-1.0,3.6,3.8,0.0
ed428022681f4f8ec252a8701d70976010199b78d5ad23cc92c8a86b3334b64d,2026-09-01 19:20:48.968239+00:00,A,False,-1.0,6.25,6.25,0.0
ab56ce7af45f4599e8107234437e875546c472028df9018c7ec61a1ab188326b,2026-09-01 19:20:48.968239+00:00,A,True,5.25,6.25,6.25,0.0
e2e04e21b1a67206523bcc61393bd61cf3366434f9fe334d35ccdca41288fb33,2026-09-01 19:20:48.968239+00:00,A,False,-1.0,4.75,4.75,0.0
ee09abae2c7c043554e4dea930b3c3d1f48f825d551970ce812f89234b158311,2026-09-01 19:20:48.968239+00:00,A,False,-1.0,1.45,1.49,0.0
d13d74504189ec089794e504255b8663471e7f601f698261ad4ee36583cb8b35,2026-09-01 19:20:48.968239+00:00,A,True,0.32,1.27,1.32,0.0
6534b65d957166766b65e0069e7ec421c92a375798d05bd4150b565ec93d9919,2026-09-01 19:20:48.968239+00:00,A,False,-1.0,5.5,5.5,0.0
a12c2481b51f83f32e6e41a0c1804e0ca764b61ee7c008f889fa91c715dc53cb,2026-09-01 19:20:48.968239+00:00,A,False,-1.0,8.5,9.0,0.0
f0302ef432bebefec47e0977dda2e3d070fd29e263b243c1762522db9a221779,2026-09-01 19:20:48.968239+00:00,A,True,0.7,1.67,1.7,0.0
45be838ddb7eb3406af177fba2b6ebe8b27d6651e13c198e01e3ce0a0b61b563,2026-09-01 19:20:48.968239+00:00,A,False,-1.0,3.9,4.0,0.0
691ff7dcbb77d77e6fbae5a95c512302dfd4ab03597f4af121eb95303eac7806,2026-09-01 19:20:48.968239+00:00,A,False,-1.0,5.0,5.0,0.0
cac9876da3c43d58e16b0fe6662b18e2020ef1da7beb6417df17f1c189035b62,2026-09-01 19:20:48.968239+00:00,D,False,-1.0,1.7,1.71,0.0
33115f939caa0c2347f5fe83e5e74189281d74d34e92dad42f0f96452ea3ef9b,2026-09-01 19:20:48.968239+00:00,D,True,3.0,3.8,4.0,0.0
983787a314073d6ebe33984c2a515920ca9b22de4b5e3ebb6c5e4dd28367339b,2026-09-01 19:20:48.968239+00:00,D,False,-1.0,5.0,5.0,0.0
fd42dab138d927cd3fdfde627474b8c8e06890d51c980418f0b5b93483347ca5,2026-09-01 19:20:48.968239+00:00,H,False,-1.0,2.05,2.1,0.0
0c9b63686f6d146e04e0f2f8eb68e5f58b5b88f772214a8b6b4a4df9c2c14c9d,2026-09-01 19:20:48.968239+00:00,H,False,-1.0,3.6,3.7,0.0
a9ba6bbd3817d5ac503da0114a225dbff3d1934fdd9ea434b6856c37894254a2,2026-09-01 19:20:48.968239+00:00,H,True,2.5,3.5,3.5,0.0
7a930e46f685829a775fc61aa0116cdbf123c3eb36104b73c55e09b82fa0c94e,2026-09-01 19:20:48.968239+00:00,D,False,-1.0,2.63,2.63,0.0
dd0ef8b16b7626a1d1f50c1e32c317541996a97b0ca9693cb182f92b66a665d0,2026-09-01 19:20:48.968239+00:00,D,True,2.4,3.4,3.4,0.0
8bb14a6cb36b21cadac551f6ee72a189e2d99425a6f6279941e3b4a4bc46f5cc,2026-09-01 19:20:48.968239+00:00,D,False,-1.0,2.63,2.63,0.0
2ec3ffbb59128317b9bf1d0a0c6c17993de44e0f652fb2813d2985af898f4844,2026-09-01 19:20:48.968239+00:00,A,True,3.5,4.5,4.5,0.0
8564207492a2982411014d653f4bed66f0fb437f67d2c96e1e3419bcdf773288,2026-09-01 19:20:48.968239+00:00,A,False,-1.0,3.6,3.6,0.0
ed93056a1a7d00c8cecd65f9831930f105487435833ca8cb65eedc311eb33230,2026-09-01 19:20:48.968239+00:00,A,False,-1.0,1.8,1.9,0.0
6bdf26a3af4be005199d4a6936c955f9b6cd9417452726323ef90254fb4ce75a,2026-09-01 19:20:48.968239+00:00,D,False,-1.0,7.0,7.0,0.0
cc5b74d6fbd8e5f303038e2614911bb82b489857d091835807666222ca4b127e,2026-09-01 19:20:48.968239+00:00,D,True,3.5,4.5,4.5,0.0
532894a8b5a300d0dc3e3cd730f6778deaf1e3f97a7514e9c317f46d5ba11b6d,2026-09-01 19:20:48.968239+00:00,D,False,-1.0,1.44,1.5,0.0
6371f2f02bbe42f24f159cce1721932b8b878a5cc4ed49e232902595d32b0f79,2026-09-01 19:20:48.968239+00:00,H,False,-1.0,3.4,3.4,0.0
05848565685d24bd684c93cf73dca77af213f6ffda82db3980bb133291ac116b,2026-09-01 19:20:48.968239+00:00,H,False,-1.0,3.25,3.25,0.0
3b339fded26543855e48c1a2c4700008258f543a62c6ba2bc41884a68092b08f,2026-09-01 19:20:48.968239+00:00,H,True,1.2000000000000002,2.1,2.2,0.0
0f12c4086532fd424813f0017da8688dccbaf3a3668fb9d39af16c1937d29f6a,2026-09-01 19:20:48.968239+00:00,D,False,-1.0,2.65,2.7,0.0
b8e3b8f10bb2f32606d544c4fa05a38b9594e08ab6e2f221c19d5c53f794a973,2026-09-01 19:20:48.968239+00:00,D,True,2.1,3.1,3.1,0.0
a449f7091bfcf4a1ddd5da5011cec2e048dcaf9be94ae199388fffc1a7b3149d,2026-09-01 19:20:48.968239+00:00,D,False,-1.0,2.57,2.65,0.0
1e6c1af98d5449bc83ae2734ddecfc47010538767969aff460a44492ac67a8ec,2026-09-01 19:20:48.968239+00:00,H,False,-1.0,2.63,2.7,0.0
332afff812f097addaa6c3ca84e7bf7d7363beb409d5e2ae9dfeb426e4d7c7d1,2026-09-01 19:20:48.968239+00:00,H,False,-1.0,3.8,3.8,0.0
b0f78313dc684d4e6c6a909f7d885f8700bc5d3061966c20d8ff8eef7a854203,2026-09-01 19:20:48.968239+00:00,H,True,1.4,2.4,2.4,0.0
3b26c80d495324d755ecc4b7a3a92dcdede413d02cbdda9b23476671adfd6fa5,2026-09-01 19:20:48.968239+00:00,H,False,-1.0,7.5,7.5,0.0
32754cf4fb66e614f96d2254ce906b132460948e93965754abad7242501730a6,2026-09-01 19:20:48.968239+00:00,H,False,-1.0,5.0,5.25,0.0
0d9e81c194703e875d79ca3b43c17e30c42be30976fe169e3ffe924347932499,2026-09-01 19:20:48.968239+00:00,H,True,0.4099999999999999,1.4,1.41,0.0
e86c06caabaaa20179922caeb83d1c9448b138e805ec9f48b5e2b04aabd8e482,2026-09-01 19:20:48.968239+00:00,A,True,0.7,1.67,1.7,0.0
674688c7580b6c2555d6687b581a0a2c2012f17e28a40c827a7d8c9a7043323a,2026-09-01 19:20:48.968239+00:00,A,False,-1.0,4.33,4.33,0.0
f90cba9473593e04f677694e476313c2414402f9027ffc69ea4a2fbc493aaaa1,2026-09-01 19:20:48.968239+00:00,A,False,-1.0,4.5,4.5,0.0
d365e8f4ebe1f0be1bd5595766b8c377d3d03d2fb5a94ea79efc8da0fa11c0d6,2026-09-01 19:20:48.968239+00:00,A,True,3.1,4.1,4.1,0.0
c0604998a3ad7ecedbb6163ccbf7593e0f905c8e49117e941b7376ea5890bbed,2026-09-01 19:20:48.968239+00:00,A,False,-1.0,3.5,3.5,0.0
c03cafa77fe7e43986430da5fa813d80bfa475e90c2282c9d7a3c37aa5e80e15,2026-09-01 19:20:48.968239+00:00,A,False,-1.0,1.95,1.95,0.0
af7320f5d563b3839471bf834cc07f143432fb2a82598a9aecc5ab66b18a71e0,2026-09-01 19:20:48.968239+00:00,D,False,-1.0,5.75,6.0,0.0
c896e8f3650045bd51604b2cb22d08dd1fc67f106dcfb5f3cdcbeeffd17a5f18,2026-09-01 19:20:48.968239+00:00,D,True,3.6,4.5,4.6,0.0
cd37e774866c9a414a45a31aa25b90afcf7ba0de7aee45c78012019bd80cfa67,2026-09-01 19:20:48.968239+00:00,D,False,-1.0,1.5,1.55,0.0
a2a91772a43f0abb1fb68cfab110b2d995b0b46afc2a60d05be2e1f15384366b,2026-09-01 19:20:48.968239+00:00,D,False,-1.0,3.6,3.6,0.0
fbda7b17261c8e8684028597334a5951f966223a399782e9d4fa7149c4416917,2026-09-01 19:20:48.968239+00:00,D,True,2.6,3.5,3.6,0.0
5f881158f0f44199997085cf3c3fbe47e150476f908584b657bd8979c9f7ce1b,2026-09-01 19:20:48.968239+00:00,D,False,-1.0,2.05,2.1,0.0
8e60a3cd94c89c79ea9e74d45df68c810cc928e2313575cb8c231b6a604eff6b,2026-09-01 19:20:48.968239+00:00,A,True,1.9,2.9,2.9,0.0
e83c2db011a60f57a90776f2bf46004f6bb615c5132d23c2884a244d184c5d55,2026-09-01 19:20:48.968239+00:00,A,False,-1.0,3.75,3.75,0.0
649a33319c74f0f7b58c51875a355c76605e63910fb20c92d5c2545824286c55,2026-09-01 19:20:48.968239+00:00,A,False,-1.0,2.25,2.25,0.0
8250e19f146bcfae9c641a7006f5baed815db61cd4ff7bf45b37ef7b7ea7789e,2026-09-01 19:20:48.968239+00:00,A,True,0.3600000000000001,1.33,1.36,0.0
0646772fd66fbabf592074ff348cd65c421e553c3002eb8c8dabf3414c7d1a59,2026-09-01 19:20:48.968239+00:00,A,False,-1.0,5.75,5.75,0.0
57b93d7074418b763d8a952bd79cd1c48b6b1cad504851565e2490a2e02c3295,2026-09-01 19:20:48.968239+00:00,A,False,-1.0,7.5,8.0,0.0
ce37b4659408017a5d001e5cc6923827e47cfe0a0301dc6f4e8395bbbaa81cce,2026-09-01 19:20:48.968239+00:00,A,True,2.1,3.1,3.1,0.0
a7c88950c643b71b08a41932e4b3c16d54395d09c339500d1795d1912a0d9c9d,2026-09-01 19:20:48.968239+00:00,A,False,-1.0,3.1,3.1,0.0
cbc28ece3c0c8dcfb5dcfbe972ab1220856cb1f767fae8ca97a2bea08983562c,2026-09-01 19:20:48.968239+00:00,A,False,-1.0,2.35,2.38,0.0
c8f6f8563d5357fcb570b47b3b6d63f038695548c7a3295701cf9cab8e84a598,2026-09-01 19:20:48.968239+00:00,D,False,-1.0,3.3,3.4,0.0
34d614c7fefa7d41c5b891db9f6e316eaac44f23bcfe7c36c9fe1622f25856f5,2026-09-01 19:20:48.968239+00:00,D,True,2.25,3.25,3.25,0.0
72f85f301af170370f41651381edb685d66519941081d8b92fe3f587d4c68ba4,2026-09-01 19:20:48.968239+00:00,D,False,-1.0,2.15,2.15,0.0
2915bf74109b948ebfe30baf3d78d8c29ed821e568fe41b007e7bc2d0bfda4b8,2026-09-01 19:20:48.968239+00:00,A,True,0.5800000000000001,1.57,1.58,0.0
26be7ce144e563ce8bcacd490c63fa4e204093be193604b8dd4029cfd6c05aea,2026-09-01 19:20:48.968239+00:00,A,False,-1.0,4.5,4.5,0.0
f244f84098e9e7665fd25a193860f1852c2192e1087839a92d816aa56dc8682a,2026-09-01 19:20:48.968239+00:00,A,False,-1.0,5.0,5.0,0.0
92ff2810e9998db4232ce733d73de31a86f72ab60429605d1bb1bda2c39695da,2026-09-01 19:20:48.968239+00:00,A,True,2.1,3.1,3.1,0.0
eb389b584f5cc6033e917cfe43c60dc3b7e5a6bc3c171fe785fc102383f20704,2026-09-01 19:20:48.968239+00:00,A,False,-1.0,3.3,3.3,0.0
095924036831cb76db172919e909af6b64bc25742cf235d02c15875a3b5fb2ab,2026-09-01 19:20:48.968239+00:00,A,False,-1.0,2.3,2.3,0.0
3d43603e69824f0c05272673588fdf625548f68a79db5b308dfb56bae9dfd01b,2026-09-01 19:20:48.968239+00:00,D,False,-1.0,1.75,1.8,0.0
8c37bcedfc3ee2f9c89adba7d2111a80a4216a543d363292d1787afe3662e5ac,2026-09-01 19:20:48.968239+00:00,D,True,3.33,4.33,4.33,0.0
bf1695b7ef1ad2c2ce78de2c2dcbdf237f25b7e9f854ef432799a532ca1da767,2026-09-01 19:20:48.968239+00:00,D,False,-1.0,4.0,4.0,0.0
db8fe2f8cd99a370fbf4d8177ac7725884c9999c075d0d2bcfe0e702ce45a7e9,2026-09-01 19:20:48.968239+00:00,A,True,0.6799999999999999,1.67,1.68,0.0
ba59cfcf4f22f58987502c91293470770c3a87ac512684d41327d387d1ee8758,2026-09-01 19:20:48.968239+00:00,A,False,-1.0,4.33,4.33,0.0
afe5d1808206478c8d4e7fe6f4abb6c411f0f31606a7f450cea98d7c6f471eda,2026-09-01 19:20:48.968239+00:00,A,False,-1.0,4.5,4.5,0.0
adb2a16f402286bd37893119d02e0b4616aa5ed42a7b08e39a0b210f6d149a46,2026-09-01 19:20:48.968239+00:00,H,False,-1.0,4.0,4.0,0.0
2fca843dc1528e0e96db28430ca6904daa31509793080267ba2ada3f7e97707d,2026-09-01 19:20:48.968239+00:00,H,False,-1.0,4.0,4.0,0.0
c1d41e385f2ede925716c515fae3ed120ec48830c7bdb04085c2a2e3250ed2f6,2026-09-01 19:20:48.968239+00:00,H,True,0.8300000000000001,1.83,1.83,0.0
7ebd41b9f7d476b6c89f40b21c9f2794d3547201a11b8771ea15892e313fa8a7,2026-09-01 19:20:48.968239+00:00,D,False,-1.0,2.7,2.7,0.0
9887f3598dd0b82cb0d9f5c6232c58c2275151d5d71aab12a67064f0001b5e55,2026-09-01 19:20:48.968239+00:00,D,True,2.5,3.3,3.5,0.0
9dfa7b49ca35f97b5bedde952ac43c0347c4ea50cd2a0161033906cb11cc9e1f,2026-09-01 19:20:48.968239+00:00,D,False,-1.0,2.6,2.6,0.0
b2316e08be77cc75d63941801469da2bec7b7bab6e850a8f8d97a5ce4fd4edd7,2026-09-01 19:20:48.968239+00:00,H,False,-1.0,3.1,3.1,0.0
a777cb7d46a9292c1a1842fad6d131616d8cf99c9302c7cf7b9380e8cde5c2f0,2026-09-01 19:20:48.968239+00:00,H,False,-1.0,3.2,3.4,0.0
7e9618b12ee382346b7ad9d91817d57cd7901880faefbebc7cc7e7429328c66e,2026-09-01 19:20:48.968239+00:00,H,True,1.4,2.4,2.4,0.0
c6252630ce65d1b4291b24a942cf95ba78cfd99f2076524c79bf817306122a81,2026-09-01 19:20:48.968239+00:00,H,False,-1.0,7.0,7.5,0.0
270d7e6aca7328c324c3a2e0352a03918f1ceb7fee55e91e80926809840e72d9,2026-09-01 19:20:48.968239+00:00,H,False,-1.0,5.0,5.0,0.0
9c68ea266eac1b7344b3232ccd03f6e6a5aa6c2bff99ff33c6caa0bf319272ee,2026-09-01 19:20:48.968239+00:00,H,True,0.4299999999999999,1.42,1.43,0.0
4f4b61e05fa92a12294f5c931e18050c62c6a75affb4b29e6e85b05d005b1549,2026-09-01 19:20:48.968239+00:00,D,False,-1.0,15.0,15.0,0.0
d61143d11a94767008a01e86509077f6ac24057fab28e567f90583ce2781898e,2026-09-01 19:20:48.968239+00:00,D,True,7.5,8.0,8.5,0.0
4e84300c2835ee7f79121580d8eca8aac61e812dbeb0492e488e5f35d8473029,2026-09-01 19:20:48.968239+00:00,D,False,-1.0,1.17,1.18,0.0
333b2f0a147cbe7fa4adef9a8acf2fbff41af3516e0e1d0bf768c35d0c865206,2026-09-01 19:20:48.968239+00:00,H,False,-1.0,2.75,2.75,0.0
73e65373abed7e47f75864548c26df8d0eb035a5ab81b13d06de886d23206720,2026-09-01 19:20:48.968239+00:00,H,False,-1.0,3.7,3.8,0.0
605b55984ee4403aada894e4df354267805da74b19a8b50009a900b5c5f439c9,2026-09-01 19:20:48.968239+00:00,H,True,1.4,2.4,2.4,0.0
046a1d1f8c313e09ec9f22d74117ef1e4e5c94e656a63a85a55f397aaae92e4b,2026-09-01 19:20:48.968239+00:00,H,False,-1.0,3.8,3.8,0.0
f1a17a36b306257bc9b34fce5347221d213bf19cbdb518886105b5e2f4211801,2026-09-01 19:20:48.968239+00:00,H,False,-1.0,3.3,3.4,0.0
319238480bee852bb6598d40826f421e5f0c1f3147c27d9c6cc485d1a4988595,2026-09-01 19:20:48.968239+00:00,H,True,1.15,2.05,2.15,0.0
3ab41bb5f638b78e49912d39e318afc08bc3fa22fd50932d012a7326d99e655a,2026-09-01 19:20:48.968239+00:00,A,True,0.6299999999999999,1.62,1.63,0.0
92495d54752265c5fba821be56868385ba2e657c01cbb14fc269198ffa390946,2026-09-01 19:20:48.968239+00:00,A,False,-1.0,3.75,4.0,0.0
2635069032e563ca547575a80f97dd3b9177facd83e3f52ddef4c9aeea1d9acf,2026-09-01 19:20:48.968239+00:00,A,False,-1.0,5.0,5.0,0.0
5aaa800013fe861926221267e981eaecf29cd1b8d6ee7f59c45de6c600759039,2026-09-01 19:20:48.968239+00:00,A,True,0.3400000000000001,1.3,1.34,0.0
9ad7ffbb4f0da7b96c9679ccd6ae30327f7c80996245c7ad1c89ebba4bbb2a46,2026-09-01 19:20:48.968239+00:00,A,False,-1.0,4.5,5.0,0.0
2d5cffeb3b041e3f2a57d9d6b6e67c98207ef089efcc60b534fbc564ed3f4135,2026-09-01 19:20:48.968239+00:00,A,False,-1.0,11.0,11.0,0.0
0f121d5bbedc526a0ef28f5f00ccfa3a6e214b18a0b6579ce2630f1a97943d83,2026-09-01 19:20:48.968239+00:00,D,False,-1.0,1.33,1.38,0.0
384c5849aa000d0e4bb5fc6674bd735b8a0488036d94aa830ff76cd7db4e0206,2026-09-01 19:20:48.968239+00:00,D,True,4.0,4.5,5.0,0.0
c1f4bc0844828591c101a50fdf870f9527d396caa493d6465fec775d8d484f7b,2026-09-01 19:20:48.968239+00:00,D,False,-1.0,9.0,9.0,0.0
ba0ee268f360a7e824c30dacca38951bbc9470bdfb3a9e65d6c9700928799dd1,2026-09-01 19:20:48.968239+00:00,H,False,-1.0,5.25,5.25,0.0
797aa4916bb4401f0dadc87acea057a1f678ba75f98a9bb6c243343aab1a6f81,2026-09-01 19:20:48.968239+00:00,H,False,-1.0,3.7,3.9,0.0
1daa96aabd42e7f0d99b1a3965365e2ff8f13f3c4b764d12325741ac5f7d5f3e,2026-09-01 19:20:48.968239+00:00,H,True,0.6499999999999999,1.61,1.65,0.0
055ac2b0939fe1b30136b3a9626c05657b2d12eecbbc94b3e5b0a9808c5a8edd,2026-09-01 19:20:48.968239+00:00,A,True,0.55,1.53,1.55,0.0
184adf13c53b3ad80cc1eb11da47a6054a8981b14ba512d2365af41a2ce2724e,2026-09-01 19:20:48.968239+00:00,A,False,-1.0,4.1,4.2,0.0
f98a00ec27a9a05be8f7b4af4b39e0dad8db7db6ebcee2249cf53f43fb0a7cfd,2026-09-01 19:20:48.968239+00:00,A,False,-1.0,6.0,6.0,0.0
96e405b464e9f9958f7a6d770d786e1a11f3af0ff7552ab155e14412566daf08,2026-09-01 19:20:48.968239+00:00,H,False,-1.0,5.0,5.0,0.0
69ed98a561e88af3f96e12570f88ac2d6005d99e9c61f514b0ac9587d1fac3db,2026-09-01 19:20:48.968239+00:00,H,False,-1.0,3.6,3.6,0.0
bfc7888a373f6d31df701d00a8b8e3926257fc404a5ec0176ad01bab0a9ea701,2026-09-01 19:20:48.968239+00:00,H,True,0.75,1.68,1.75,0.0
e397b4640783d04cabb91735e60cea94a2b0c23695db86d33fafb2a369817a69,2026-09-01 19:20:48.968239+00:00,H,False,-1.0,12.0,13.0,0.0
032e60752620004315c109313d1dba6f32af80f0cf9dc9f2434a94f3b31171ae,2026-09-01 19:20:48.968239+00:00,H,False,-1.0,7.5,8.0,0.0
d85e6e7b43952c6920da53106f07c283b779224a90ca3685177f089c12dc3703,2026-09-01 19:20:48.968239+00:00,H,True,0.1799999999999999,1.15,1.18,0.0
914fe6721c0bf0b46dd9a1b52caf99bfd496bfa12fdbca9b9ea8b30fa09d43b8,2026-09-01 19:20:48.968239+00:00,A,True,0.6499999999999999,1.56,1.65,0.0
4cf2fd763f76b1780ab937fc73f93539fd23057e3ccf0bbdac78b61b84126f21,2026-09-01 19:20:48.968239+00:00,A,False,-1.0,3.6,3.8,0.0
6df8fb2aa52add3c3a680e7650b2e577bd9da9e0b420f5dfab8351c2cc91a76f,2026-09-01 19:20:48.968239+00:00,A,False,-1.0,6.25,6.25,0.0
773a1ca1c1d38bf0148b9f02decd216844730b04ab9e3d9011f8f9dedc7fddf9,2026-09-01 19:20:48.968239+00:00,A,True,5.25,6.25,6.25,0.0
b9c34b19147b1fc828a11a6b654fb08a153f3bf09c7eecf24316354e5fcdbfb5,2026-09-01 19:20:48.968239+00:00,A,False,-1.0,4.75,4.75,0.0
76b39f80a8623820ece51ba20d1a89ce540d55b0c966bbd0adf73bdaa8e6245e,2026-09-01 19:20:48.968239+00:00,A,False,-1.0,1.45,1.49,0.0
0f519db1ac4353c43d754a795d37b8a01a3e687139e95943474247afc62ade45,2026-09-01 19:20:48.968239+00:00,A,True,0.32,1.27,1.32,0.0
bfb6c21e312527223582e726fcd456a169bfa3dbe3ef77fe16e62eac3b98e902,2026-09-01 19:20:48.968239+00:00,A,False,-1.0,5.5,5.5,0.0
5036661d47eea75a2401be437ee8be272507e25b4bdbd94f74fe73c9130b8687,2026-09-01 19:20:48.968239+00:00,A,False,-1.0,8.5,9.0,0.0
5166ed8208ad7f49403b043db340ad5c1fc3f1c0b66cfa93e6e6d371a0e1b4f0,2026-09-01 19:20:48.968239+00:00,A,True,0.7,1.67,1.7,0.0
1888e1791a7a23701710e02b8007d6b61e96e034f005dd187a1163adbaeca404,2026-09-01 19:20:48.968239+00:00,A,False,-1.0,3.9,4.0,0.0
6a1e0c9fdb232a755a7222bf64d1119d631e8c40d36b1d6cb9355a173a94449d,2026-09-01 19:20:48.968239+00:00,A,False,-1.0,5.0,5.0,0.0
fd5f52c13034acf03adde94a64c5834df27e2681f00180fbfbab4cad95e34cbe,2026-09-01 19:20:48.968239+00:00,D,False,-1.0,1.7,1.71,0.0
db37b6e0d237c6921280ebd4de00b7808a28c45a6dc71778287acd6ec9ac3f08,2026-09-01 19:20:48.968239+00:00,D,True,3.0,3.8,4.0,0.0
adeff086810ccaf4f8620e7a1cccec1a94abed04ac5b1291c3bf705974848349,2026-09-01 19:20:48.968239+00:00,D,False,-1.0,5.0,5.0,0.0
687699598c24cd0f0504692dbfa4cbf6cfd1e15bafb9a3b060775eeebe1ff226,2026-09-01 19:20:48.968239+00:00,H,False,-1.0,2.05,2.1,0.0
e98c23f296f1881b0b9ba6efc83c186d39cd7e8c10da4f81885c7ed2ca5def1a,2026-09-01 19:20:48.968239+00:00,H,False,-1.0,3.6,3.7,0.0
43885b6a11194101a95347cb34daeb7b5260361ff8456b487e5cad7967897ab3,2026-09-01 19:20:48.968239+00:00,H,True,2.5,3.5,3.5,0.0
2ff8c6d26354823061b8125301e20e1dce9daf4092ac79ec62bfa3b6b2f159d7,2026-09-01 19:20:48.968239+00:00,D,False,-1.0,2.63,2.63,0.0
4a9dda06b5fdb9f64f211bf6c8a27a93f6e954154a306ad3d0612e1924834888,2026-09-01 19:20:48.968239+00:00,D,True,2.4,3.4,3.4,0.0
3fb5bb53d2e9413701dfee70005b4bd8a7b777214e310ab15aa351afd069fc28,2026-09-01 19:20:48.968239+00:00,D,False,-1.0,2.63,2.63,0.0
194c2d496fc8cb5d768719dcb9143930d27745443852a406cf1c0a465b58e043,2026-09-01 19:20:48.968239+00:00,A,True,3.5,4.5,4.5,0.0
611424af80e4da00debdf8128a15026838f93409130e3af69b8e0be417ee7618,2026-09-01 19:20:48.968239+00:00,A,False,-1.0,3.6,3.6,0.0
f977024db6a946d4dde468975454d6cc809419ef9bfd36606ecebd61b7684a9f,2026-09-01 19:20:48.968239+00:00,A,False,-1.0,1.8,1.9,0.0
2d140558a28ceb3e302c91a71c1b0294e60400959f5460a77085d358967b074d,2026-09-01 19:20:48.968239+00:00,D,False,-1.0,7.0,7.0,0.0
ade6434c87e397f3108956a25581902058f6c3f6e53337a10485d7a7be82292a,2026-09-01 19:20:48.968239+00:00,D,True,3.5,4.5,4.5,0.0
c530ebe4535d4182966cbfef1616ef4c26d26e43b2e15562934e9d7e72dfef6e,2026-09-01 19:20:48.968239+00:00,D,False,-1.0,1.44,1.5,0.0
8562252575ae90931a96c3ed22a75258b49727292888e98fc863913292a4ff79,2026-09-01 19:20:48.968239+00:00,H,False,-1.0,3.4,3.4,0.0
c8cae47895a8a0aa6f0ee0554772a1317c7e689145aa82c0fb4228ee6b185ef5,2026-09-01 19:20:48.968239+00:00,H,False,-1.0,3.25,3.25,0.0
75c80ec5bad14a672c380bfbcd2e722073320fa33895e0ffb82c748358291296,2026-09-01 19:20:48.968239+00:00,H,True,1.2000000000000002,2.1,2.2,0.0
7e943ace305216fad05ea4f9516a3e4bc5e63af2edb4d3e13f288fd2d1c99ab7,2026-09-01 19:20:48.968239+00:00,D,False,-1.0,2.65,2.7,0.0
510cb2681977d421e5ae3cc570676e92d0a7b74905398cd93c108a1885bd9bf7,2026-09-01 19:20:48.968239+00:00,D,True,2.1,3.1,3.1,0.0
1b9f4cfea079cab5a825edb889dbd0fca57093497a0c78108a80443a5c732ac1,2026-09-01 19:20:48.968239+00:00,D,False,-1.0,2.57,2.65,0.0
82fc224fc9b0d6b1739a95bf1b11a6d7a28d4a318da129e501a76e6582074765,2026-09-01 19:20:48.968239+00:00,H,False,-1.0,2.63,2.7,0.0
ebac585950a707e8a2743b0ec962eeb3c40382b996366c9e349dc9514d93ef6e,2026-09-01 19:20:48.968239+00:00,H,False,-1.0,3.8,3.8,0.0
398c0fc8bed28434d33644b667987bc104187d2f91a69bcfc853d48c6f590ebb,2026-09-01 19:20:48.968239+00:00,H,True,1.4,2.4,2.4,0.0
9d933171442a3acdffcc915be5882dcaa4a755b230ad0ed4b86a458ae82fd05c,2026-09-01 19:20:48.968239+00:00,H,False,-1.0,7.5,7.5,0.0
8f22fa6c7c6d0ff0a431c15bd7e751e8bb6b8cfeec5dcdfcb0b6980187d98a3d,2026-09-01 19:20:48.968239+00:00,H,False,-1.0,5.0,5.25,0.0
f7c9f47e6a70dff1fae2032a9d2ce714bb296eb8e0f5ae05e6d9af75de913488,2026-09-01 19:20:48.968239+00:00,H,True,0.4099999999999999,1.4,1.41,0.0
c6dcc430f1b7b64ea243f6e9756d195a39132066c42b694d596f65a7e9b05a6d,2026-09-01 19:20:48.968239+00:00,A,True,0.7,1.67,1.7,0.0
8dfddddffd45b5f203aef0445a15a045ebe1371521f83e695e073c1fe34238be,2026-09-01 19:20:48.968239+00:00,A,False,-1.0,4.33,4.33,0.0
4c6f382304dafbb995821ef4e49888664dcb029e9def36083bde0be304272bd6,2026-09-01 19:20:48.968239+00:00,A,False,-1.0,4.5,4.5,0.0
30403cb809584a4663e5a4b0869c7fe3cceff331840343fc320841d282eaf3df,2026-09-01 19:20:48.968239+00:00,A,True,3.1,4.1,4.1,0.0
8ad68f0fbea0d3ae857edf32fb1d2677fc40396922d2b908dd6197cd19845e9f,2026-09-01 19:20:48.968239+00:00,A,False,-1.0,3.5,3.5,0.0
89649be3dffbcc6641a909be22b165ad544c2b686b86fa9bcb758673aaf663fb,2026-09-01 19:20:48.968239+00:00,A,False,-1.0,1.95,1.95,0.0
eab8bdbd98b34b2b0ee536ec2e0851e7b284913c9deeacff1c1763c692f0a72e,2026-09-01 19:20:48.968239+00:00,D,False,-1.0,5.75,6.0,0.0
e4538b258244e38309ccb476e893c083a9ab12d66c61294b470d6dcadb49e781,2026-09-01 19:20:48.968239+00:00,D,True,3.6,4.5,4.6,0.0
db73e222cb0c4654a7003e67bcc1fa12a7473d5b6767db96d6e494c1fb1be78c,2026-09-01 19:20:48.968239+00:00,D,False,-1.0,1.5,1.55,0.0
11bb80150e783709a72bc5330c7550d6d4b32172db47f8473693d0cd42910e1b,2026-09-01 19:20:48.968239+00:00,D,False,-1.0,3.6,3.6,0.0
1d9f7a85558c83059a8163fc44b10c012b1d542c71a39fd81fd83ff62f3e4219,2026-09-01 19:20:48.968239+00:00,D,True,2.6,3.5,3.6,0.0
df1c33b1d056988b62b2d784f016b963566adb4d94a04bcf550e0037508e57d2,2026-09-01 19:20:48.968239+00:00,D,False,-1.0,2.05,2.1,0.0
5878edb1d31bf9818bf94e64ef6f2fc913f60d55836b1655f17464971228c316,2026-09-01 19:20:48.968239+00:00,A,True,1.9,2.9,2.9,0.0
fdde932736dc02a6715667959d319538d21e09079f64191ef99cda0284ed0249,2026-09-01 19:20:48.968239+00:00,A,False,-1.0,3.75,3.75,0.0
8d83363bd6d0c5ba842e4d424987b7fc4c7c8d0e89f5128bbe3fe1f368c6c8de,2026-09-01 19:20:48.968239+00:00,A,False,-1.0,2.25,2.25,0.0
33d2155985f569432eaeae3ba8d97c7994180dc54d837608e631e29d6d98a4df,2026-09-01 19:20:48.968239+00:00,A,True,0.3600000000000001,1.33,1.36,0.0
2147f14b2fdbdae90723e5bddaad2deade9d28bdaba11320715459683359a449,2026-09-01 19:20:48.968239+00:00,A,False,-1.0,5.75,5.75,0.0
1621598372fe4594b825456c8350b24458666628949aa2a00500838680d6492f,2026-09-01 19:20:48.968239+00:00,A,False,-1.0,7.5,8.0,0.0
62b56cabbd11038864d9fd93ad204b2d1cce69a6985d1842e5e9133471958c1e,2026-09-01 19:20:48.968239+00:00,A,True,2.1,3.1,3.1,0.0
20d1d417dde7f9fad057f3e532c6dc93d3a35940dcb6c1473fbe61a288d02d99,2026-09-01 19:20:48.968239+00:00,A,False,-1.0,3.1,3.1,0.0
57ddaa686988337c5acc6eeb14be3d9f6610f4d061e0791d496e0fc7c30003e9,2026-09-01 19:20:48.968239+00:00,A,False,-1.0,2.35,2.38,0.0
2f7da05186a05871883735e4e5444baca1d3b979af42ddc144bc0a4ebf06477f,2026-09-01 19:20:48.968239+00:00,D,False,-1.0,3.3,3.4,0.0
1b32e3bcf2b888c7176d826dcfa3964e1f32998b6758b4b95d7061762ae3dc30,2026-09-01 19:20:48.968239+00:00,D,True,2.25,3.25,3.25,0.0
afd58f3f0c98fffef6501e0fa06aaaa9e97ad297c17c7a4c877acdff861db42c,2026-09-01 19:20:48.968239+00:00,D,False,-1.0,2.15,2.15,0.0
e27872811fa502df272f0adb7cf48eb4da64dec40b179ad698f99135b2146ba8,2026-09-01 19:20:48.968239+00:00,A,True,0.5800000000000001,1.57,1.58,0.0
8d5e4592c46a71602044c80fcf9c8fc4035558bac4bd379973966c3dc42ccd62,2026-09-01 19:20:48.968239+00:00,A,False,-1.0,4.5,4.5,0.0
d0952c49c7ec7e8b6acfbcf66194e70a84c6d92962eba4ce7f50aa2e84a63928,2026-09-01 19:20:48.968239+00:00,A,False,-1.0,5.0,5.0,0.0
6d531a5752f01309a07cdaafbdb55ddf08925b0b6e492035712cfaf22b960c95,2026-09-01 19:20:48.968239+00:00,A,True,2.1,3.1,3.1,0.0
5dadf9b36e2b7014285a7ac02b954af59527578b155fb5a997e563ce1b4f3307,2026-09-01 19:20:48.968239+00:00,A,False,-1.0,3.3,3.3,0.0
7f1d6a6a4421d9242ff96f178fb0e01dc0faeecc3b81318f37205a05e533b9b2,2026-09-01 19:20:48.968239+00:00,A,False,-1.0,2.3,2.3,0.0
281dd70d23204765291fdd9723a5c2baf86dff6eb791bf76cabce05e5bcbe753,2026-09-01 19:20:48.968239+00:00,D,False,-1.0,1.75,1.8,0.0
85858e32e964fdcfa8bfb867f172fe936361b7716355f8f1788f669374559984,2026-09-01 19:20:48.968239+00:00,D,True,3.33,4.33,4.33,0.0
6334e7a305cb91a3b8dcc90c41a64501bea640cb11e41ae8beaf94d7029fd606,2026-09-01 19:20:48.968239+00:00,D,False,-1.0,4.0,4.0,0.0
373e9c110c06d0e578b4b5811514dc01251db6837f2db0758e918aedbef4c1cc,2026-09-01 19:20:48.968239+00:00,A,True,0.6799999999999999,1.67,1.68,0.0
3dffa34bd1bfbe8c7e19d0a97f8f9bda0ed672db1b7316084e27a70239c1a8f7,2026-09-01 19:20:48.968239+00:00,A,False,-1.0,4.33,4.33,0.0
df66187b4d784c7377fab49225fa6c6cdb63c990e5833dfadecc7a81e3701481,2026-09-01 19:20:48.968239+00:00,A,False,-1.0,4.5,4.5,0.0
37d55e04e70f9b1f0eceb214ad0c0a73e382de9db428ff4006d6a4b0efeb826b,2026-09-01 19:20:48.968239+00:00,H,False,-1.0,4.0,4.0,0.0
242959384ec2138126eee0492f3099618cb94bf6962edbc44d6b09e578a50eaf,2026-09-01 19:20:48.968239+00:00,H,False,-1.0,4.0,4.0,0.0
90ff5f25e8f85671625b3451a30c276b1ed75f59c569206c1a79d8eb0274fe25,2026-09-01 19:20:48.968239+00:00,H,True,0.8300000000000001,1.83,1.83,0.0
e7d4f60394fea5fa13ba59bc88a30ddf9e21efe9ec5df11e6de95ce9822c4f1e,2026-09-01 19:20:48.968239+00:00,D,False,-1.0,2.7,2.7,0.0
48fb9656e898b1e1d44bb4945d1e0a3d9ab0f84995377a151993b37600bfc754,2026-09-01 19:20:48.968239+00:00,D,True,2.5,3.3,3.5,0.0
fb0a7486ecc404a7a428a2d760dc0af7cc3010e3c3645c19cb115e31536536ed,2026-09-01 19:20:48.968239+00:00,D,False,-1.0,2.6,2.6,0.0
7e26b115c3f8135464b6ca3146685f74dac9d777e7cfff53326460ebea7abb5b,2026-09-01 19:20:48.968239+00:00,H,False,-1.0,3.1,3.1,0.0
e37cffb8105d8a91135c464e5176cca8849baa43d17bc3364b0ae24a72ea9055,2026-09-01 19:20:48.968239+00:00,H,False,-1.0,3.2,3.4,0.0
87f26ca5bf1b91fe856bf8f3107cf326f274ae2545d174ae8c271a30fe2305a9,2026-09-01 19:20:48.968239+00:00,H,True,1.4,2.4,2.4,0.0
36047c2a87ad3c0f8118bd1d4feb9adbb5769e6e3377458723bb67aea15820f3,2026-09-01 19:20:48.968239+00:00,H,False,-1.0,7.0,7.5,0.0
b8026279489399a5e443973221eda96b838781f1bfd65578990895562cef0b0f,2026-09-01 19:20:48.968239+00:00,H,False,-1.0,5.0,5.0,0.0
57cfbdc6db0a77900b6b9c3f822835ccca1bfbbee73247ef346c28b9e9511c56,2026-09-01 19:20:48.968239+00:00,H,True,0.4299999999999999,1.42,1.43,0.0
d30d9b246f3cdee56497dbd6be889e3c6239e5355580663823a376300bf9ad2c,2026-09-01 19:20:48.968239+00:00,D,False,-1.0,15.0,15.0,0.0
e3785d14e0c5993bb4ac974aa671bcf2c3b0108dce2111f1390eaa43866bd665,2026-09-01 19:20:48.968239+00:00,D,True,7.5,8.0,8.5,0.0
fad4ae51d1f380c95ca1a159b17db2c8a55930c1d7513f1670e7f2c644475d99,2026-09-01 19:20:48.968239+00:00,D,False,-1.0,1.17,1.18,0.0
cd2fb6e1ac32ab1055e083c3553f659e0f36ee8b3737b94175d814fe5d7220f6,2026-09-01 19:20:48.968239+00:00,H,False,-1.0,2.75,2.75,0.0
63904160adf81ca3a5609beaaaa63a6ca72a75950c41c3a6fae06ca40b82f2cc,2026-09-01 19:20:48.968239+00:00,H,False,-1.0,3.7,3.8,0.0
fd77a3e558363d3e14f85156bc9ecba68f00c8d4a08c108f1e5b1c7870eca593,2026-09-01 19:20:48.968239+00:00,H,True,1.4,2.4,2.4,0.0
b8652009db095576f3566596edb3d12e348c99171df4cb7783638efa8b6cc1ed,2026-09-01 19:20:48.968239+00:00,H,False,-1.0,3.8,3.8,0.0
86faad1b16c4f1d112e90b42d4708b662c8865d67d1acc250a4f70f092d200ef,2026-09-01 19:20:48.968239+00:00,H,False,-1.0,3.3,3.4,0.0
4081594d1c6c486422e31f6a8b1623bbcb6654b1d640440f68f141d27c3ae379,2026-09-01 19:20:48.968239+00:00,H,True,1.15,2.05,2.15,0.0
77812127cf947d6d282e68d8466650b810cb035a95b4d7818ea8c76367d3f4cc,2026-09-01 19:20:48.968239+00:00,A,True,0.6299999999999999,1.62,1.63,0.0
7358eca306d08547ce58791dfe397bd9dae9824a9a2ff8f37f4c3e6511e422f0,2026-09-01 19:20:48.968239+00:00,A,False,-1.0,3.75,4.0,0.0
5d0878223184dc48e9b3358417d8a8106dc62ea5684c2d9be70df7662ff7ae69,2026-09-01 19:20:48.968239+00:00,A,False,-1.0,5.0,5.0,0.0
0e4cf4938f9ec397ecad0e3560ab3db8ec926d58c6dda7692193025786261d70,2026-09-01 19:20:48.968239+00:00,A,True,0.3400000000000001,1.3,1.34,0.0
58980a847aa0a781881df46ea5a564a90a8366f5f35f0146bb544034bd511707,2026-09-01 19:20:48.968239+00:00,A,False,-1.0,4.5,5.0,0.0
5ccf99b2e661adb99527bb2740ca7638bf2022ba030a5f535920c4d7e3f4984b,2026-09-01 19:20:48.968239+00:00,A,False,-1.0,11.0,11.0,0.0
0604fd0f2d48d3325eb09381abea7258cc10b877e1007ebfd0ef045bd22ff202,2026-09-01 19:20:48.968239+00:00,D,False,-1.0,1.33,1.38,0.0
2d013a45d07569d59ae97764486362640a32c336c2905194935eb4412e4208b7,2026-09-01 19:20:48.968239+00:00,D,True,4.0,4.5,5.0,0.0
5db5c4542e083034b308127837fc4d0d2b30761c1e9df1c23b31012df8badf26,2026-09-01 19:20:48.968239+00:00,D,False,-1.0,9.0,9.0,0.0
f3d010ed682b5061eab70850601aee6f84f58d74c77ce32ad3d5bd4c3e5e1c4f,2026-09-01 19:20:48.968239+00:00,H,False,-1.0,5.25,5.25,0.0
a593279121a58fbffc6119622cf918dbcd49466066e0ded088fe65540f61b55d,2026-09-01 19:20:48.968239+00:00,H,False,-1.0,3.7,3.9,0.0
759dbad2b2dee85768372e6a4cedebfca1e9d32c414f58ac39394816921097c6,2026-09-01 19:20:48.968239+00:00,H,True,0.6499999999999999,1.61,1.65,0.0
7a687b681a6f25eee4b006ca9e524beb6c7146d0d039d925eab2d91969028055,2026-09-01 19:20:48.968239+00:00,A,True,0.55,1.53,1.55,0.0
e1243170e47fff84e75c139b0e5c6f630cca2fa392a3ec68a0c2e04fbad6a0a1,2026-09-01 19:20:48.968239+00:00,A,False,-1.0,4.1,4.2,0.0
5cd2609d83857568f5a6bbc0bb5d701406dd81eb850a9fa9235dbdd91c18d269,2026-09-01 19:20:48.968239+00:00,A,False,-1.0,6.0,6.0,0.0
1e0b9c2c245ebe1d50b94165ee0c1306a32a68963a22fc061a9d5a31c544fc99,2026-09-01 19:20:48.968239+00:00,H,False,-1.0,5.0,5.0,0.0
a37f0c4e47b84837c3647d48d00bbafc4d25812a44f8e9a651c31faf2d76e3ec,2026-09-01 19:20:48.968239+00:00,H,False,-1.0,3.6,3.6,0.0
e072c3775e6c34a3821a22cde7c4c9cf1ac7808ad081d4eaaef1a6282c38bdb2,2026-09-01 19:20:48.968239+00:00,H,True,0.75,1.68,1.75,0.0
78be1ea5cb015251af7d0f49de2a5e99e532d001bb07c1ad6fc715c954532f4d,2026-09-01 19:20:48.968239+00:00,H,False,-1.0,12.0,13.0,0.0
f35493c6e7db7a391a81fb944ea5c8d85e18e6daa6ba2b917cc9bb03f1b44b5a,2026-09-01 19:20:48.968239+00:00,H,False,-1.0,7.5,8.0,0.0
f7d1eaaa6e9cf702ca0c3452365ba59dc69ab9890609c5b6f69bbe9f65a8bac7,2026-09-01 19:20:48.968239+00:00,H,True,0.1799999999999999,1.15,1.18,0.0
712234222f6bb6c87474f50d2ac5903abd58eefa2c22d65dd267b8ce6efe302b,2026-09-01 19:20:48.968239+00:00,A,True,0.6499999999999999,1.56,1.65,0.0
7a9543696130b3714885395da90d03f11a663b2253e9bbbb3ec5a6a4bee23662,2026-09-01 19:20:48.968239+00:00,A,False,-1.0,3.6,3.8,0.0
dfc3c41144a030adc57a8382a12aaed02db43239d1c182078be6585f66228995,2026-09-01 19:20:48.968239+00:00,A,False,-1.0,6.25,6.25,0.0
efe076d5964ba6d37bb5a0cb46aaa58c87958c2b375693d50531bdf80ce65b4e,2026-09-01 19:20:48.968239+00:00,A,True,5.25,6.25,6.25,0.0
badd2998daabfcf6365ae7d7cd60a20f50037893bfbadb629a06782616e9a84e,2026-09-01 19:20:48.968239+00:00,A,False,-1.0,4.75,4.75,0.0
d310898cec3d2594553721da9fd3fe17abc3d3e624b3c1334b69f27ff30f324c,2026-09-01 19:20:48.968239+00:00,A,False,-1.0,1.45,1.49,0.0
44a54888e4aa8adc4cf5cb1b213e711f6e49ca81805ddb933c41d7fcd3d93fc2,2026-09-01 19:20:48.968239+00:00,A,True,0.32,1.27,1.32,0.0
9bae7175f1eee1b57a5bd2d80903b65849261db2896712c0d33674be04aa9627,2026-09-01 19:20:48.968239+00:00,A,False,-1.0,5.5,5.5,0.0
e31b7a6ea5321e5112324282fa5826b546960dae8b94a0df6391648600a451a1,2026-09-01 19:20:48.968239+00:00,A,False,-1.0,8.5,9.0,0.0
1dadb631e39a92497aea0ab5dce41148502efcc2121d024dab2f831cc25d2800,2026-09-01 19:20:48.968239+00:00,A,True,0.7,1.67,1.7,0.0
c95ae4532d3301853b26606f901ee2a230a0b44c14d0ac79dc31c2b9e8cb9df7,2026-09-01 19:20:48.968239+00:00,A,False,-1.0,3.9,4.0,0.0
f8f5e9ed1735edb844e81e588312aa62f96be7a47f92fe7e7d986f5bb82b02da,2026-09-01 19:20:48.968239+00:00,A,False,-1.0,5.0,5.0,0.0
6c5c70e62d88d5d39902ec7e6f8a660a5262e839dd555c0b9d25718fb2b8b16d,2026-09-01 19:20:48.968239+00:00,D,False,-1.0,1.7,1.71,0.0
a4b5b9f037dddf46abcca030d8c6637626b74ddb84113d59620ad815e26c948e,2026-09-01 19:20:48.968239+00:00,D,True,3.0,3.8,4.0,0.0
bef1a08cc62d20ce741b9cf193295bb60f51f7af11781e5c57d6977038233df2,2026-09-01 19:20:48.968239+00:00,D,False,-1.0,5.0,5.0,0.0
948b67d0d3084ce2e98bd9aec2c3ffafdf005fb4d5f0087f4f95bcf77f909370,2026-09-01 19:20:48.968239+00:00,H,False,-1.0,2.05,2.1,0.0
a6a5fe0a73e92088077b5f5e6a90df95586a98e20843a331986011df3a618583,2026-09-01 19:20:48.968239+00:00,H,False,-1.0,3.6,3.7,0.0
ce5b45a505997086d57c966a0df4f33029ea0f2ef641853b4fbbc5995821b040,2026-09-01 19:20:48.968239+00:00,H,True,2.5,3.5,3.5,0.0
30c794d878d1f4927c73e2fe3953d9d50e0e45f99815c3dbff2c4e81c39e11df,2026-09-01 19:20:48.968239+00:00,D,False,-1.0,2.63,2.63,0.0
a2d64861024fbf82ac3f706f538b4d8ba2702e4c0f5206daddf5b87e7da96507,2026-09-01 19:20:48.968239+00:00,D,True,2.4,3.4,3.4,0.0
d15990b2838162161b92bd14a313d1ad57178438a6cd399ac85f0c347253c1ee,2026-09-01 19:20:48.968239+00:00,D,False,-1.0,2.63,2.63,0.0
413cca4b4a9ca85ae7228f4c1a04f5900df439cfd26911c5b38e3e5c141b32a9,2026-09-01 19:20:48.968239+00:00,A,True,3.5,4.5,4.5,0.0
011c37813a9630aeed8a1bbd1a1623fb309756bf2fb316e46050b901eae00a79,2026-09-01 19:20:48.968239+00:00,A,False,-1.0,3.6,3.6,0.0
547cf3b5fafda73e9c71e8c54d452e49e669850a42559425651683e3ef47cb3d,2026-09-01 19:20:48.968239+00:00,A,False,-1.0,1.8,1.9,0.0
8ba0a074918d6d05b62dc7bc199a6b4d72a4b9910349a616ca885529fb5efc90,2026-09-01 19:20:48.968239+00:00,D,False,-1.0,7.0,7.0,0.0
ae560df272bfe199d5ed424020d7a22965dc474e0f3a77f4ed25c5aa42e08918,2026-09-01 19:20:48.968239+00:00,D,True,3.5,4.5,4.5,0.0
0ea89b6cf27b0f477917771e77c2a2f49b9227b41566ea85d891e1793625098b,2026-09-01 19:20:48.968239+00:00,D,False,-1.0,1.44,1.5,0.0
53269034b46b4b8db45a899426efccdd94e71490f31796be86f32bd60952fa84,2026-09-01 19:20:48.968239+00:00,H,False,-1.0,3.4,3.4,0.0
7508e7f531a8be8181492b7085f41eb3a4f63e569563d5d5326b35a5d53a61b4,2026-09-01 19:20:48.968239+00:00,H,False,-1.0,3.25,3.25,0.0
ae7cb9ca2cdf82c8b8b38f16e27d031d1088ff4b539706eb952ed281d7343063,2026-09-01 19:20:48.968239+00:00,H,True,1.2000000000000002,2.1,2.2,0.0
c808275189b508efb11b4a6e1607eaed3f0d608caf3a5493a4bf8dfac60f81c3,2026-09-01 19:20:48.968239+00:00,D,False,-1.0,2.65,2.7,0.0
a5e5476216e20a390710a66072e9d009a35c2f02dcc90e6d25824f5a79781c6d,2026-09-01 19:20:48.968239+00:00,D,True,2.1,3.1,3.1,0.0
609b92dc08d520e4aea8e1eb88722a465235f5a50b547c3b3ceddf8427eb2836,2026-09-01 19:20:48.968239+00:00,D,False,-1.0,2.57,2.65,0.0
b341856f33b171520ccb9cdbf9ed2ba2d262fb3542dfc59465fbd5ef81395bf0,2026-09-01 19:20:48.968239+00:00,H,False,-1.0,2.63,2.7,0.0
c4c475e12a610c6a2d3f902109e58a45d8ac3aa2349a2508a174866dac315ef3,2026-09-01 19:20:48.968239+00:00,H,False,-1.0,3.8,3.8,0.0
1284979076eba566eea21a5978307a8d6058690b1803ceb9b6dd7435ca3c8086,2026-09-01 19:20:48.968239+00:00,H,True,1.4,2.4,2.4,0.0
259d0ee132b53e7f53d0fb1f2f3b3a3cd162202f426ed47ce1bf47bf6837ca80,2026-09-01 19:20:48.968239+00:00,H,False,-1.0,7.5,7.5,0.0
619dfecd9af9ca3e28f713a5d1a468cae2772cc13bfbd0dfc41cf4dcbe915979,2026-09-01 19:20:48.968239+00:00,H,False,-1.0,5.0,5.25,0.0
bed1521b32db8048b7b55becd7014c9d77f91b577c6b2c65e1246ff3db2373ed,2026-09-01 19:20:48.968239+00:00,H,True,0.4099999999999999,1.4,1.41,0.0
a87c48dcfd10ffbcbc893ef957aafad9624ae1a2b7f9c888c9b5948834f73bf4,2026-09-01 19:20:48.968239+00:00,A,True,0.7,1.67,1.7,0.0
866334a283625d0e602ad28c7d8e03e5c1bc6e4b69e24c458e283dfbe02f49fb,2026-09-01 19:20:48.968239+00:00,A,False,-1.0,4.33,4.33,0.0
bd68ac7cd18990b79965c1166da2f08cb65d9ec4236fc158dc11fedf41ee6b4d,2026-09-01 19:20:48.968239+00:00,A,False,-1.0,4.5,4.5,0.0
13aaad5c300fb3fd97a9ac0cf9033bba32cacdf2937bb98f9d82a2b1df0dd318,2026-09-01 19:20:48.968239+00:00,A,True,3.1,4.1,4.1,0.0
dc8027a7810289783a20f9823fa366b61be6f3b8f1529c751b7f1e2900f02989,2026-09-01 19:20:48.968239+00:00,A,False,-1.0,3.5,3.5,0.0
a953556912dedbc2d3edb199cea316a3da5ebde8a5f0f4750bbe7456b6aad02c,2026-09-01 19:20:48.968239+00:00,A,False,-1.0,1.95,1.95,0.0
617644331b8344d09f699a60f74082f4d26c88554512258b328c3203baeb95e5,2026-09-01 19:20:48.968239+00:00,D,False,-1.0,5.75,6.0,0.0
697363fd0122aa3d2c3b238f49f0cd7eca3ed4772073bc8d972485c3b653024d,2026-09-01 19:20:48.968239+00:00,D,True,3.6,4.5,4.6,0.0
0eb0ca4a23788ab64c487e0191660ae0b1f76861d3ba2b9fb36e69de394e2ab6,2026-09-01 19:20:48.968239+00:00,D,False,-1.0,1.5,1.55,0.0
71a1680a088b65b051bce54339f5e4031684aa6f1683ca0aa4fb3de1ee814a9f,2026-09-01 19:20:48.968239+00:00,D,False,-1.0,3.6,3.6,0.0
babc471a31cac7ba14af4509fd6334cda33f1276ea57d7ee30ba263220ddf880,2026-09-01 19:20:48.968239+00:00,D,True,2.6,3.5,3.6,0.0
9048a6395c056c1d168e96c52bca7b772f36f4282c1396860b3920ffe774fe5f,2026-09-01 19:20:48.968239+00:00,D,False,-1.0,2.05,2.1,0.0
c75892b974ef4de3039212343033aaa0d1e579a25638024497380e8a9d10ed38,2026-09-01 19:20:48.968239+00:00,A,True,1.9,2.9,2.9,0.0
3dac0cd7e29f4695fdc9998f4c6862fe19220be22077603081d4f578af00b355,2026-09-01 19:20:48.968239+00:00,A,False,-1.0,3.75,3.75,0.0
0a7b7ff195d42e89416bdd18932eed6bc77e8f9c1d8b6ebb6ebfc56affdf4332,2026-09-01 19:20:48.968239+00:00,A,False,-1.0,2.25,2.25,0.0
0ba00f10acd1a973504ac966946334df281b4a522390baefb52ebea49e5f5c9a,2026-09-01 19:20:48.968239+00:00,A,True,0.3600000000000001,1.33,1.36,0.0
aeae211ca12b644635cd609b2f48887757df2c11aad69284a89d2f7977c1e196,2026-09-01 19:20:48.968239+00:00,A,False,-1.0,5.75,5.75,0.0
e49606920094384bee5a41603fe8d3e9d6e9577b96b7cd551a7f3feb5e31567d,2026-09-01 19:20:48.968239+00:00,A,False,-1.0,7.5,8.0,0.0
5d1caaa3fd48a3eefc0de00dc8b69ad15a9be91aefbebaeabf26d01e9cc3796b,2026-09-01 19:20:48.968239+00:00,A,True,2.1,3.1,3.1,0.0
c73f3d69b1099211fca9f6b06b4a346e7a9b2829566d1788b53f7d048eb577bd,2026-09-01 19:20:48.968239+00:00,A,False,-1.0,3.1,3.1,0.0
4c727dcabda6b88f14037f08292d5c34043627c3e1f5a0648423f2c94fe855a3,2026-09-01 19:20:48.968239+00:00,A,False,-1.0,2.35,2.38,0.0
48c0ca8fe5ed9090a97f93403111807899fbe13150789b64d44528871aad7012,2026-09-01 19:20:48.968239+00:00,D,False,-1.0,3.3,3.4,0.0
487608f90c6c866c9fd6a149a16459262a2c49ad12855ef9cfe1cec59ea1c544,2026-09-01 19:20:48.968239+00:00,D,True,2.25,3.25,3.25,0.0
68476424cc54299b8936d8a2e1a663ae590fd74c98669c7afd329fb8f6c2b0e2,2026-09-01 19:20:48.968239+00:00,D,False,-1.0,2.15,2.15,0.0
480bb3769bf0587f6464c56a2a2069f0675a0d9e80693644b4f27b984eb22f09,2026-09-01 19:20:48.968239+00:00,A,True,0.5800000000000001,1.57,1.58,0.0
1949c23dfd5bbad4d3d9c0fb84190d722f08ed9f554bc1bac691d4d333e65a6e,2026-09-01 19:20:48.968239+00:00,A,False,-1.0,4.5,4.5,0.0
dc7f254b2d2d88b49dede03ef82047c44fdb94f6959d252bd83d0f7bc69d3b32,2026-09-01 19:20:48.968239+00:00,A,False,-1.0,5.0,5.0,0.0
28f0196a0eb248d24c4254da0fe9b3317aadd5405dc504a93e99b31e325f6802,2026-09-01 19:20:48.968239+00:00,A,True,2.1,3.1,3.1,0.0
cc02a7fe1b299bcc709275dae9b4de33cd8938991828a3dae6869afe10bfaf9d,2026-09-01 19:20:48.968239+00:00,A,False,-1.0,3.3,3.3,0.0
cdb79c16dbaae757aaa4a9471af1cf8c421ecda9d6fd95bcf98eef8bb4ef0c19,2026-09-01 19:20:48.968239+00:00,A,False,-1.0,2.3,2.3,0.0
260062136fed5bda1d48875bb3b2c455e3d9ee094fcdb57212113f89403fffeb,2026-09-01 19:20:48.968239+00:00,D,False,-1.0,1.75,1.8,0.0
df395009ce5c176c1e39d59f20a8fb693ff8255359e6d4613436b6d4c054b00c,2026-09-01 19:20:48.968239+00:00,D,True,3.33,4.33,4.33,0.0
24223b5c0dbb2d714513144f6c6f91bb3878ffa010f416a99c36eeb2542ed9db,2026-09-01 19:20:48.968239+00:00,D,False,-1.0,4.0,4.0,0.0
d8085563a082cb42dbf06c28a8900723fb70efffc2ee83a8130167d54160526f,2026-09-01 19:20:48.968239+00:00,A,True,0.6799999999999999,1.67,1.68,0.0
62ae910ef7543b78c0e6c36c1ecbcbac015e0c7ead5dbd63483d7511cd5e4351,2026-09-01 19:20:48.968239+00:00,A,False,-1.0,4.33,4.33,0.0
fc48b0d3f8dcac010fc33daaf7ecd8d550584aa27654cd9e7b0e4514eed16c3f,2026-09-01 19:20:48.968239+00:00,A,False,-1.0,4.5,4.5,0.0
5d17280126ba3799724f2853ddd7660724f163ea02aea900f70a4ec683fcaf45,2026-09-01 19:20:48.968239+00:00,H,False,-1.0,4.0,4.0,0.0
0b69a926c6124b6f93362154713e448af4b1649629d66cb20c0e19368f731203,2026-09-01 19:20:48.968239+00:00,H,False,-1.0,4.0,4.0,0.0
54d71f61271774c7310e5981233980c2f0ce104568f28a14c53ea3125aa3853f,2026-09-01 19:20:48.968239+00:00,H,True,0.8300000000000001,1.83,1.83,0.0
1b6af85276436748bc2986b60cf9d91b8342689fe0316f0491ef6ddbedafaa5a,2026-09-01 19:20:48.968239+00:00,D,False,-1.0,2.7,2.7,0.0
e6555d4cc585d26924916fda86d03b94f61cece0d010043018cc6ffa36830cfd,2026-09-01 19:20:48.968239+00:00,D,True,2.5,3.3,3.5,0.0
c58f2d75d2d581e3413f003106bed04d44c2618048308362dc75a2f57a3cf9fc,2026-09-01 19:20:48.968239+00:00,D,False,-1.0,2.6,2.6,0.0
7fe7c36483ada84e152270ea6ee267671d032d234df841785a71cf287fb41cba,2026-09-01 19:20:48.968239+00:00,H,False,-1.0,3.1,3.1,0.0
f3e75927b38fe0d6e95c7c3508c064ee974fc233a74c387fa7af5f5164f48331,2026-09-01 19:20:48.968239+00:00,H,False,-1.0,3.2,3.4,0.0
3c9c2d05c032cb9648c0780d53e2f97b10c449757c491049909f6c39d406f199,2026-09-01 19:20:48.968239+00:00,H,True,1.4,2.4,2.4,0.0
3892de4b4d42d21c6e25be3937890b4f81cab581cf8c80a760b2dc7cdbad6cac,2026-09-01 19:20:48.968239+00:00,H,False,-1.0,7.0,7.5,0.0
fe06cedf313fbfee51f29add351e3833918d004f723b7bf6bff84f60cfff637c,2026-09-01 19:20:48.968239+00:00,H,False,-1.0,5.0,5.0,0.0
451bdaa52be3969d68d5b2048c3f0376920fe60e2a2219c79d2b62c84ad4fe46,2026-09-01 19:20:48.968239+00:00,H,True,0.4299999999999999,1.42,1.43,0.0
16110edafa25db79931f0d2e4a39bf011b3149d95ce24d257f61991b0b3e2b95,2026-09-01 19:20:48.968239+00:00,D,False,-1.0,15.0,15.0,0.0
cebc510aa07d3563cc12c532ef9fb28a9164d1fc8d425463ca60927fa9bf8aa3,2026-09-01 19:20:48.968239+00:00,D,True,7.5,8.0,8.5,0.0
4541ab118c0df27830fafd9532882971a25d76f1d234468e5a675667408a1d22,2026-09-01 19:20:48.968239+00:00,D,False,-1.0,1.17,1.18,0.0
8b93bf0be55ef18540a6c856d46f8cadd041f420967f9fc891d1aeba57567099,2026-09-01 19:20:48.968239+00:00,H,False,-1.0,2.75,2.75,0.0
47bdaa34e20e5049ae307a787fd4f0b2831b165f47ec151acdba7ba4850ca53d,2026-09-01 19:20:48.968239+00:00,H,False,-1.0,3.7,3.8,0.0
3d171755ab0d89fb9d81da07233238f140601b4feb1d9f87b963abffa579b342,2026-09-01 19:20:48.968239+00:00,H,True,1.4,2.4,2.4,0.0
c75ea923fd276929b0b33f8576dafeebd17ad1e0dee8a50e9cf81110dfc408f8,2026-09-01 19:20:48.968239+00:00,H,False,-1.0,3.8,3.8,0.0
e4dc2837595fa9946546d1cb786e6adfe61e088bb7736a9b46f09e7bd0a04f60,2026-09-01 19:20:48.968239+00:00,H,False,-1.0,3.3,3.4,0.0
b2479d155eed9084a0b4ee8c69f9f092999c6c1b93304c1b5e61c823ad8fc326,2026-09-01 19:20:48.968239+00:00,H,True,1.15,2.05,2.15,0.0
f51539eb6e06e8872e9a8061e98704f7e58e8827717585b0d4946c5028f0a59a,2026-09-01 19:20:48.968239+00:00,A,True,0.6299999999999999,1.62,1.63,0.0
3227fba5f1992a15f1dc7e49be396754c0e2f86823977549693da3f4d92847d9,2026-09-01 19:20:48.968239+00:00,A,False,-1.0,3.75,4.0,0.0
4520f40352b7558770e4fbe8e40b656042bdc15d0ba55739aceb188e9d6fc94b,2026-09-01 19:20:48.968239+00:00,A,False,-1.0,5.0,5.0,0.0
bc1e14f50f7148e1e285061a0c05209bc1b56321453becdbb9a53ec142925bcb,2026-09-01 19:20:48.968239+00:00,A,True,0.3400000000000001,1.3,1.34,0.0
af33db65514a46633be21e6112279b207bf0b61436ac9876d86fc240a6c1ac0a,2026-09-01 19:20:48.968239+00:00,A,False,-1.0,4.5,5.0,0.0
34f0db41974360e2039f4dad26eb4d86a7b206f4714b03236456f8f4da076944,2026-09-01 19:20:48.968239+00:00,A,False,-1.0,11.0,11.0,0.0
1d37c68b104911fe7448d1bcb96943263094bfd1e5b5ed99e2b3df90ee95d4d1,2026-09-01 19:20:48.968239+00:00,D,False,-1.0,1.33,1.38,0.0
d1c5aa5bac6377fdf8180d9740b7893011f3d851a20e1008e4721f88b9e2f9e5,2026-09-01 19:20:48.968239+00:00,D,True,4.0,4.5,5.0,0.0
17ae5bb97df26964eb5c51ea330dcdc79575de34d8f2bdd5b580eb9eb146785a,2026-09-01 19:20:48.968239+00:00,D,False,-1.0,9.0,9.0,0.0
b0b79fdf73a62087b0399a0d3b5e67cb17d25eeca81df6c4cd465ec3f5ed845d,2026-09-01 19:20:48.968239+00:00,H,False,-1.0,5.25,5.25,0.0
67357a54706f1112eb5584125b5682d3ffcd2dccb77ed6909ef6dad2b0324b0f,2026-09-01 19:20:48.968239+00:00,H,False,-1.0,3.7,3.9,0.0
2cd4d5d0703bf464ac7d07d97423a69ead47f6d7b9e880e000f55baec86a1b78,2026-09-01 19:20:48.968239+00:00,H,True,0.6499999999999999,1.61,1.65,0.0
e2550df887916335fb925cda47cff66677a6aeba0b524a09db6fe8e1da0030d1,2026-09-01 19:20:48.968239+00:00,A,True,0.55,1.53,1.55,0.0
8004848c29e3142f1b4a5be1e8a160209882ec2e8bb8eeb54febc76ea70ebf74,2026-09-01 19:20:48.968239+00:00,A,False,-1.0,4.1,4.2,0.0
a8b69cf8797ba16cf3105c1ce2a483eac0b98712c2df337eb55d5016b56ea62c,2026-09-01 19:20:48.968239+00:00,A,False,-1.0,6.0,6.0,0.0
db0036ae891d3d6e81711ba0619684fc21c4bc791d224af3f55ad3aa9be627b6,2026-09-01 19:20:48.968239+00:00,H,False,-1.0,5.0,5.0,0.0
5fee05c6ec81e56a5445bb5e422169be67ba131fa3dec3179d26746049c96870,2026-09-01 19:20:48.968239+00:00,H,False,-1.0,3.6,3.6,0.0
6653abd0247e4bb6351c95abcf4f0bb3868d2a61a607dc0bb01e1bed6a87bc86,2026-09-01 19:20:48.968239+00:00,H,True,0.75,1.68,1.75,0.0
e5ec2fb1acb87a0ee372cf10fac851621156594da8260c6170210615fac7fd5e,2026-09-01 19:20:48.968239+00:00,H,False,-1.0,12.0,13.0,0.0
3f6b619cc21e3fc91d7ee25e24ab12b6a6c48a11f0fa7978406d676bd256ae5b,2026-09-01 19:20:48.968239+00:00,H,False,-1.0,7.5,8.0,0.0
5dc3a0c4f0aed3280d1b9109c22a48a69313618e96b57d74e8421dd34bcdd44d,2026-09-01 19:20:48.968239+00:00,H,True,0.1799999999999999,1.15,1.18,0.0
018c1ad28f8c8fb185567c19b3d3cc24a9bc3d2205cfd01452d57cd1d0522e8d,2026-09-01 19:20:48.968239+00:00,A,True,0.6499999999999999,1.56,1.65,0.0
c1dc8d2656a890328a61035ab8528c3bb7e6e38ea763e7619cfd247917381813,2026-09-01 19:20:48.968239+00:00,A,False,-1.0,3.6,3.8,0.0
0ae62d9bc64faf8330194b52b98ffa98ec9207d3f40f9d7891ac8af4ceae7b18,2026-09-01 19:20:48.968239+00:00,A,False,-1.0,6.25,6.25,0.0
ba582ae56bffcdf1c9032829b99471e82fae13a8ac25327732001d3577f5e860,2026-09-01 19:20:48.968239+00:00,A,True,5.25,6.25,6.25,0.0
e55eced40a2ff7e8dc974eb0971d58b24efe1866bb3701d065fec433ce50e159,2026-09-01 19:20:48.968239+00:00,A,False,-1.0,4.75,4.75,0.0
b0746910b12bd5cf02b0a3568b75d4bc7af48811f78c2b1acf6eaa6edf79ab7e,2026-09-01 19:20:48.968239+00:00,A,False,-1.0,1.45,1.49,0.0
709f89dfb24ebe499d008b1d4d123c1e15fddc6435ee49a3473747d52952538d,2026-09-01 19:20:48.968239+00:00,A,True,0.32,1.27,1.32,0.0
0f36b481033bbaf6b55ded2930a64a13f7901ee386f5ad99cdd41ca636f3432a,2026-09-01 19:20:48.968239+00:00,A,False,-1.0,5.5,5.5,0.0
5d15d136223db08c9110c283d60a1a3d9e8cd775db67cc7977e313d086b3aa1d,2026-09-01 19:20:48.968239+00:00,A,False,-1.0,8.5,9.0,0.0
5445c85b5af33512a441b83e9425cb322efb254a758bee4f63f4922c5d002c6b,2026-09-01 19:20:48.968239+00:00,A,True,0.7,1.67,1.7,0.0
cf95666cde01935920d0100026e0bbb45a49f9d54bfd603854c0835c3cdeea01,2026-09-01 19:20:48.968239+00:00,A,False,-1.0,3.9,4.0,0.0
6f923c93b7daa1430eac9689954df5a3cbaf14c79b292a9e2aab121cef088dd3,2026-09-01 19:20:48.968239+00:00,A,False,-1.0,5.0,5.0,0.0
59f1f40fa601103855ca9197013182824fbffc369c24ac3cb89819b63e406517,2026-09-01 19:20:48.968239+00:00,D,False,-1.0,1.7,1.71,0.0
9e81b7bebd301a5d272ab922187f2dee44f8daf7e5530ac683a7d066405d4db9,2026-09-01 19:20:48.968239+00:00,D,True,3.0,3.8,4.0,0.0
66a7ffe145cb0c38f912043762b5d44155b2e1d60f03e7e2ee7a6b521f55c3ce,2026-09-01 19:20:48.968239+00:00,D,False,-1.0,5.0,5.0,0.0
fd5c5e9b8e3457583a83f65c3579227c8b441500450e50d2e8db84fca4e1359d,2026-09-01 19:20:48.968239+00:00,H,False,-1.0,2.05,2.1,0.0
a5867fb4efc0a023d95406f56107c860c1cf707f693e7e25739bb86ee4c5134d,2026-09-01 19:20:48.968239+00:00,H,False,-1.0,3.6,3.7,0.0
c8fad312140a851592ea5eadb5566cc03c9b6aba1bb2139e3e431033d6e3ddf3,2026-09-01 19:20:48.968239+00:00,H,True,2.5,3.5,3.5,0.0
c9d1524efb68047485275a83fedf3424607762ad0684db6fd2e42de4032c6bc8,2026-09-01 19:20:48.968239+00:00,D,False,-1.0,2.63,2.63,0.0
536455d6f980ab1d81b19d2acd9fc85e13613d60df65e81a2d865658467e0f66,2026-09-01 19:20:48.968239+00:00,D,True,2.4,3.4,3.4,0.0
70a98f332425d3ebfacc9a83ef4754107fb8a656bbd37629a2b8fc4212c85208,2026-09-01 19:20:48.968239+00:00,D,False,-1.0,2.63,2.63,0.0
1a479ff152df1192888dac403998056980308d2c874e1d1bbc5d614735dbe7aa,2026-09-01 19:20:48.968239+00:00,A,True,3.5,4.5,4.5,0.0
5964aff97f55c725a557ffb0c74d150e51cd01c5dc62edd7d2053d616849872b,2026-09-01 19:20:48.968239+00:00,A,False,-1.0,3.6,3.6,0.0
7af9b8d5e4264cb7e3c0cd02bea8d8991a0c256ac4d95d3b5ec434ac6ef1df42,2026-09-01 19:20:48.968239+00:00,A,False,-1.0,1.8,1.9,0.0
a1daf7bbcdb33f94fb1784b9c55ce1bacaf26de87b1341d0da28679b331c2f39,2026-09-01 19:20:48.968239+00:00,D,False,-1.0,7.0,7.0,0.0
c7abe72e9c34683e02e66a2ebbc3fa9c3bcf8b1ed38287ef142202d1f82a976e,2026-09-01 19:20:48.968239+00:00,D,True,3.5,4.5,4.5,0.0
64a7889819333f911bd69794ef595d6c0d2268f03973be23fab8774457519ac2,2026-09-01 19:20:48.968239+00:00,D,False,-1.0,1.44,1.5,0.0
1862bdb32c6d276426c3b764e36788df297f31f5d2cfe6512073e1d82e4e3956,2026-09-01 19:20:48.968239+00:00,H,False,-1.0,3.4,3.4,0.0
1af6e72b940047ec40eb9111a10129d380252c10056e35528aaa65881158065d,2026-09-01 19:20:48.968239+00:00,H,False,-1.0,3.25,3.25,0.0
8e63fecd253aedd077f5a236dabd50165d7e0d53e7fcc880eab7b6da356d1b72,2026-09-01 19:20:48.968239+00:00,H,True,1.2000000000000002,2.1,2.2,0.0
64ea0e05ca40a6c1abb43c77dfdfa470b7f22ca4bf26d75a2369ec2e74f25e6d,2026-09-01 19:20:48.968239+00:00,D,False,-1.0,2.65,2.7,0.0
7f9fa12a592736fcf17682c92e40f1cfaf3f576977b1fe0100f62e822d90ad1d,2026-09-01 19:20:48.968239+00:00,D,True,2.1,3.1,3.1,0.0
cc4d3294c1eb227e111374820f9c0095cd9c9f3fd610c0d23fc61188fb3af309,2026-09-01 19:20:48.968239+00:00,D,False,-1.0,2.57,2.65,0.0
031525fc9957668e57b450b6a351ede1ee96091339a8a66c90a0a0290b1939a3,2026-09-01 19:20:48.968239+00:00,H,False,-1.0,2.63,2.7,0.0
21bc30a1c0ae250e3afde4e3d741e32106012f6227cd857c799a001a770f9806,2026-09-01 19:20:48.968239+00:00,H,False,-1.0,3.8,3.8,0.0
cf8f5b8591d9ab484beb3982f2f6065f69d9b912fdc902c9b2ecde6fdb92a369,2026-09-01 19:20:48.968239+00:00,H,True,1.4,2.4,2.4,0.0
e862eadea7bf3b49446640c92951fb9b9e1e8f123a10481b65c5fff7b9d57934,2026-09-01 19:20:48.968239+00:00,H,False,-1.0,7.5,7.5,0.0
ad8e6652dc1f0725e7fc07e5cd95e350e5abbfda6be1b66962aca02d19c410ad,2026-09-01 19:20:48.968239+00:00,H,False,-1.0,5.0,5.25,0.0
c0d35bb322f350838fd14bb2b81eab51e8097a76740d159d9876066613dc046d,2026-09-01 19:20:48.968239+00:00,H,True,0.4099999999999999,1.4,1.41,0.0
6cd66d101a681977b2cf031babf7d24da8804be729fda2677f18593db37af419,2026-09-01 19:20:48.968239+00:00,A,True,0.7,1.67,1.7,0.0
47cb1a005211db8f1cbf55bba7b7ba8776c435e4c2187befc7175bce2c3fbc56,2026-09-01 19:20:48.968239+00:00,A,False,-1.0,4.33,4.33,0.0
859338110ede9d8c3e0d4770accddc8e606cf3581a8b252f44b81e1b16c8c571,2026-09-01 19:20:48.968239+00:00,A,False,-1.0,4.5,4.5,0.0
127ae5c8d1c6523f6fe97edb2e5608fa4f39f270c40817c6e8c96109b81ea22f,2026-09-01 19:20:48.968239+00:00,A,True,3.1,4.1,4.1,0.0
238331b0d92b8f87f3b215d84885baf5ed585c4373230eda80bf13e27c159738,2026-09-01 19:20:48.968239+00:00,A,False,-1.0,3.5,3.5,0.0
15e157470b22855d84143066bd2c15dd2e0eb14e6f06873d71ab7a5952ab5493,2026-09-01 19:20:48.968239+00:00,A,False,-1.0,1.95,1.95,0.0
c054af4dd60b424300780a969a9e683ef3ccc9bdd3a4b7ccfaf614280a23352e,2026-09-01 19:20:48.968239+00:00,D,False,-1.0,5.75,6.0,0.0
98f23c468c4de22859cdea9277f32774fb47cf1c5ee2cc3e471a82bc2baef8e3,2026-09-01 19:20:48.968239+00:00,D,True,3.6,4.5,4.6,0.0
5908712f5b4829b0ab6074a4b8864b33925faab9f6b56e85be59a9f32e3099f3,2026-09-01 19:20:48.968239+00:00,D,False,-1.0,1.5,1.55,0.0
6204aff1b2c6ea481238cf3a73b9e8dbc7697ad62a1a631448f358b6dcbf2f96,2026-09-01 19:20:48.968239+00:00,D,False,-1.0,3.6,3.6,0.0
0a25831189e3f80e67db4b5700d17637a92c88778d3d1ebefd16ca40d71cdbc7,2026-09-01 19:20:48.968239+00:00,D,True,2.6,3.5,3.6,0.0
8095a165fd652f720c79af13a20b94131b2d9baa9021725c5fb559ae4638191c,2026-09-01 19:20:48.968239+00:00,D,False,-1.0,2.05,2.1,0.0
02b084cd4c91c64ff9ed41a7930f0b7a8a7a062e735e319e8cc5261975a6830e,2026-09-01 19:20:48.968239+00:00,A,True,1.9,2.9,2.9,0.0
d038b87c21dcb85a0b8c9335d0a7d432199e1292e69a17fa682fe27ce36d35d5,2026-09-01 19:20:48.968239+00:00,A,False,-1.0,3.75,3.75,0.0
9b23641bc08ac1ca6b157747ddbf551dc058fccaf8518452db5898e1a2b5a743,2026-09-01 19:20:48.968239+00:00,A,False,-1.0,2.25,2.25,0.0
250d422384a062b6baa71fdf4cfc0df18785fc3b824719b85671716931499677,2026-09-01 19:20:48.968239+00:00,A,True,0.3600000000000001,1.33,1.36,0.0
55485e6f91cd217892dfc7b8b36881531e419629baf01650058853c8d36dac92,2026-09-01 19:20:48.968239+00:00,A,False,-1.0,5.75,5.75,0.0
24bff7eb3c79a170149cc3e6f07b2e449808dac1e4f9f19189168cf57ca7b775,2026-09-01 19:20:48.968239+00:00,A,False,-1.0,7.5,8.0,0.0
4cd4b872c0a14b8f61ef4dc811bceb7a9c7f0abd2e9f50a11c85dc30c0adedaa,2026-09-01 19:20:48.968239+00:00,A,True,2.1,3.1,3.1,0.0
64113d6a7c1e818df4bd4dbb8e396084b646fce9dcbd8b20f917c829a6f4c4c7,2026-09-01 19:20:48.968239+00:00,A,False,-1.0,3.1,3.1,0.0
066e51dcd91c079b50dd15c403c951b1feed76936e3f197595b5387e1f8e3b32,2026-09-01 19:20:48.968239+00:00,A,False,-1.0,2.35,2.38,0.0
8d856de617c9a9e5c4ee71aaa05d627291874aeb6c60899c66929b70428a2cdd,2026-09-01 19:20:48.968239+00:00,D,False,-1.0,3.3,3.4,0.0
eff3ca7521b4bb9cff3f6ff4572f04a27ae925cc550bb959783a5fdb4904b90a,2026-09-01 19:20:48.968239+00:00,D,True,2.25,3.25,3.25,0.0
9b46c226815e772aeedd0652d3102d12a2c2286e4c82a2eb47eab8a2425463dd,2026-09-01 19:20:48.968239+00:00,D,False,-1.0,2.15,2.15,0.0
bca83b3d28c0c74f7208d9d170246d2e8131c413ff3aac4194a86917f777f134,2026-09-01 19:20:48.968239+00:00,A,True,0.5800000000000001,1.57,1.58,0.0
fbbc87a2ae3e31a9589316430f89974df00632b981875490c0bff5341e2ee40f,2026-09-01 19:20:48.968239+00:00,A,False,-1.0,4.5,4.5,0.0
87cf655f0373b1731b9e1a244be91938bca6049baf6a7bba61c4913cd7c62db5,2026-09-01 19:20:48.968239+00:00,A,False,-1.0,5.0,5.0,0.0
7096149fc5a8cdeb00afd4c0f3b5a157e3335a306c6bd77f9c261c48844c3fd5,2026-09-01 19:20:48.968239+00:00,A,True,2.1,3.1,3.1,0.0
b58f25fb27e30dae4ef26beaf47a1fc34cf990d70247697c388330e4931baef9,2026-09-01 19:20:48.968239+00:00,A,False,-1.0,3.3,3.3,0.0
e9a0f81643b634dba2db8ceaa7fbe437d4f73363a0b60ef7f796627832893dae,2026-09-01 19:20:48.968239+00:00,A,False,-1.0,2.3,2.3,0.0
fc479b40264fbcf7f8a2aa460a5546a50603ca2a9ab46633e3684a05052c7933,2026-09-01 19:20:48.968239+00:00,D,False,-1.0,1.75,1.8,0.0
ce87c925fba8f5c2374ea5a0687a3fb8e22308f1a70904a6a6e6d8b223013d5e,2026-09-01 19:20:48.968239+00:00,D,True,3.33,4.33,4.33,0.0
46e2469de2a41253c89e98b85095e6cc45b37795199a0c6f6e2377b864c4e268,2026-09-01 19:20:48.968239+00:00,D,False,-1.0,4.0,4.0,0.0
abad6ac16f71f9ea751304c6d4627fe76ac51b5ed748f61411beae1afeb83e02,2026-09-01 19:20:48.968239+00:00,A,True,0.6799999999999999,1.67,1.68,0.0
9c86da838118fe4c880505db5b8b9303bc648baaf56090d7aa92d2cbda7a012c,2026-09-01 19:20:48.968239+00:00,A,False,-1.0,4.33,4.33,0.0
65d9d316ba1a08961c37d51d7e2beeea26e9a8af37c6d66bf719f9d73b38fdf6,2026-09-01 19:20:48.968239+00:00,A,False,-1.0,4.5,4.5,0.0
2de6b1584b6261b215b2004c71a1b11bbf04ee25397e78b9e908a830e2379c56,2026-09-01 19:20:48.968239+00:00,H,False,-1.0,4.0,4.0,0.0
92166b92b1e9dfa7af2bcc25e82677fcf14d228e3593bb21204b3cd747418365,2026-09-01 19:20:48.968239+00:00,H,False,-1.0,4.0,4.0,0.0
47b8bb1110e0875a5b110a797deed795f52a65780627fb21f5f575e5829bcb9f,2026-09-01 19:20:48.968239+00:00,H,True,0.8300000000000001,1.83,1.83,0.0
e8750a3a7cf3761851aa85b981109049a8a0344f15d11b4031b4caee204d4cda,2026-09-01 19:20:48.968239+00:00,D,False,-1.0,2.7,2.7,0.0
735454923cf874688a0abe5f43c10aa5c98800e5f4e23b830e7ca10f99003b27,2026-09-01 19:20:48.968239+00:00,D,True,2.5,3.3,3.5,0.0
ee67932f6a2d03485b6835ab06c5732c23a8aeefac26b5ab43ba065908013444,2026-09-01 19:20:48.968239+00:00,D,False,-1.0,2.6,2.6,0.0
4517c5f3234f07e6e37b451e274d22623677877e6a52dce8f2d47396e4c034ac,2026-09-01 19:20:48.968239+00:00,H,False,-1.0,3.1,3.1,0.0
dbf98e4b6941c2e48ddfb514209c6f1803d0173f3a6844317ae06418118d85cc,2026-09-01 19:20:48.968239+00:00,H,False,-1.0,3.2,3.4,0.0
bb314cac7e62a491999edcbfdeb1efb6d66514d3c9f3d48b07a13faf757ec095,2026-09-01 19:20:48.968239+00:00,H,True,1.4,2.4,2.4,0.0
b0e91b3803dde354909f1494bb7bed3b1c523e03e157bf80bf7c660f956cf177,2026-09-01 19:20:48.968239+00:00,H,False,-1.0,7.0,7.5,0.0
9c54a130c47dc73f1169f088355b75cdf73be12c1282211af9a2541837a3792b,2026-09-01 19:20:48.968239+00:00,H,False,-1.0,5.0,5.0,0.0
f92cd83de4eacbe1a34fef47ce48a7839a248b2c501456880a07fa865bd7b524,2026-09-01 19:20:48.968239+00:00,H,True,0.4299999999999999,1.42,1.43,0.0
28a9c876961ce6711f4e0b5073b59f53042081ab15066573094ffbb7d29add0d,2026-09-01 19:20:48.968239+00:00,D,False,-1.0,15.0,15.0,0.0
6519e870886a94023fc6cdf854799c5722ada7e6c7ad080c4918866c7327052b,2026-09-01 19:20:48.968239+00:00,D,True,7.5,8.0,8.5,0.0
45a4a789800b3d0aded41cc1be30fd9e367f0b67169719cfacd1802ada610a50,2026-09-01 19:20:48.968239+00:00,D,False,-1.0,1.17,1.18,0.0
6d08251aa33bc6da6a1f5dfe4d8e5e37b91d53eb941c6942e7f6efe8723aa307,2026-09-01 19:20:48.968239+00:00,H,False,-1.0,2.75,2.75,0.0
30050275c7294eed9055b3dc53eeb91da79b5c1aed4ca9a84f0057774b4102a3,2026-09-01 19:20:48.968239+00:00,H,False,-1.0,3.7,3.8,0.0
ef1a1cbc82d433e502bd60632d17d9fbe99012eeb28459018ed4deb7530152d7,2026-09-01 19:20:48.968239+00:00,H,True,1.4,2.4,2.4,0.0
97906e1bb4aea8d52a25d31069e16e7de80a9cad516416171e23c20e554ba43d,2026-09-01 19:20:48.968239+00:00,H,False,-1.0,3.8,3.8,0.0
ef62f04dda874c44dbe17b8332bbad6bc3e7329d9ef4515b0430052627215dd4,2026-09-01 19:20:48.968239+00:00,H,False,-1.0,3.3,3.4,0.0
742c45b1863ef9d060f85eb5795c76095cebab86ffe82277c83f38ec42bb3d2c,2026-09-01 19:20:48.968239+00:00,H,True,1.15,2.05,2.15,0.0
2a3314adfc64f8dd9ce121e2fcd645941c25d026816aa3bee9da9f5396ee8321,2026-09-01 19:20:48.968239+00:00,A,True,0.6299999999999999,1.62,1.63,0.0
9435bda5ac48a09aa5bfd3c04a4ba710399fcdf248cf16cea8e9b590dae6aa16,2026-09-01 19:20:48.968239+00:00,A,False,-1.0,3.75,4.0,0.0
c909d33ee8ad8e4d4b9794bcb6e75064158904672b609e574a2f89ed59140342,2026-09-01 19:20:48.968239+00:00,A,False,-1.0,5.0,5.0,0.0
b6071b1cd974ebab5104bb508854bce2b3ff42bce48f02742787c54f2703969b,2026-09-01 19:20:48.968239+00:00,A,True,0.3400000000000001,1.3,1.34,0.0
f7f6c256f46f5b18eb00677045f857639ee3aeebab04790e44acaf014db31a55,2026-09-01 19:20:48.968239+00:00,A,False,-1.0,4.5,5.0,0.0
1a3a6fd33703ea9907d776b27bcebce014a77bfcc9fbb466864ea433822a1cf7,2026-09-01 19:20:48.968239+00:00,A,False,-1.0,11.0,11.0,0.0
7f5f6abd689e4d023747a25b662df1c389c7969f1799e9f3afbca431ff4b53cc,2026-09-01 19:20:48.968239+00:00,D,False,-1.0,1.33,1.38,0.0
8aa6cb6760eeeac641706ae9f3fcddfce4d2fa18924d1076b535ef00e115e571,2026-09-01 19:20:48.968239+00:00,D,True,4.0,4.5,5.0,0.0
5ec38bed75dd969c6e929d57bf54087cac04db82735f76014b34e2d0295482f5,2026-09-01 19:20:48.968239+00:00,D,False,-1.0,9.0,9.0,0.0
2bca158bba077d53489964d2a9ffc221ba7862ed67eefec7a28c1469da81c0b4,2026-09-01 19:20:48.968239+00:00,H,False,-1.0,5.25,5.25,0.0
78793f329bc045983bb7932da8ab2f254595474eeeb4925ea04d199ee02b582d,2026-09-01 19:20:48.968239+00:00,H,False,-1.0,3.7,3.9,0.0
5f8b71f7c1f857aab97c79a8ab88389f9ed781fd8d1372b80ae5b41e35781d60,2026-09-01 19:20:48.968239+00:00,H,True,0.6499999999999999,1.61,1.65,0.0
44eddf24e43fc5cfcccf629b7cb050b6f025e4eea04e88f0809ff0a784cb6b7e,2026-09-01 19:20:48.968239+00:00,A,True,0.55,1.53,1.55,0.0
1f1e75354ad35c683cbcb0071f34dd36dd288f4c5fadd5affca77bd790e09377,2026-09-01 19:20:48.968239+00:00,A,False,-1.0,4.1,4.2,0.0
c5c5a549c72e59eb01519842473e4b871c6fb26d80c71b4997a7b449cceb128a,2026-09-01 19:20:48.968239+00:00,A,False,-1.0,6.0,6.0,0.0
b3650fdb846e0467f7fce5bd2c1031c9c6b2e6fc2aaebb0d0a523d1f0b10cac4,2026-09-01 19:20:48.968239+00:00,H,False,-1.0,5.0,5.0,0.0
e1f28c97f96f7464e4d4a1cbf72af0c457fa552ad4894a5c3d2a267fac91d600,2026-09-01 19:20:48.968239+00:00,H,False,-1.0,3.6,3.6,0.0
73df00e3ece55c9e403f97f0c393b23eb1f6f418b4307802110debb160ba6530,2026-09-01 19:20:48.968239+00:00,H,True,0.75,1.68,1.75,0.0
de8457c8ecb56c49800ec8cb68fe5ddec77369e9085605843ad094825e6f34ca,2026-09-01 19:20:48.968239+00:00,H,False,-1.0,12.0,13.0,0.0
66e52978b2ceb2a95c83b88cfbb6f8aa3721881fdec1882ec2b7f5c74e76cc28,2026-09-01 19:20:48.968239+00:00,H,False,-1.0,7.5,8.0,0.0
79eb2c8747f671ae5acfd5a8ef5db3b900a4b7f6a204cb67683bead3fd67320f,2026-09-01 19:20:48.968239+00:00,H,True,0.1799999999999999,1.15,1.18,0.0
2b05ac177dfbeabfa898b16c520270a6c3ea6d54262f448faaaeb40a1359a90f,2026-09-01 19:20:48.968239+00:00,A,True,0.6499999999999999,1.56,1.65,0.0
5326cfb4103858c04f2d0b8297d5e939d24acc3d6c3158e66c53336849967ac3,2026-09-01 19:20:48.968239+00:00,A,False,-1.0,3.6,3.8,0.0
4f084a387d08f9c1312d81703484bd218315cd84df48bf5141c25c5a272f8d15,2026-09-01 19:20:48.968239+00:00,A,False,-1.0,6.25,6.25,0.0
3f91311a5ddcda4a35b1b5fbf80cea652fcbfe2e079861b06bb2be6f6f54e9cc,2026-09-01 19:20:48.968239+00:00,A,True,5.25,6.25,6.25,0.0
15c733134215d60076ecd4908a448e6a5cd6606004898bd725a2ecad96d12f87,2026-09-01 19:20:48.968239+00:00,A,False,-1.0,4.75,4.75,0.0
3628af328d07907c59f34b7951d3d45d669d8f159c712786e36c54cf016acf1d,2026-09-01 19:20:48.968239+00:00,A,False,-1.0,1.45,1.49,0.0
d5f933d3646daaaba48bc06d2f0ffdaa78645048b8dd219a05d6785f29b24f69,2026-09-01 19:20:48.968239+00:00,A,True,0.32,1.27,1.32,0.0
c4705629962106270ddd87e830a058342a42b3421114aa142ae103890d06969c,2026-09-01 19:20:48.968239+00:00,A,False,-1.0,5.5,5.5,0.0
f2fce57b134b30dc3537332a49b57c50719d2789c1a645197d52cc5ee0774990,2026-09-01 19:20:48.968239+00:00,A,False,-1.0,8.5,9.0,0.0
2e50401c9e6ef2c144246a9213db4c04ec4b04aefbb464240a919aa78b01cc93,2026-09-01 19:20:48.968239+00:00,A,True,0.7,1.67,1.7,0.0
63ec897a74be79c2b6fddf500aa1b71ab49b5244b8e1519375602882ad7222b2,2026-09-01 19:20:48.968239+00:00,A,False,-1.0,3.9,4.0,0.0
41ec16a831e3ef0f702071dde00f1a0cc53aab29ce8c6859788c011edfdd444a,2026-09-01 19:20:48.968239+00:00,A,False,-1.0,5.0,5.0,0.0
f92e07cad8bd10c2ac567a54973d678d054d84b69f4c2e90cca3d5a827391ae0,2026-09-01 19:20:48.968239+00:00,D,False,-1.0,1.7,1.71,0.0
ab2a51a38e952fd6b3197e70441d99e801131315e7702a6bc631b01a4c74eb1d,2026-09-01 19:20:48.968239+00:00,D,True,3.0,3.8,4.0,0.0
17dcc86bda76f1a63fc80d962d00334ffb04f1f1709dd8f4a5cd8d5e2e2ffd1e,2026-09-01 19:20:48.968239+00:00,D,False,-1.0,5.0,5.0,0.0
3fc863c4e4304072a0ba91cff90393fc813a351891aeb626c30bae5479f7bd1b,2026-09-01 19:20:48.968239+00:00,H,False,-1.0,2.05,2.1,0.0
5fe2efd3a4cfc45da4ee52354bde3ea06015a322b624b2975ab403eefc64746c,2026-09-01 19:20:48.968239+00:00,H,False,-1.0,3.6,3.7,0.0
257d5d34b88cd6cdee2e53c19ae3de6877b4fb7eb6bb28b1e750c0eee3e5321d,2026-09-01 19:20:48.968239+00:00,H,True,2.5,3.5,3.5,0.0
baeac8a6aed5a39c3e64690b0bb2c41d23af6a91829b59061abaa7110f917499,2026-09-01 19:20:48.968239+00:00,D,False,-1.0,2.63,2.63,0.0
7e748ba444cc072385c3dcf525c1dd4bcdf7ffad38d4fe55a900eec4a399af6c,2026-09-01 19:20:48.968239+00:00,D,True,2.4,3.4,3.4,0.0
ecce6bf1234c85330ed84e21e3a5733dff0092bf995ec1adc99aafdcff737deb,2026-09-01 19:20:48.968239+00:00,D,False,-1.0,2.63,2.63,0.0
14846addd249497ac0886682cbf6c603ecbd6c54eaab9ab4e808dac86424db87,2026-09-01 19:20:48.968239+00:00,A,True,3.5,4.5,4.5,0.0
5fcf57f4f5a936787eba4033a6a9a2b634fa044f47075f736afe08b35eef87bf,2026-09-01 19:20:48.968239+00:00,A,False,-1.0,3.6,3.6,0.0
1f24bd22102895484520d730824fd27a6347c3cee9532f68ab65525288093c25,2026-09-01 19:20:48.968239+00:00,A,False,-1.0,1.8,1.9,0.0
5efc1f81374bd07cd45c1b8d79f747d69d75a8dfb9a284d9211ada766f234f43,2026-09-01 19:20:48.968239+00:00,D,False,-1.0,7.0,7.0,0.0
ce1e94d2f094029716023048845c27af4cc946e8b98be1b8625a72176f4cee80,2026-09-01 19:20:48.968239+00:00,D,True,3.5,4.5,4.5,0.0
e9ce3c66d20ff23aaa0d75bd01c0712e83e31c5d620f9300ffd696cad7445f9d,2026-09-01 19:20:48.968239+00:00,D,False,-1.0,1.44,1.5,0.0
fdc869f33927f1a0d10afdf949dcc3f8d80bf10a981ff4c98a3d6628c35f7b65,2026-09-01 19:20:48.968239+00:00,H,False,-1.0,3.4,3.4,0.0
2a54540d112b6b2a59d34ad0585fceef648e6f96c74e9e9f04db6b9bdcefce59,2026-09-01 19:20:48.968239+00:00,H,False,-1.0,3.25,3.25,0.0
17b3ecc6a391fd3de036ea31fe2a1229b1fd0dbb8fb9eff2afd2668a90470cf3,2026-09-01 19:20:48.968239+00:00,H,True,1.2000000000000002,2.1,2.2,0.0
debe44e1557802bf138713eaa22786dbfe2be2a2f7d24397af8716eec0fe757c,2026-09-01 19:20:48.968239+00:00,D,False,-1.0,2.65,2.7,0.0
73986ea75292edcd21af2c0962af43506ebcb6058048239cfbc5d31827ad201b,2026-09-01 19:20:48.968239+00:00,D,True,2.1,3.1,3.1,0.0
e7be2994437072446f758652b4e3918b430fe2929191c9ec2573e967401a996c,2026-09-01 19:20:48.968239+00:00,D,False,-1.0,2.57,2.65,0.0
276a2d00eeb99b8bcf80ecc829524757e7920dd80da79e925a836e714c8dc49a,2026-09-01 19:20:48.968239+00:00,H,False,-1.0,2.63,2.7,0.0
ab65df4278fa4e67102cde089ecdb5dbcfced41d29e53be9f6314789103c7374,2026-09-01 19:20:48.968239+00:00,H,False,-1.0,3.8,3.8,0.0
4631c23e46efef4b66368ae500563ce97e401bad9e91a4da81369e54b8ae6bec,2026-09-01 19:20:48.968239+00:00,H,True,1.4,2.4,2.4,0.0
baae411e1e73169e60a6a0ab85f7a04f32e7dda437931aab730a287154fe21ce,2026-09-01 19:20:48.968239+00:00,H,False,-1.0,7.5,7.5,0.0
cdcb5e0263c6946ecf9480c6edb406de851d8b27e3e445df48d0b0683f999719,2026-09-01 19:20:48.968239+00:00,H,False,-1.0,5.0,5.25,0.0
0a8822887342394c506bfb4b155955e3f8c5a3f2046bffcdfaa343844121c46f,2026-09-01 19:20:48.968239+00:00,H,True,0.4099999999999999,1.4,1.41,0.0
a29adfd346effc4153addb5fa68ca2d0a351ab4e53dd0a72a896985f9e00efd3,2026-09-01 19:20:48.968239+00:00,A,True,0.7,1.67,1.7,0.0
742c6f63411ea8d491efee669d0d80476491103a35898f83341cd3d5954712ac,2026-09-01 19:20:48.968239+00:00,A,False,-1.0,4.33,4.33,0.0
291613f5544522cd3f068d2feb806c107b111a2d4e7fe64cbc51f6348e413651,2026-09-01 19:20:48.968239+00:00,A,False,-1.0,4.5,4.5,0.0
d60d52b9851efa4aaf7df73c263467d36fa531572a2397e85995a8f3666fa40a,2026-09-01 19:20:48.968239+00:00,A,True,3.1,4.1,4.1,0.0
be15e66eb2c46d8b0395c04a96b0ba688c9cfaa5b1b3a08afcf02d64d58e3911,2026-09-01 19:20:48.968239+00:00,A,False,-1.0,3.5,3.5,0.0
4aabb8e423784ed79e508b8ad35e353b7e33cb335e635e812fe5c72b0e8e73d7,2026-09-01 19:20:48.968239+00:00,A,False,-1.0,1.95,1.95,0.0
18b3bc0f4759596df7d03aa7211acad856aab7bb923d2248312b5a6fd2d32156,2026-09-01 19:20:48.968239+00:00,D,False,-1.0,5.75,6.0,0.0
a57eb3da82c5cd7fc5c3d0a596f10cd3dcba5989e7eea4febab616b2f28cbfb5,2026-09-01 19:20:48.968239+00:00,D,True,3.6,4.5,4.6,0.0
8815c99651141b7fc8ffd7719cf86396637698151bd8772a1a6782e685c9bc41,2026-09-01 19:20:48.968239+00:00,D,False,-1.0,1.5,1.55,0.0
d2eefbc235ede55a097bd9f2d51a4c00dd84b2792bbf055d0df1fe8ac624c3e3,2026-09-01 19:20:48.968239+00:00,D,False,-1.0,3.6,3.6,0.0
4633fc2e8159c8a711bf5591dcb50e57ddc4c119caa4754b9e73ac5e7a0eee1d,2026-09-01 19:20:48.968239+00:00,D,True,2.6,3.5,3.6,0.0
6f6150edbdc9594cc0565ca9c71e565dcab9b7d0f489419feb5d3e87a9668e78,2026-09-01 19:20:48.968239+00:00,D,False,-1.0,2.05,2.1,0.0
b9610890c2d28d39ce36ec600078f0e2316143814d7c7efed662f4e63c1f63d1,2026-09-01 19:20:48.968239+00:00,A,True,1.9,2.9,2.9,0.0
73f4d3f0422405ac139fc08525a5c2a2e1fe6d51686f67908cff8400d5794663,2026-09-01 19:20:48.968239+00:00,A,False,-1.0,3.75,3.75,0.0
1b75db501d23c1395c6a7a24f418224845d54ff7744ebbdff563aeed678648fb,2026-09-01 19:20:48.968239+00:00,A,False,-1.0,2.25,2.25,0.0
2e47952deea830910524bf743edc478756034cea22a2aa4bcb0cfcf93d6fbd25,2026-09-01 19:20:48.968239+00:00,A,True,0.3600000000000001,1.33,1.36,0.0
032f2c6ed8d396ee77211d94e2d68d35680ebb05a3b06c18a7a12872735a465a,2026-09-01 19:20:48.968239+00:00,A,False,-1.0,5.75,5.75,0.0
7e48f8dc33c8f53cc9621017c8f4eb689ebbb83495ef2fe38418aedef563652d,2026-09-01 19:20:48.968239+00:00,A,False,-1.0,7.5,8.0,0.0
04d0925b61ac4a48cdb7e0e17467305e795dcad910590f02810b2d4b4d3e8e70,2026-09-01 19:20:48.968239+00:00,A,True,2.1,3.1,3.1,0.0
f68112f6769cc8e98f7bd6c99ed06aba827119f0e0cff421379bcac4e87ccbd0,2026-09-01 19:20:48.968239+00:00,A,False,-1.0,3.1,3.1,0.0
478b2570e5f9a2cb33031c43add19ff7445aeb77e6deeb3dadba7894055160a3,2026-09-01 19:20:48.968239+00:00,A,False,-1.0,2.35,2.38,0.0
4319dbc27a2f2b8e621ec8e8a423a918ab17461eaaf14be99effe8c457a7a008,2026-09-01 19:20:48.968239+00:00,D,False,-1.0,3.3,3.4,0.0
a06914458b4cc995f45c50528e1b01efe08d481c14d8257b7483cb053ec0faa1,2026-09-01 19:20:48.968239+00:00,D,True,2.25,3.25,3.25,0.0
4316f517710665fe19338fd7ae8f1f25db6cd7ef6616b46fb7d2c9fe9255a423,2026-09-01 19:20:48.968239+00:00,D,False,-1.0,2.15,2.15,0.0
2a2edae877dfc864d130afb433161ea3bdb843eebf1b670395c0e96c3aab141a,2026-09-01 19:20:48.968239+00:00,A,True,0.5800000000000001,1.57,1.58,0.0
e582fb36eb298b5db4bbb04dcac7e4c7cc35279c7ca44e6bf834bdd64dd9620b,2026-09-01 19:20:48.968239+00:00,A,False,-1.0,4.5,4.5,0.0
45c3402b556f97598adcc0df2834ba449aa173c65c39dfa54711a0e5d750841f,2026-09-01 19:20:48.968239+00:00,A,False,-1.0,5.0,5.0,0.0
699ab474d707297bcd9d24cdab4f78bdfc4bc72364b819964cbf33c5ed82137e,2026-09-01 19:20:48.968239+00:00,A,True,2.1,3.1,3.1,0.0
5f8746b8a2a24661cf52a48e13ebebec6bc4ba257e811e112215fc2d4be98ce8,2026-09-01 19:20:48.968239+00:00,A,False,-1.0,3.3,3.3,0.0
2f0ac81544485923d5116c907f7b9e1c642c7258b4ac9444a3acf444fe8d0045,2026-09-01 19:20:48.968239+00:00,A,False,-1.0,2.3,2.3,0.0
e0b5984bceff4383416fb4429dca601d8b235413ccfec0a275a191af5d680fbc,2026-09-01 19:20:48.968239+00:00,D,False,-1.0,1.75,1.8,0.0
c0b4e9ea77f3f38b1612bf3434567db92a1cf3ac0ae55b0c54ffd9d201e76a09,2026-09-01 19:20:48.968239+00:00,D,True,3.33,4.33,4.33,0.0
7efbaf6f6da624e00d4b8440f0677aa2a61c5824310aa66d1a2bcb00ee4c4ec9,2026-09-01 19:20:48.968239+00:00,D,False,-1.0,4.0,4.0,0.0
163a60b9d172c52eb05af7e9110cb079703120540d096e7bb3c13fe9be87a282,2026-09-01 19:20:48.968239+00:00,A,True,0.6799999999999999,1.67,1.68,0.0
7c859f5ae22160348e6cb93eed0438945f3b0b5d82d92d015f55ea6ba6ed6db5,2026-09-01 19:20:48.968239+00:00,A,False,-1.0,4.33,4.33,0.0
9d897fd4c49b420361e672364eb7fcd83b04dfc38b94cb91b8c82e13b09a79ea,2026-09-01 19:20:48.968239+00:00,A,False,-1.0,4.5,4.5,0.0
a97dbb25a8793565ee482ada4b2891ba93bc4e7ee7e9a703a3a91a47dc5aade6,2026-09-01 19:20:48.968239+00:00,H,False,-1.0,4.0,4.0,0.0
33de1717b907141cac0e2d2ed9ae91e47666d4db5a297e41bfe5d7d9d62f89fe,2026-09-01 19:20:48.968239+00:00,H,False,-1.0,4.0,4.0,0.0
45566930451df46a3d07295886a96916dc0778a1e5cbe406f687889c3e4cc715,2026-09-01 19:20:48.968239+00:00,H,True,0.8300000000000001,1.83,1.83,0.0
d9e0430b43934b522e5a41228658fb9753cd412fc1bd1778d0ebe5afc231249e,2026-09-01 19:20:48.968239+00:00,D,False,-1.0,2.7,2.7,0.0
c4cecca3a3540cdbc809d9b866c34abde3c29892d4568ae4a0346209d1baea7e,2026-09-01 19:20:48.968239+00:00,D,True,2.5,3.3,3.5,0.0
f89ec99767b7c5c5be5e8d689e591fb27e466ca43c156a26e7faafa3c7e91beb,2026-09-01 19:20:48.968239+00:00,D,False,-1.0,2.6,2.6,0.0
847ccce7b96ae200612a25e2d96975a1e83a8de7cdf61729df7da0a55154640c,2026-09-01 19:20:48.968239+00:00,H,False,-1.0,3.1,3.1,0.0
1cc45bf76b8f7c203881ded1d24536c9659dcfcd0d1ecb2f37994eeb56f89fff,2026-09-01 19:20:48.968239+00:00,H,False,-1.0,3.2,3.4,0.0
9c7ef17476c26b5c0dd779bc6ed632bde52e6711ded4c83ec0136d5ee797de16,2026-09-01 19:20:48.968239+00:00,H,True,1.4,2.4,2.4,0.0
1a3dc212a88c405e14034e0621b3895a018dc21067a40b7f2b6dfd93e332a320,2026-09-01 19:20:48.968239+00:00,H,False,-1.0,7.0,7.5,0.0
66a7e710803e9fdb655f21c7681c2c60f7696a3cd39b1253ad094894b821f4a7,2026-09-01 19:20:48.968239+00:00,H,False,-1.0,5.0,5.0,0.0
8e728f1345989d64b717a572c5d0354654cccaed8500698c1dfbf2aa4718bea0,2026-09-01 19:20:48.968239+00:00,H,True,0.4299999999999999,1.42,1.43,0.0
637c1bf1ba9cd7c2fdcdc23697fa8c726fb65f204c56c7f329757b57130f8d9c,2026-09-01 19:20:48.968239+00:00,D,False,-1.0,15.0,15.0,0.0
bc34275100cf77bbebf6d1e4c29b9876b756de8e8240ce8f3e73308422525800,2026-09-01 19:20:48.968239+00:00,D,True,7.5,8.0,8.5,0.0
f409769d6316d504a5b0b211939b5816b6ff4c26d36dc66cd2642637fe4a13c1,2026-09-01 19:20:48.968239+00:00,D,False,-1.0,1.17,1.18,0.0
6654fed448e95f6a56458e5bcf6407bb45207f3f33396658bd9f76e5ed917cc9,2026-09-01 19:20:48.968239+00:00,H,False,-1.0,2.75,2.75,0.0
e3c1e3c171adc768af32a230081ea608e909f9fe97cb8d1712db6ef2c431a4cc,2026-09-01 19:20:48.968239+00:00,H,False,-1.0,3.7,3.8,0.0
02a80a8bb8d4bbc4cc4fc2d4cae295d8333923d5d11cb30473969e97c7b3129e,2026-09-01 19:20:48.968239+00:00,H,True,1.4,2.4,2.4,0.0
1087db60bd7cd26630aa0ae090d0f04f410b47833e1fc11e09184cde88d83bd3,2026-09-01 19:20:48.968239+00:00,H,False,-1.0,3.8,3.8,0.0
0e5a79064e4d1a491f940d3b108bd832af1cd455e02b92d70f2b16395330059e,2026-09-01 19:20:48.968239+00:00,H,False,-1.0,3.3,3.4,0.0
df56757e2c0845db65d4eba46bb2175b43e3087d0be2a5b52fa3464a3300dd43,2026-09-01 19:20:48.968239+00:00,H,True,1.15,2.05,2.15,0.0
e5caff81535c69918e25f37075e9af439e8b92b65daa27c7f736748e3c39553e,2026-09-01 19:20:48.968239+00:00,A,True,0.6299999999999999,1.62,1.63,0.0
94de4966fc13cb8c1373b831d75b4fe1aa421c4d925dd82c517c3df6ef183820,2026-09-01 19:20:48.968239+00:00,A,False,-1.0,3.75,4.0,0.0
bb4ccb64aaa00bd6d3731962055b5da52b4f00f4b741fc2b18335711c3b3ad3b,2026-09-01 19:20:48.968239+00:00,A,False,-1.0,5.0,5.0,0.0
ea36410fa625564ddf21bf2653b0ce505e4be372bb626f50275551c388e4d267,2026-09-01 19:20:48.968239+00:00,A,True,0.3400000000000001,1.3,1.34,0.0
3f5ca6a7de54a6d4eb93ac2867168ee30e0f828e9064698c26a5911f9efca771,2026-09-01 19:20:48.968239+00:00,A,False,-1.0,4.5,5.0,0.0
b7283e9bbe9f576745fc3910b539f39047c13c8e3bf864977182da28ea0cbb80,2026-09-01 19:20:48.968239+00:00,A,False,-1.0,11.0,11.0,0.0
8cf7f774182bab9a30a5cfd85ef6014cf07c2f67fbcaff3b62b856c4bd06ea2a,2026-09-01 19:20:48.968239+00:00,D,False,-1.0,1.33,1.38,0.0
946db8b140dfe0c84765427beb4abfef1643093aee08079a09ffab714a1329dc,2026-09-01 19:20:48.968239+00:00,D,True,4.0,4.5,5.0,0.0
37454b6a39e6dd5cd2223af189def5e299849bfa34dc252048e5cd540bffbedc,2026-09-01 19:20:48.968239+00:00,D,False,-1.0,9.0,9.0,0.0
debd4f7a89f47111d033dea621744ecab8387e92f56c46f1ab34277cf12c7651,2026-09-01 19:20:48.968239+00:00,H,False,-1.0,5.25,5.25,0.0
287f528adfd13b094f42572b3ba0b2810cb3258b9f626f699e2efa600d61e09f,2026-09-01 19:20:48.968239+00:00,H,False,-1.0,3.7,3.9,0.0
f9c0381dce96c7e3908bdf318bd3e1195525fde97095a90aac1ee9280c25e19c,2026-09-01 19:20:48.968239+00:00,H,True,0.6499999999999999,1.61,1.65,0.0
98e5c97f6f02ab2e61cf56002c89ad856529cf7fbdc3c1b6ce6ba7eb25580442,2026-09-01 19:20:48.968239+00:00,A,True,0.55,1.53,1.55,0.0
7639ff7a882998c1ac728b3f5aee509dc9a99208ca384e81043e3ac4ada643ab,2026-09-01 19:20:48.968239+00:00,A,False,-1.0,4.1,4.2,0.0
8297c27846eb231f56e6b450e881c6fb449213b0676c975269d1ec14a22db8cc,2026-09-01 19:20:48.968239+00:00,A,False,-1.0,6.0,6.0,0.0
c6c118f671fc7fee48679a66a2fefd50549b3b0240c3b428cd77fb0ed42bd66f,2026-09-01 19:20:48.968239+00:00,H,False,-1.0,5.0,5.0,0.0
926d659bf6ae92b367328c95b27d6a8c6128920743f850bba35d074bd3b36ae4,2026-09-01 19:20:48.968239+00:00,H,False,-1.0,3.6,3.6,0.0
3ef1abadb5fbaf1caea75cef9b605c147154ec6ea4c34defe548a8e4890127a4,2026-09-01 19:20:48.968239+00:00,H,True,0.75,1.68,1.75,0.0
54dbe2b6b3ca5427f7e6aed4078d634ebcab598e935e23a1a719da35a662d701,2026-09-01 19:20:48.968239+00:00,H,False,-1.0,12.0,13.0,0.0
87d81e20f0f1dd63fceeece8c713e36d45ca228c7ff44c3e13af7fd28a335701,2026-09-01 19:20:48.968239+00:00,H,False,-1.0,7.5,8.0,0.0
be58664860d6e9e6585a9bbad29d7a89d535e4f6e596e445b5784a2ea3c0e325,2026-09-01 19:20:48.968239+00:00,H,True,0.1799999999999999,1.15,1.18,0.0
e60b9cba81a189a00b2cd4ac416b47fc48289e38d8bc6859ad7239c61503f053,2026-09-01 19:20:48.968239+00:00,A,True,0.6499999999999999,1.56,1.65,0.0
9c8d7034ef04900dbcc777116e48b531aeb347067a734d75c11407fec3648124,2026-09-01 19:20:48.968239+00:00,A,False,-1.0,3.6,3.8,0.0
710d5f42d69d9c66b0a9d3aef3b2a3287ee1fba7f4d2fc49f955d31509d7cc70,2026-09-01 19:20:48.968239+00:00,A,False,-1.0,6.25,6.25,0.0
53854d3bb3fe38e4287b16d2575e494d8b0c5df1f49ab57b88c8eafbf393ab4b,2026-09-01 19:20:48.968239+00:00,A,True,5.25,6.25,6.25,0.0
1946b1bce4545c3019439a2b56f21d0017d48bb5a0f1226cb56b243be6e6b194,2026-09-01 19:20:48.968239+00:00,A,False,-1.0,4.75,4.75,0.0
36ed6a210bfe6494c0fd80b8debceb1c8456c02b8f36884df606512cc93ad404,2026-09-01 19:20:48.968239+00:00,A,False,-1.0,1.45,1.49,0.0
0277a778866f64bc8e6eafff8f7bb04055b5fbce91d594d3e8ad61da1559ff9f,2026-09-01 19:20:48.968239+00:00,A,True,0.32,1.27,1.32,0.0
24112bbcaf3b31b79adae865a9525c3709d4b3959c3b51007d2a820ecea5a8cc,2026-09-01 19:20:48.968239+00:00,A,False,-1.0,5.5,5.5,0.0
be3b4ceca2c14cb0cd29ff08bfff604315197f89c82a200090bf61c1513bc235,2026-09-01 19:20:48.968239+00:00,A,False,-1.0,8.5,9.0,0.0
5f3298701b9a183652447ed28659b7c381c4e042da01ac5d1a0a52c7235979ad,2026-09-01 19:20:48.968239+00:00,A,True,0.7,1.67,1.7,0.0
36b3a51b043d0287910e91feecf8abf6c1ea74bdb9a3f760cec3e9b6c1f7345e,2026-09-01 19:20:48.968239+00:00,A,False,-1.0,3.9,4.0,0.0
5e12358e612a21cbde4ee578e7848651647b138e60aef843bb985788d45c743e,2026-09-01 19:20:48.968239+00:00,A,False,-1.0,5.0,5.0,0.0
bedbf4ae0264a8357049009883321ed75e4af2d8aaf47297a64556f272cadebe,2026-09-01 19:20:48.968239+00:00,D,False,-1.0,1.7,1.71,0.0
ca03d2a1222f5361dfc0815769ef284f630b6e7710cc46ea5b57cbd2d935ba0b,2026-09-01 19:20:48.968239+00:00,D,True,3.0,3.8,4.0,0.0
4b4f50afc835bb7fdfcd133039a62a290d997ab755a09c92544ce790196bdc45,2026-09-01 19:20:48.968239+00:00,D,False,-1.0,5.0,5.0,0.0
2ba209ae909f4509111f924d0b212b0059c6161d63f514b6c7464a8ec9a263e0,2026-09-01 19:20:48.968239+00:00,H,False,-1.0,2.05,2.1,0.0
533ee5bdab2185f5d731d929e8c4978a4edc8afd9e2460910250d88eadd0545e,2026-09-01 19:20:48.968239+00:00,H,False,-1.0,3.6,3.7,0.0
62929bf1a53c2db6aef01f31f24ae23e4efa50cbc537c0cd7304c623c90c8d6b,2026-09-01 19:20:48.968239+00:00,H,True,2.5,3.5,3.5,0.0
69d91b8f67d7f3257dc678b4da6d197111ef763e9ab3cf6b24ac4f01b381cf16,2026-09-01 19:20:48.968239+00:00,D,False,-1.0,2.63,2.63,0.0
abcac0951397148ac22f6d1ad5456967ef76b0f949290825e240fd9faf1a4bb0,2026-09-01 19:20:48.968239+00:00,D,True,2.4,3.4,3.4,0.0
296dbe1ef8022e65fc13d3a100450cb84319a5c87c1a14f859c3296f5894aa8b,2026-09-01 19:20:48.968239+00:00,D,False,-1.0,2.63,2.63,0.0
9587a218398a1fc88378c822bc100faabfc59c070d51e58e9d8f5061bf802e85,2026-09-01 19:20:48.968239+00:00,A,True,3.5,4.5,4.5,0.0
3b871fb9774844f41b1d0ad21797c52b1f35bba52ad386119af69aa408aee55f,2026-09-01 19:20:48.968239+00:00,A,False,-1.0,3.6,3.6,0.0
a3e4548bcbf939e82270c8147123160a22b09e7d838a0fb1df588f4dc0998ae4,2026-09-01 19:20:48.968239+00:00,A,False,-1.0,1.8,1.9,0.0
70891acb3c01dcd39510fdba393e5a2dcafb404a3af9c6258f99c8891537d8e7,2026-09-01 19:20:48.968239+00:00,D,False,-1.0,7.0,7.0,0.0
7fce86ebe29f4401a6f87411d8ed98ee87645dda6dd0dd686664a4bb10bfbcd2,2026-09-01 19:20:48.968239+00:00,D,True,3.5,4.5,4.5,0.0
96a8b0b53f81165e2ba685e41a1faa696504ba164c22df47a0944d0ecb1cd16e,2026-09-01 19:20:48.968239+00:00,D,False,-1.0,1.44,1.5,0.0
f216867a3feeb163b20d8caeaaee94ad7417890343a86c154bc87e220d042230,2026-09-01 19:20:48.968239+00:00,H,False,-1.0,3.4,3.4,0.0
90b50d12de820800e9634d02d826395e838c994ebcf6c1cebe85008dd72b30f8,2026-09-01 19:20:48.968239+00:00,H,False,-1.0,3.25,3.25,0.0
8048804fb611e392d0a1382c31b8f18c9eb69cbad1ca3126881dcf5d7b2aa779,2026-09-01 19:20:48.968239+00:00,H,True,1.2000000000000002,2.1,2.2,0.0
b63a1260bd72a88fc85815dd423e1f08def5c6e62f29471d10c4205db25e1dee,2026-09-01 19:20:48.968239+00:00,D,False,-1.0,2.65,2.7,0.0
f6fb04f456c069f9ff49695b47121e30f024b62627065678c05338297720048d,2026-09-01 19:20:48.968239+00:00,D,True,2.1,3.1,3.1,0.0
6014d94e8765fedaae472aa8d20fa3c16e5073a9d3c962636063f41c474badd7,2026-09-01 19:20:48.968239+00:00,D,False,-1.0,2.57,2.65,0.0
14b2384f8343122b8b9b6a6ed19b0385e8e05599577edba7356b50e59107c897,2026-09-01 19:20:48.968239+00:00,H,False,-1.0,2.63,2.7,0.0
ad294353d3ad852fc77aec6a641a06625038da2e8e9d54f4b458bf5b1dd35a84,2026-09-01 19:20:48.968239+00:00,H,False,-1.0,3.8,3.8,0.0
8af898bfd2f91860c95e59e98daccf85c34b1fa278d1802c1597dfae0d83c251,2026-09-01 19:20:48.968239+00:00,H,True,1.4,2.4,2.4,0.0
e1af157a584ca29d7362650236887f795201afb1625c262274d9574683d827a1,2026-09-01 19:20:48.968239+00:00,H,False,-1.0,7.5,7.5,0.0
144943242da2ec08565caf0a3b9b9a7de8b0e40cc7da80a497a7d4ad7bf4e949,2026-09-01 19:20:48.968239+00:00,H,False,-1.0,5.0,5.25,0.0
330e2d649004849d34e616f6d42ebac22493259fa841c36717caf74b633b9ab6,2026-09-01 19:20:48.968239+00:00,H,True,0.4099999999999999,1.4,1.41,0.0
3942bdc3ae381378066898c35e97c9d00c55f3733b249a32f9057caf529e4164,2026-09-01 19:20:48.968239+00:00,A,True,0.7,1.67,1.7,0.0
cd7470484d7be766350fc75b894df93076774797a71e031c591d75a66ab36ff1,2026-09-01 19:20:48.968239+00:00,A,False,-1.0,4.33,4.33,0.0
04eaa1eb73a437b4f8e271ec2aa9af8ec7bd30dca28e4d5f6f4c39b39d58d272,2026-09-01 19:20:48.968239+00:00,A,False,-1.0,4.5,4.5,0.0
2b04f4a70ec965447bf3250651208d22e4528307e480b0300b9bae3f3f4555fb,2026-09-01 19:20:48.968239+00:00,A,True,3.1,4.1,4.1,0.0
10aa1eb5781702efdc7b71765000451e7d41c2623e90225ce306eea20933107a,2026-09-01 19:20:48.968239+00:00,A,False,-1.0,3.5,3.5,0.0
007bdbf98fd7ec0870244d316a5622b3331bb1ef15440f7fba72dc86a68118fb,2026-09-01 19:20:48.968239+00:00,A,False,-1.0,1.95,1.95,0.0
ceebdecac7fde4b83f5d7fa553490a6cf53fea20c5e6f24ef1fdfd45f2b328aa,2026-09-01 19:20:48.968239+00:00,D,False,-1.0,5.75,6.0,0.0
fe3415472d1f2ec272804e08a746eda0a193cd10f0c2a7cf37961bfbf77f3a68,2026-09-01 19:20:48.968239+00:00,D,True,3.6,4.5,4.6,0.0
7e3b6d662303a7ce8bb71404734250567e94a9071f5c3db7e25aded1451e2e4a,2026-09-01 19:20:48.968239+00:00,D,False,-1.0,1.5,1.55,0.0
c273044aa6bf32df65f326b7151b91c24ec4198e856eb43b31f212f5a259f528,2026-09-01 19:20:48.968239+00:00,D,False,-1.0,3.6,3.6,0.0
25018f681de3fabe2f2ea7e8e4963324c7adef186174b10811666c27e489e7f8,2026-09-01 19:20:48.968239+00:00,D,True,2.6,3.5,3.6,0.0
89a1c71b2782787f701d2a876e99c3570a9963342e80f92c3f7062ba7f575254,2026-09-01 19:20:48.968239+00:00,D,False,-1.0,2.05,2.1,0.0
26889f8f6d7d93dbe6d06b3f4d3eb9af1ee1768059319d7c81982b0f7e1aa727,2026-09-01 19:20:48.968239+00:00,A,True,1.9,2.9,2.9,0.0
595e155105e4053515a37d39fe5628523ad6f5e7ec9e454ea8e46590cf96354e,2026-09-01 19:20:48.968239+00:00,A,False,-1.0,3.75,3.75,0.0
3b52df767362ec963854891766f8af42f096b47af7b376d22dc97f4289234c73,2026-09-01 19:20:48.968239+00:00,A,False,-1.0,2.25,2.25,0.0
5cfe2432e1ba29e80fbe968280fbfdc844d2f78f98d8af79735adf6fd0059ee0,2026-09-01 19:20:48.968239+00:00,A,True,0.3600000000000001,1.33,1.36,0.0
61617066fe4240190b066c076eca5f0c04b52385d477b7f2edb55a7a83cdce1f,2026-09-01 19:20:48.968239+00:00,A,False,-1.0,5.75,5.75,0.0
4581be98d9da7df38340e81d6c1e5afd2b698542bde7afcd72dde496021cf011,2026-09-01 19:20:48.968239+00:00,A,False,-1.0,7.5,8.0,0.0
4cc2355dbb7e624f078d445b2651da8fef030e3bce212516ba9728de6151797a,2026-09-01 19:20:48.968239+00:00,A,True,2.1,3.1,3.1,0.0
a399ebeec7729025c4b3b50d565c30a457cc6911882956c4d3e2702452d95523,2026-09-01 19:20:48.968239+00:00,A,False,-1.0,3.1,3.1,0.0
692988577181fd91d673c70333cc310b3375e8a90399e26d8bc58da1ca28fd56,2026-09-01 19:20:48.968239+00:00,A,False,-1.0,2.35,2.38,0.0
0873b6636d3dc602159ae8f96800e5a6758b2b45290d3b7058f4b43563414662,2026-09-01 19:20:48.968239+00:00,D,False,-1.0,3.3,3.4,0.0
54f4516335d34f8c3cf00ddf1f4444a2a967e2f81b7c4f3ba93717cd156d4dd2,2026-09-01 19:20:48.968239+00:00,D,True,2.25,3.25,3.25,0.0
aea3f436189c134f96f940a8fb0cf8c0d65d3fc8d8e37d9d99840bf109f761ad,2026-09-01 19:20:48.968239+00:00,D,False,-1.0,2.15,2.15,0.0
3034266dbfc63a82e3be38011e3a57c5a11938a27d02a324c4cd5e064fa6d3e2,2026-09-01 19:20:48.968239+00:00,A,True,0.5800000000000001,1.57,1.58,0.0
5ca1c850d1d194e2e96942bbf3d1188cb581628dc517f200c9f27e4e97a673b4,2026-09-01 19:20:48.968239+00:00,A,False,-1.0,4.5,4.5,0.0
48a2870400f7d45d5a41395215e896804688f6917cf15372ddfd9b0405d9bebd,2026-09-01 19:20:48.968239+00:00,A,False,-1.0,5.0,5.0,0.0
32d955d9c780ff5204356e7f967fd6360420dd22b1303bc0c50c529811cf1ea0,2026-09-01 19:20:48.968239+00:00,A,True,2.1,3.1,3.1,0.0
aa83ce107db2791d14d0d7655887de1655a4bd1bd1f17dd5b3ae4a758b742a5f,2026-09-01 19:20:48.968239+00:00,A,False,-1.0,3.3,3.3,0.0
f504055546661adcf56efc17d6f550128131ea616ae9c9c5536d725680040e2a,2026-09-01 19:20:48.968239+00:00,A,False,-1.0,2.3,2.3,0.0
9b0bb0c2b545b44ef178e3a2743fc0d75e07b242609212f7857986d22ded43e0,2026-09-01 19:20:48.968239+00:00,D,False,-1.0,1.75,1.8,0.0
cdeb2ef878bd817ddb260e85ddb8c86b24b9119a41bc20ca4bb11f55758cc0bf,2026-09-01 19:20:48.968239+00:00,D,True,3.33,4.33,4.33,0.0
119e58923d165c8e2010263174547fc0e861f987b2d402cd9ba71502f525c2d9,2026-09-01 19:20:48.968239+00:00,D,False,-1.0,4.0,4.0,0.0
9174f6642fbf9763ddb6f3f734245a80b4b96fb8c838bdf7b665540a4bee2fd5,2026-09-01 19:20:48.968239+00:00,A,True,0.6799999999999999,1.67,1.68,0.0
4924c8ca44a4192a9e86cae9cd3a9ca89efb941d1363857f224fdc9911100239,2026-09-01 19:20:48.968239+00:00,A,False,-1.0,4.33,4.33,0.0
072003b0cdc0f3caa44635509ff8285e3f73d60b024ed2ebea56725cc9a87437,2026-09-01 19:20:48.968239+00:00,A,False,-1.0,4.5,4.5,0.0
25395fd92e37de3e7668aa9593c0254cf522eec417abd638cb590033af04df43,2026-09-01 19:20:48.968239+00:00,H,False,-1.0,4.0,4.0,0.0
a83cae46421cef02af033f3ae3b6b3f699161304fd85e4fb654a9bdb9fab55ed,2026-09-01 19:20:48.968239+00:00,H,False,-1.0,4.0,4.0,0.0
69aae03b45d1961c3763524036c69e1510f915c0e795d5f140e1c79323c7f336,2026-09-01 19:20:48.968239+00:00,H,True,0.8300000000000001,1.83,1.83,0.0
91015a2a402d1f0068a04517db1bc48d4334714247e4ac2a89e2e9c35621151c,2026-09-01 19:20:48.968239+00:00,D,False,-1.0,2.7,2.7,0.0
28a3da59b0bdac130f58d0e05915eca192d975a4408ed35aa77e7ef7e8adeb36,2026-09-01 19:20:48.968239+00:00,D,True,2.5,3.3,3.5,0.0
a8fade6c17b2211f5d051dc18f0707fe1a834ed2e72a69d33ff1daab377d09f6,2026-09-01 19:20:48.968239+00:00,D,False,-1.0,2.6,2.6,0.0
7ae5d7a59e90ecd375173294f22f5a41df1daab3b3e2993462214d67d0144918,2026-09-01 19:20:48.968239+00:00,H,False,-1.0,3.1,3.1,0.0
5a14b527b04f2a9533bdbb329386a751b818d047702a5d43654240fcc6408f57,2026-09-01 19:20:48.968239+00:00,H,False,-1.0,3.2,3.4,0.0
e45524dc7bf2bce7d6b02718d495e61b6431273e2086c5105d2b8d3ff6e433ea,2026-09-01 19:20:48.968239+00:00,H,True,1.4,2.4,2.4,0.0
0384d2b4cd1538a55caaba676694bbb59945dad633ae0e23571dc447612a6774,2026-09-01 19:20:48.968239+00:00,H,False,-1.0,7.0,7.5,0.0
32bc7c24aafcd6dbf77bd9eecd1a318374dfd4f9ce6b822d036d4113eaef7aec,2026-09-01 19:20:48.968239+00:00,H,False,-1.0,5.0,5.0,0.0
05d58e2d21c86e9843241f5c5f7f677843dfdcc84efda43865edb7f0563ffbed,2026-09-01 19:20:48.968239+00:00,H,True,0.4299999999999999,1.42,1.43,0.0
1667dfdc70017faf6c101094fcfa0e079dfcd39018fbdb50daa97e8f8deb125d,2026-09-01 19:20:48.968239+00:00,D,False,-1.0,15.0,15.0,0.0
38016f8727898d1f5cc750ccc9b948aa37e00ba590d986d422a9347397340156,2026-09-01 19:20:48.968239+00:00,D,True,7.5,8.0,8.5,0.0
54a483ca50b4f09354ab87c3cceb468ef242d1426fce17cf4cdbc55685aa6a58,2026-09-01 19:20:48.968239+00:00,D,False,-1.0,1.17,1.18,0.0
42c8e9ef681dddfa6d80002f72f15ff7f6a90f67eb64033f5e36f54b8c206d46,2026-09-01 19:20:48.968239+00:00,H,False,-1.0,2.75,2.75,0.0
450e6378f549c5e9ef5efde97f271dd3fe243109dab08e71bae1d989265da4e0,2026-09-01 19:20:48.968239+00:00,H,False,-1.0,3.7,3.8,0.0
547259e58dc7b866e7ef0987a96ca7f66823f82dc876bf8cefe46a7f0de35356,2026-09-01 19:20:48.968239+00:00,H,True,1.4,2.4,2.4,0.0
b0c40808851a69a655373521a7704cef6f260225bad11fa0b121905788ccb7dd,2026-09-01 19:20:48.968239+00:00,H,False,-1.0,3.8,3.8,0.0
14a1de4aac837033b52a199f41c26cb842cec3fb44d119a0b3749b3a9d70b09f,2026-09-01 19:20:48.968239+00:00,H,False,-1.0,3.3,3.4,0.0
a542280c51cd1af832ebc4cf6f05b80193fc6df5cfcf62d1f74ef5e6db5a9af7,2026-09-01 19:20:48.968239+00:00,H,True,1.15,2.05,2.15,0.0
e8e498d05d1e788b605f4c20396942c8cf90aaa5cf79a35ef9abdd38e743ab25,2026-09-01 19:20:48.968239+00:00,A,True,0.6299999999999999,1.62,1.63,0.0
9ea9da5eee9b94ba61a33156f70fdea69577b767e1ef44eb0d862c2e35928b52,2026-09-01 19:20:48.968239+00:00,A,False,-1.0,3.75,4.0,0.0
d14a4b0b9594fc83ff522cf86fef4d8692ed0f98b0b619e577df48f0ef5b4148,2026-09-01 19:20:48.968239+00:00,A,False,-1.0,5.0,5.0,0.0
499ed1a27afa41da25ff195513b72054daec1d7d706c52a45525f98360a897b2,2026-09-01 19:20:48.968239+00:00,A,True,0.3400000000000001,1.3,1.34,0.0
041010b652de5379f2902eb3ae47f0b63a53c19cc5ebe4deb20581ff4328281d,2026-09-01 19:20:48.968239+00:00,A,False,-1.0,4.5,5.0,0.0
a1b75595e4cd9f0d05471c6adc2170099b1ed378954891ae166dee8cc1dc8d8a,2026-09-01 19:20:48.968239+00:00,A,False,-1.0,11.0,11.0,0.0
eeb216a561941dd8533f0b2f49e7d19c6e852f23dd4acf84e0cf718bb116c652,2026-09-01 19:20:48.968239+00:00,D,False,-1.0,1.33,1.38,0.0
a547409b2a6531e7f81caad0edd2a527bb96db5911e384f8ecb0a5948cc63df1,2026-09-01 19:20:48.968239+00:00,D,True,4.0,4.5,5.0,0.0
aabe98cfbac3c04b452c7067d48e0379d9aa3a3d0387d5ec257ab611220f7909,2026-09-01 19:20:48.968239+00:00,D,False,-1.0,9.0,9.0,0.0
9daab325f2ce3d095e955f09303f96f5a5b9e8f2ea3cb327c54f3b76c5f5a38d,2026-09-01 19:20:48.968239+00:00,H,False,-1.0,5.25,5.25,0.0
1a8437f7144ac99e26b3b5764bf4ce462d31631d332ede886298a3e5a70381f5,2026-09-01 19:20:48.968239+00:00,H,False,-1.0,3.7,3.9,0.0
557a70227b5292728905e2c127b9b77ee578022b9b7af8ad0d245248f7ffd9c2,2026-09-01 19:20:48.968239+00:00,H,True,0.6499999999999999,1.61,1.65,0.0
46e103edfd5477f5050cb1c63277588a667563877e982fba2de69123a2c039d6,2026-09-01 19:20:48.968239+00:00,A,True,0.55,1.53,1.55,0.0
d632c21976fe088d46e4a195f1b4289fe9dcafb9d2e59aaa272dc8d54572b429,2026-09-01 19:20:48.968239+00:00,A,False,-1.0,4.1,4.2,0.0
72de26ad380d6484c50acce5b559f40b6c603ecf2095d958e759bd097b8fecbc,2026-09-01 19:20:48.968239+00:00,A,False,-1.0,6.0,6.0,0.0
80b20e9852c2ba7b2a2dc8d6bb61e6e14b9e23b93d77127de2d38cc1a098dab1,2026-09-01 19:20:48.968239+00:00,H,False,-1.0,5.0,5.0,0.0
39852998089a3551afc6a8d6a81ea91a3f7f72899b160ebe531aadf1c880af39,2026-09-01 19:20:48.968239+00:00,H,False,-1.0,3.6,3.6,0.0
15f0d02df043a5f81851b88cc7f130e90e8d4d15690b3ead4497eacb5e2f2798,2026-09-01 19:20:48.968239+00:00,H,True,0.75,1.68,1.75,0.0
0c8b7adc34aed32958dcd511ee1c1dd6c6b5bea5ca37c8d10b1aff09c0f80693,2026-09-01 19:20:48.968239+00:00,H,False,-1.0,12.0,13.0,0.0
3a438900a548a797a3a17bb1aad2c9c0e90cde6646b48ab4f29fb33392a64693,2026-09-01 19:20:48.968239+00:00,H,False,-1.0,7.5,8.0,0.0
cbaf55ea3a7e22f6f4e966373b1dbff71cfea7a6bb53ec00de7cb1ec8fa8c3a8,2026-09-01 19:20:48.968239+00:00,H,True,0.1799999999999999,1.15,1.18,0.0
3f4739d592269f41a5521ea5aebd85be1a5e00cb4f88b7cf9e10123a9af76808,2026-09-01 19:20:48.968239+00:00,A,True,0.6499999999999999,1.56,1.65,0.0
194b86381340c3da27986ed2a35e527787bee7398917c3c252398ac300c8aaf1,2026-09-01 19:20:48.968239+00:00,A,False,-1.0,3.6,3.8,0.0
e9c5e77046cc75022cf72c90ea31958a4744f6af12a71a07639129c5ef87dd2a,2026-09-01 19:20:48.968239+00:00,A,False,-1.0,6.25,6.25,0.0
c8742b6bc610fb72c9f711a4c635d10c59b413d7395a56ddf92a8a0f6964e5d1,2026-09-01 19:20:48.968239+00:00,A,True,5.25,6.25,6.25,0.0
04ea99183596814671bb4a5e9a4d697dcf4b559203bce0c7f3f2f6c82c3bf25d,2026-09-01 19:20:48.968239+00:00,A,False,-1.0,4.75,4.75,0.0
238a49184120ebb17389e150ba08def169539a5d5335e3da7eb4a79bc637eb85,2026-09-01 19:20:48.968239+00:00,A,False,-1.0,1.45,1.49,0.0
e3fe661abc08ef1a5e781fca652af9e0d726629dbf7e63318de014c04b61fd30,2026-09-01 19:20:48.968239+00:00,A,True,0.32,1.27,1.32,0.0
f4508b81c7c30c75ce711b33356f75aa791f09b267fc652c0ba37710473726dd,2026-09-01 19:20:48.968239+00:00,A,False,-1.0,5.5,5.5,0.0
190bcf0fea67eb467ccbb8ab4d6ee5a5a3326d8b3e806d1d69ccbe8fc1cb7dc7,2026-09-01 19:20:48.968239+00:00,A,False,-1.0,8.5,9.0,0.0
0fedce1b5bb29c247c937d95f82fb40e4c77135a54d5b532dc2739f02ee5b36b,2026-09-01 19:20:48.968239+00:00,A,True,0.7,1.67,1.7,0.0
57d3e4be7e33c507baaf76016c8bf4b212476d46218a6f994ad2c1ddc50586ab,2026-09-01 19:20:48.968239+00:00,A,False,-1.0,3.9,4.0,0.0
6c8c0fac252b7ae171576930671f460e0439c8ac98bd729b5318e29ab28e2f59,2026-09-01 19:20:48.968239+00:00,A,False,-1.0,5.0,5.0,0.0
30c676a1c2ebe2bb497ee44a49c8a375ab143dfa3e7024ba11d1ac59a21f22d7,2026-09-01 19:20:48.968239+00:00,D,False,-1.0,1.7,1.71,0.0
3607fc61742f6c6c52b014cb46f03fe3fc1b912995af88546f529d7bbf14df1a,2026-09-01 19:20:48.968239+00:00,D,True,3.0,3.8,4.0,0.0
054253d68950067315129dd63d257c968e11e3b1b17c4036b72b0ec2414e4251,2026-09-01 19:20:48.968239+00:00,D,False,-1.0,5.0,5.0,0.0
00174f71629c8c742513487ba618ccef7422dbff8090109ecf6bdf7ceb0b41ed,2026-09-01 19:20:48.968239+00:00,H,False,-1.0,2.05,2.1,0.0
f199d26b82d498805b760b35a720f5210b00128c72e2dad07e85cf78c9c6322b,2026-09-01 19:20:48.968239+00:00,H,False,-1.0,3.6,3.7,0.0
32eda637b1e10d187cb1b15568b2f2e6b317e0efc892795f6a111f3a41fe224b,2026-09-01 19:20:48.968239+00:00,H,True,2.5,3.5,3.5,0.0
ee1974226bc51d57d51dcd8db9c71e27c0cb780ba5775c940ddcb15feeb33f9e,2026-09-01 19:20:48.968239+00:00,D,False,-1.0,2.63,2.63,0.0
8eb7ed43d634dfb90d6e62a2269396e1b0c5daae8fff5e3304fbbc0f7a287950,2026-09-01 19:20:48.968239+00:00,D,True,2.4,3.4,3.4,0.0
57b860b2a92f84389300495073ea0db72f74f85222f7d6299438a6f34bf940e0,2026-09-01 19:20:48.968239+00:00,D,False,-1.0,2.63,2.63,0.0
1654ac564fa29431de2b6e97f820699c450a97df4f9f9b4d566101dca68130a4,2026-09-01 19:20:48.968239+00:00,A,True,3.5,4.5,4.5,0.0
f0ea16da0ae18ef2641a84398147902b58f2e0145316f6ca0c4e4adbc9139d0d,2026-09-01 19:20:48.968239+00:00,A,False,-1.0,3.6,3.6,0.0
2ee7e7621a938475b1d8460dffec3276a6dba4f4533e2818a6739c07c5d00c20,2026-09-01 19:20:48.968239+00:00,A,False,-1.0,1.8,1.9,0.0
6f7a00db32133f9ba369f89556921999c197b33ed7603520a82a099fca134f01,2026-09-01 19:20:48.968239+00:00,D,False,-1.0,7.0,7.0,0.0
527ba90dc68ba3088b5f675ceb878e1618d6bdf8b06cad30355f3585811a1844,2026-09-01 19:20:48.968239+00:00,D,True,3.5,4.5,4.5,0.0
40e63787fc92a7a512eb0703e2b4f9314ab38146b54df43316be2cbfe2bfefb5,2026-09-01 19:20:48.968239+00:00,D,False,-1.0,1.44,1.5,0.0
c21e2cd724a9d01a53c07aee5a53be91beff473891c3da926b097703dbda17a7,2026-09-01 19:20:48.968239+00:00,H,False,-1.0,3.4,3.4,0.0
58fbe17a20d8fd770d681e899fbc256f3b4937b7b22ea7b3886fcd36ab6f9f36,2026-09-01 19:20:48.968239+00:00,H,False,-1.0,3.25,3.25,0.0
70692b09549c4c2170617589bf8d599e83138e52e0a71ff13c9dd547e1df5ecb,2026-09-01 19:20:48.968239+00:00,H,True,1.2000000000000002,2.1,2.2,0.0
4ef752a709cdd74b22b8946807dabe56a63d7357c652c568262690693876cd9f,2026-09-01 19:20:48.968239+00:00,D,False,-1.0,2.65,2.7,0.0
ade9687bc37afe49c66ace40b91bd3afe0156bc3d8ca8487ef3ad29edc61ceb0,2026-09-01 19:20:48.968239+00:00,D,True,2.1,3.1,3.1,0.0
1a6e6a7bd72661a2a42ac87ef1da3220b7595420bac350acabfcdf2df38dbaad,2026-09-01 19:20:48.968239+00:00,D,False,-1.0,2.57,2.65,0.0
f5ed7fcbc1896e64ece892fd2a81fd550654d2c7f231d890870e2c904ee001f9,2026-09-01 19:20:48.968239+00:00,H,False,-1.0,2.63,2.7,0.0
8a676f8943d5b6845fcc4cd129b4af1df8212b76bee02d3862088ddfced64068,2026-09-01 19:20:48.968239+00:00,H,False,-1.0,3.8,3.8,0.0
bfd3438ff4d29c26dfeebe09258a83a5d5084904db9d0647ee569a2ac60c047f,2026-09-01 19:20:48.968239+00:00,H,True,1.4,2.4,2.4,0.0
65c3ff2cfc78414318962b1f813a08b981dc15b984d64cdb475dda089fb5b663,2026-09-01 19:20:48.968239+00:00,H,False,-1.0,7.5,7.5,0.0
22eecd300db40008cd621004129144644dd32ffb090a8b9a102b50cbfb96b345,2026-09-01 19:20:48.968239+00:00,H,False,-1.0,5.0,5.25,0.0
d9e41539a0ea5deea1de85e419a364a0675e89c47b7fe8233e47689b80cf49a4,2026-09-01 19:20:48.968239+00:00,H,True,0.4099999999999999,1.4,1.41,0.0
8bc7e28130f8368eae71b8d4c940db60430dcbe978c3abcd2ba1283f589b7a6f,2026-09-01 19:20:48.968239+00:00,A,True,0.7,1.67,1.7,0.0
a9d28b48807d56b2117d8e7dcf508ec126b07a56429ea11f00970349300eeff8,2026-09-01 19:20:48.968239+00:00,A,False,-1.0,4.33,4.33,0.0
d291af60c85bf6e52f8e370c6a05a2085d07ffe3e1d40209ec060144a94bfa80,2026-09-01 19:20:48.968239+00:00,A,False,-1.0,4.5,4.5,0.0
fadf81595bb6a7a4bc748c4ff94bc6be45453916261dea7b5e487c4da8d4a3c8,2026-09-01 19:20:48.968239+00:00,A,True,3.1,4.1,4.1,0.0
9abffbcf81c128552d7fe98cb1495315573e52f738b22833191ea5b2d9d5f6f5,2026-09-01 19:20:48.968239+00:00,A,False,-1.0,3.5,3.5,0.0
5fb293ab4b66833b7ffbe7e6ca0f2135df5fc02fa16869cd44b1e45932af75d4,2026-09-01 19:20:48.968239+00:00,A,False,-1.0,1.95,1.95,0.0
ce028f12d671f03f2ba186a7c64d322f847b150a273b515933d182323a3e6ab4,2026-09-01 19:20:48.968239+00:00,D,False,-1.0,5.75,6.0,0.0
ac7e47c7487ef060e1db18a43419ff0702623a52b83166cd7917b7e72dcd1f13,2026-09-01 19:20:48.968239+00:00,D,True,3.6,4.5,4.6,0.0
3f18edf61c1bdfb6767342b8d488aca48e0bde1500732deccacb17e3aae64bb0,2026-09-01 19:20:48.968239+00:00,D,False,-1.0,1.5,1.55,0.0
2520d240e5f30bef6d3d2b0bca80464332dacdc2e36f7ab43b0676ad47643a57,2026-09-01 19:20:48.968239+00:00,D,False,-1.0,3.6,3.6,0.0
12be524e0c6bb092a6d518b7543d56c7f7282d31a7776da6e070d568aff1068d,2026-09-01 19:20:48.968239+00:00,D,True,2.6,3.5,3.6,0.0
2bf3ad3da757993bb75ce2c77d26967e965dd8edfb1a0af3e798d41b4f0fa318,2026-09-01 19:20:48.968239+00:00,D,False,-1.0,2.05,2.1,0.0
3a47a5ec70bd480e5c0961d7ee15c5fe628f9ddb8949d887a949d6faac7b63a8,2026-09-01 19:20:48.968239+00:00,A,True,1.9,2.9,2.9,0.0
900b041d4e84bced23a99b73be667b8edbcb5bb9c68973af928b8f76cb29c884,2026-09-01 19:20:48.968239+00:00,A,False,-1.0,3.75,3.75,0.0
783542cbe698acba3962f18c601d87aa53100802752ac6078249a7c8b6347e04,2026-09-01 19:20:48.968239+00:00,A,False,-1.0,2.25,2.25,0.0
5bf4394dc2079f6271892c7ad08af97cddb0ac4d6e8acda2bf51059dafd644b5,2026-09-01 19:20:48.968239+00:00,A,True,0.3600000000000001,1.33,1.36,0.0
cbe21a46fa4763d5b46e24716f58ac2ca58a241bf7937228622e00af37fd9d2a,2026-09-01 19:20:48.968239+00:00,A,False,-1.0,5.75,5.75,0.0
c721181cd26e0e1f0e27d21bec03f6587e85cd6d280df40df804a7f4db6852e1,2026-09-01 19:20:48.968239+00:00,A,False,-1.0,7.5,8.0,0.0
0855a208a9fdd5009861427c6112837e7b09857e56861f8dfe1088def8c7fdc6,2026-09-01 19:20:48.968239+00:00,A,True,2.1,3.1,3.1,0.0
c52694c6615a1eb24983fabf1c9075857bd935d761317ec7d4412735ea7ec576,2026-09-01 19:20:48.968239+00:00,A,False,-1.0,3.1,3.1,0.0
eebcdacd7f5b315aeec47c065675c0732426b5afd0f788bbba23814f4636b3a5,2026-09-01 19:20:48.968239+00:00,A,False,-1.0,2.35,2.38,0.0
3f7541b7df8486b66d39db624cd2e6970982b7aa700c9f0787a1be645304ef26,2026-09-01 19:20:48.968239+00:00,D,False,-1.0,3.3,3.4,0.0
fa1167394aa474123bdebf1ddf4695e64eca9dbc2ba68c0d681c2ecc3a80c15b,2026-09-01 19:20:48.968239+00:00,D,True,2.25,3.25,3.25,0.0
c1d4e46f03dd40b2292923186f3e26d579f19308e551e581cc3b83497b867972,2026-09-01 19:20:48.968239+00:00,D,False,-1.0,2.15,2.15,0.0
999c9f49c4698fc6504d4ec32babb46c61fd5431bef2c9501255832b1b15cf02,2026-09-01 19:20:48.968239+00:00,A,True,0.5800000000000001,1.57,1.58,0.0
19b93261efbfd588921a61288bed197e2ff48c3fe29f8886e20ef15d71172f3c,2026-09-01 19:20:48.968239+00:00,A,False,-1.0,4.5,4.5,0.0
3b2b92e9bc75d3ff68a387a9deb17b2538377036f3b6af0eac30c6d4718dd13f,2026-09-01 19:20:48.968239+00:00,A,False,-1.0,5.0,5.0,0.0
087633c64a7ce38c25d3f776d78efa514b9db7129fb3ce08d1528220ba0af171,2026-09-01 19:20:48.968239+00:00,A,True,2.1,3.1,3.1,0.0
e6ac7d32a47452dbd15e5c64b5f28b0939802eb904a720674ada0667a43726fe,2026-09-01 19:20:48.968239+00:00,A,False,-1.0,3.3,3.3,0.0
52449e7b059d91b2f644e2a2759446302d0cf4a0bb67e1d21baa8914b7b3ea07,2026-09-01 19:20:48.968239+00:00,A,False,-1.0,2.3,2.3,0.0
5124f231296e5f05240db5907ef97717eb97c17d2c516560bc71f28751e9cb9a,2026-09-01 19:20:48.968239+00:00,D,False,-1.0,1.75,1.8,0.0
83b38bf8a91751051aa8c3e80473f684dc8063fb70a43e0aed1b37a6fc1442fe,2026-09-01 19:20:48.968239+00:00,D,True,3.33,4.33,4.33,0.0
cd6db379532f9fedc8aa7d4c35b9ed669b9a3e0556718fc571863f0bec828ad8,2026-09-01 19:20:48.968239+00:00,D,False,-1.0,4.0,4.0,0.0
fe54cf40278036ac89917d7946f055929cbec865d12936d3264b7e34cc3073aa,2026-09-01 19:20:48.968239+00:00,A,True,0.6799999999999999,1.67,1.68,0.0
ce405b98bbf033e5523b92a2b97e19b7abaa6ec3cbf8b4e190ee2a117a2739a2,2026-09-01 19:20:48.968239+00:00,A,False,-1.0,4.33,4.33,0.0
26f053164248f92e404e269dae5d05a313749180b303ad9aef69a033101249e8,2026-09-01 19:20:48.968239+00:00,A,False,-1.0,4.5,4.5,0.0
a5836ffd64af02440978ee38a5e754bc998043d063f049dc69fc21829aa46c64,2026-09-01 19:20:48.968239+00:00,H,False,-1.0,4.0,4.0,0.0
341f8eb96f47764c338a017cffbc33c801a6a39d5a556a04a55a759174a463d3,2026-09-01 19:20:48.968239+00:00,H,False,-1.0,4.0,4.0,0.0
f00efc8e8e475743cf80a996684b5f7330c0b2fc64b1bfd62b306897f79165b1,2026-09-01 19:20:48.968239+00:00,H,True,0.8300000000000001,1.83,1.83,0.0
fb9b071b2b787fcc6c45873c0537a6904885f4f2279a15cff8362c962d81909e,2026-09-01 19:20:48.968239+00:00,D,False,-1.0,2.7,2.7,0.0
4cdefca3b221cc25a863d87fc4a0592ff9d700735a9c6bc6d668098d7ad8dd1b,2026-09-01 19:20:48.968239+00:00,D,True,2.5,3.3,3.5,0.0
2fcfac34045a1b650ae9695ae7ba37f32ed08b0c9371eaf16cfbf4bd8dd0aed5,2026-09-01 19:20:48.968239+00:00,D,False,-1.0,2.6,2.6,0.0
1afa81702bd57d2a615a12fc16fcb9e29bc5b6926c182f08cba8cd55a8ef5470,2026-09-01 19:20:48.968239+00:00,H,False,-1.0,3.1,3.1,0.0
b2d53548a707d7efb683e13e6e508c8b70803e237264f4cfa7ec221a527326ef,2026-09-01 19:20:48.968239+00:00,H,False,-1.0,3.2,3.4,0.0
e0791de49d3216cbf25e29724e22beff54bdad563731af0d367a47468ee8cea2,2026-09-01 19:20:48.968239+00:00,H,True,1.4,2.4,2.4,0.0
09984a31558549cebd0e840070e4787937266dd3fc97157fd58617797181e75d,2026-09-01 19:20:48.968239+00:00,H,False,-1.0,7.0,7.5,0.0
050d657c9f598ec15e70caa727026e73aa69c27a3b42531c18124cb9c9b4bda8,2026-09-01 19:20:48.968239+00:00,H,False,-1.0,5.0,5.0,0.0
958afb35e7059d43c1a1fde7012c19689f75623b67bc8c4217d4cebe45d6b287,2026-09-01 19:20:48.968239+00:00,H,True,0.4299999999999999,1.42,1.43,0.0
4b5f90265c63fa99f850776a90fad37eef16277eae2c841e4fcb06aff906064a,2026-09-01 19:20:48.968239+00:00,D,False,-1.0,15.0,15.0,0.0
9e663e4fa93e67a998c6a57b85f79f4710bffae3d1405078fd5d5b0220b5cca3,2026-09-01 19:20:48.968239+00:00,D,True,7.5,8.0,8.5,0.0
5129fa5d551d9e68a706fb8bdfeaf549a7420f92aa7f49de6a82c43a4b98e3b1,2026-09-01 19:20:48.968239+00:00,D,False,-1.0,1.17,1.18,0.0
8a3c564449fe505ca7ddb19e5a237c827bd068ea3d263bd0b5799b759574b640,2026-09-01 19:20:48.968239+00:00,H,False,-1.0,2.75,2.75,0.0
d8150cf5d4c2b59010527fad405a2a8cc27a9449e1e14983e8458a22d180cd77,2026-09-01 19:20:48.968239+00:00,H,False,-1.0,3.7,3.8,0.0
3bb318466c0e6185c70458d7fda41c8b5f834f15065eb9abf5c60efabe051c13,2026-09-01 19:20:48.968239+00:00,H,True,1.4,2.4,2.4,0.0
a512cbc6352cb4d75a916cfa1dec405937ec800f3da2d3a3f6094ac6036184dc,2026-09-01 19:20:48.968239+00:00,H,False,-1.0,3.8,3.8,0.0
9548a279be3e7eabf7d55251c92b4c2a496ade246e30b9368fef532c70f6722c,2026-09-01 19:20:48.968239+00:00,H,False,-1.0,3.3,3.4,0.0
00582eff884e1fa84f334e27084094558dd7bf8c6bd9a78618b45ea67ead3d7e,2026-09-01 19:20:48.968239+00:00,H,True,1.15,2.05,2.15,0.0
b1952016f227c7f53bbac45d92b82781ab379329ee4c8464d3352f642c55d825,2026-09-01 19:20:48.968239+00:00,A,True,0.6299999999999999,1.62,1.63,0.0
65b38751be6ec62e0c14cbbd5121b32045956f513551a43dd27e07c70323861c,2026-09-01 19:20:48.968239+00:00,A,False,-1.0,3.75,4.0,0.0
b8a916bf5007891b395ef65f9ddf39bbdd0083aa5afb57ab62fd3e360a92c6a3,2026-09-01 19:20:48.968239+00:00,A,False,-1.0,5.0,5.0,0.0
fc4d57fa73e590ef0d4b59cae0f68a2b8003c6a0faeff83a354b9748976aa18f,2026-09-01 19:20:48.968239+00:00,A,True,0.3400000000000001,1.3,1.34,0.0
1faf7579861561989168f018498fa072241c74970097a134713fb86dbef3bf71,2026-09-01 19:20:48.968239+00:00,A,False,-1.0,4.5,5.0,0.0
cca0f3f18a27df5b52ac450786e4bff182cf1b77cbe3c44b1db1bdaf79d4e65e,2026-09-01 19:20:48.968239+00:00,A,False,-1.0,11.0,11.0,0.0
12a3ab2f931ba273bf135abd247bf186548fd499807e3f354c81310ef76b470b,2026-09-01 19:20:48.968239+00:00,D,False,-1.0,1.33,1.38,0.0
5437f8fb609bb5283460145db06e1708bdc7f6f7ee4b58d6465c9f406a1a417b,2026-09-01 19:20:48.968239+00:00,D,True,4.0,4.5,5.0,0.0
b3d758e9194c08885026ebb5074248e6bea535d2e599180746d2eb8828481bce,2026-09-01 19:20:48.968239+00:00,D,False,-1.0,9.0,9.0,0.0
034614c22c6c2b722056517551c9068f129dc403b876a7c8a11e921f6f27270d,2026-09-01 19:20:48.968239+00:00,H,False,-1.0,5.25,5.25,0.0
cc227eb948df02ebb691f04ce0b9de163c1786ef91936d3d23ec7fb1f87271d2,2026-09-01 19:20:48.968239+00:00,H,False,-1.0,3.7,3.9,0.0
532b5231b5e25d9278aeeb018cb733b0fb786d9cec4ddc19487a72f80d078dfe,2026-09-01 19:20:48.968239+00:00,H,True,0.6499999999999999,1.61,1.65,0.0
86b0ae2e7d1334d4e548ccc459edfdbea74c409fbcd8076755943490173771c8,2026-09-01 19:20:48.968239+00:00,A,True,0.55,1.53,1.55,0.0
250ad0eb1860e38a4a50e2ce260a72770856a1478e7463fb6666baf2e7562976,2026-09-01 19:20:48.968239+00:00,A,False,-1.0,4.1,4.2,0.0
5fa336f146b32e53ca2f9a073dcfbbdb9a73c64287393a0894faa249c7777a8f,2026-09-01 19:20:48.968239+00:00,A,False,-1.0,6.0,6.0,0.0
a9e9c8f2d670b9f212316b61029b3ad2a129701dbcae26c0fe6da3b64a903d77,2026-09-01 19:20:48.968239+00:00,H,False,-1.0,5.0,5.0,0.0
0589b6ad3f5d7bd786ed362e0b38500a04d9ba12eafe30857f5cced0135dd37e,2026-09-01 19:20:48.968239+00:00,H,False,-1.0,3.6,3.6,0.0
58ec6703596210a8b38aa42fca924c84793d8cb2537d34546e4b11b83b44d402,2026-09-01 19:20:48.968239+00:00,H,True,0.75,1.68,1.75,0.0
dbe35faf038b0ccbd4028188f25eacd6597153d71d7b9753a9161cbd69c4bda0,2026-09-01 19:20:48.968239+00:00,H,False,-1.0,12.0,13.0,0.0
c530dd602248e77286fad8d31bf140e0c65d814559e0e6634d4be4fbae07c36c,2026-09-01 19:20:48.968239+00:00,H,False,-1.0,7.5,8.0,0.0
f168fb9b917da604a6c2cb27ab83d885b3e7d704b1f6703cbbe67bf2c63191c4,2026-09-01 19:20:48.968239+00:00,H,True,0.1799999999999999,1.15,1.18,0.0
1aa22369674b4c4d2d2d594d0573a535b78f1ddeb1b8633120770d50800219a5,2026-09-01 19:20:48.968239+00:00,A,True,0.6499999999999999,1.56,1.65,0.0
405851529233358d3e6b5d72e4100456557fb92b7101f90957a0958357eb948b,2026-09-01 19:20:48.968239+00:00,A,False,-1.0,3.6,3.8,0.0
ec1c705c6e372d89cbc7fda73a79530f6595a00d3a075934e582ddcd6285bcce,2026-09-01 19:20:48.968239+00:00,A,False,-1.0,6.25,6.25,0.0
b26438375f5ba8f0ef9ec0acf38ca555862280688a65c0bbd079b871489cd17c,2026-09-04 18:48:08.480869+00:00,A,True,1.15,2.15,2.15,0.0
4b6e2b0d7254bb70ac091464a8d8a481aeea2ab733a91ebaf77682cdebdf2a91,2026-09-04 18:48:08.480869+00:00,A,False,-1.0,3.25,3.4,0.0
f7145dccc696e8ba61a2b057e744c4b08be831ae739da797bdb9e8759d3c0bb6,2026-09-04 18:48:08.480869+00:00,A,False,-1.0,3.25,3.4,0.0
88b94c70f98f8c926ee5d70330376683e49fcb644c5cc4ef1c36c9dcf5e52b9b,2026-09-04 18:48:08.480869+00:00,A,True,1.15,2.15,2.15,0.0
6834e235932978684d4d00244e3357ffdd8d3fe07ba15d4b7744acd0629e9e3e,2026-09-04 18:48:08.480869+00:00,A,False,-1.0,3.25,3.4,0.0
1ebd13ac687f73b236eacee3c9e48b8cbf365c0af213ad0f67006441bf69315c,2026-09-04 18:48:08.480869+00:00,A,False,-1.0,3.25,3.4,0.0
f0eae050d21d2ba3359ad90f42c6c832133992226743da5da0719e10a78bd06b,2026-09-08 22:00:57.964888+00:00,H,False,-1.0,21.0,21.0,0.0
9ed683a18fe858994b05d62976be89e52726309bf2546370233086ff8a6a4778,2026-09-08 22:00:57.964888+00:00,H,False,-1.0,7.0,7.25,0.0
107ba3e27d40242058c9f618fc11eb774435fd427e1330d4b9060730a5ab5a9a,2026-09-08 22:00:57.964888+00:00,H,True,0.1499999999999999,1.11,1.15,0.0
578d70f434ebc664e80a86d2060457b5244657464d85c98d0a5e7e0d6fa8de9d,2026-09-08 22:00:57.964888+00:00,A,True,7.0,7.5,8.0,0.0
4fd1a583c789561ad5e2cc2b05db08f5169c7939eb368f104dbeb38b0a22a981,2026-09-08 22:00:57.964888+00:00,A,False,-1.0,5.75,5.75,0.0
3d420e961edb81f3fbb74f78e3dc99c1ad641297ec340be7f8de2dc613252489,2026-09-08 22:00:57.964888+00:00,A,False,-1.0,1.33,1.36,0.0
d93cf8da6e533cfec89baf14142dbb747ff1814a70202a2a937f58518568ff50,2026-09-08 22:00:57.964888+00:00,H,False,-1.0,7.5,7.5,0.0
3a2269ba8827afebcf0cb60ecefc6b63a538e41ef73d07b5d1a595afbe5b5022,2026-09-08 22:00:57.964888+00:00,H,False,-1.0,4.5,4.75,0.0
4b21af76310b0bde154650a37e289865478a1e4f8ee8dc398ab1ea83b42d1e14,2026-09-08 22:00:57.964888+00:00,H,True,0.4599999999999999,1.42,1.46,0.0
8fa88a1de115f47b923c77c5daa58ece8554c4e3bbde2402aaa11ecb52f6a694,2026-09-08 22:00:57.964888+00:00,A,True,0.53,1.5,1.53,0.0
57736c6a0a646c370559c1693bacb94e3029c542bb505fe8f3beeb004e84ff07,2026-09-08 22:00:57.964888+00:00,A,False,-1.0,4.75,5.0,0.0
7b323b1c5a90206b6734bcf13c6cb450ff1636ed1a2b21d390fc383ea46e5d0d,2026-09-08 22:00:57.964888+00:00,A,False,-1.0,5.25,5.75,0.0
ef0f94a8b52cebd9173775f726dc8110f27ac025d5c24f5f79dd399ba063470b,2026-09-08 22:00:57.964888+00:00,D,False,-1.0,3.9,3.9,0.0
efde4cf46726f63e3b331255f71ded34afed1292fef552e11cbd9510c4f429da,2026-09-08 22:00:57.964888+00:00,D,True,2.9,3.6,3.9,0.0
7b0b39a2773bc0c241801a0e069a9a4d5e45e66dad73b160b3db34aa6d7fddd7,2026-09-08 22:00:57.964888+00:00,D,False,-1.0,1.91,1.93,0.0
a8e75eedbd9bd5da05b72e09022a53949f8160dbea9f8eaabd6ce9d4637c4e7e,2026-09-08 22:00:57.964888+00:00,A,True,1.2000000000000002,2.2,2.2,0.0
89923d15f609e5ce370a3fab63b5b08b85cb91e86d3ddce90e88e91e9d56d3ef,2026-09-08 22:00:57.964888+00:00,A,False,-1.0,3.9,4.0,0.0
e4f7e42cb315899ba08ba95efceacbf1726d5def1df15b3ae790243ab1e702d3,2026-09-08 22:00:57.964888+00:00,A,False,-1.0,2.9,2.9,0.0
b8f585d472651babcb26a20104d7ce9bec7c0671e5e61b07bd32d37776fe5331,2026-09-08 22:00:57.964888+00:00,A,True,0.8,1.71,1.8,0.0
858070f46e3fd5a2be18aed1ccb6714b76ce14355cacee53e2d4887d26caca08,2026-09-08 22:00:57.964888+00:00,A,False,-1.0,3.5,3.5,0.0
f77f4701b052c799fba75b1bc26976f1f864db0350a02a582b6f9ad8bb101953,2026-09-08 22:00:57.964888+00:00,A,False,-1.0,4.75,4.75,0.0
01d35ac38d67701f431141b04b4f914c2834742d7a661bbb087bc8557124c240,2026-09-08 22:00:57.964888+00:00,A,True,0.26,1.22,1.26,0.0
c37c0f756665d49b38b60fb03d21c86fd2c4fc72326990947e8c11f30c8e3991,2026-09-08 22:00:57.964888+00:00,A,False,-1.0,5.5,5.75,0.0
b9386f1160c952221bf2ef1fac54c2d90bd5219b94cfa99802f85d62a5a75792,2026-09-08 22:00:57.964888+00:00,A,False,-1.0,12.0,12.0,0.0
607f758788e11bb17caec5f617426ad7dae5fe091bcb346703d334378b2f35a1,2026-09-08 22:00:57.964888+00:00,H,False,-1.0,8.0,8.0,0.0
17206bd71381666c4b15146e97e8f9ae5c3d8b05399a13fb665124438753b870,2026-09-08 22:00:57.964888+00:00,H,False,-1.0,4.5,4.8,0.0
4155e6522e14c5f88c3d996958b143c2295c8d20aae0c5d0ac1b9ee332c841fa,2026-09-08 22:00:57.964888+00:00,H,True,0.3799999999999999,1.35,1.38,0.0
f4a46e42352b40561dc4e5f0e1f519d8d47ca9939db217fb5fde9d36886776a8,2026-09-08 22:00:57.964888+00:00,H,False,-1.0,13.0,13.0,0.0
544034d8beaf708a9f78ab4e987daa397fea08656b685452b9742998e61581ee,2026-09-08 22:00:57.964888+00:00,H,False,-1.0,6.5,6.5,0.0
3abcefc9df7957b7c2441e74d5ef4c7691a68cef4f572c8ea49e4417ccae79bb,2026-09-08 22:00:57.964888+00:00,H,True,0.2199999999999999,1.17,1.22,0.0
08479d04ccad72ed1a95736a89c1f5dd317f57b31da4932a048f896b5e0cb46d,2026-09-08 22:00:57.964888+00:00,A,True,1.35,2.3,2.35,0.0
0f35913ee56427a8402139f98d1c19337c39504ca6760d0631062098a75dc845,2026-09-08 22:00:57.964888+00:00,A,False,-1.0,3.5,3.6,0.0
c435da35e92923921090436b2e4d3b9741b1d7b5d948d885dcecacdf1f10f56c,2026-09-08 22:00:57.964888+00:00,A,False,-1.0,3.0,3.0,0.0
a00c7ba0f94b795a5363ba43f2455bda8c7156753b64189f08d3c36471a45834,2026-09-08 22:00:57.964888+00:00,A,True,1.4,2.4,2.4,0.0
0fd07365ee154235488626ba26844bc871161a73140d7be9c53d59c7f2093d5d,2026-09-08 22:00:57.964888+00:00,A,False,-1.0,3.75,4.1,0.0
4a4edc714e0990e725d890a11833b73979619ccf0672edd93734a9f806473664,2026-09-08 22:00:57.964888+00:00,A,False,-1.0,2.7,2.7,0.0
b7a8bd3a095884a094d3a2d5c345b75b9b618643b38b0368fc613fb6cdc2be83,2026-09-08 22:00:57.964888+00:00,D,False,-1.0,1.22,1.27,0.0
7e1921aab5477f0731fb68de8bff13031bbfa236fb4cabd4280fa22685c6455d,2026-09-08 22:00:57.964888+00:00,D,True,4.75,5.5,5.75,0.0
b5f1fe351453863476f7e7ea2d47379d3f87b9d718c4e87dc2c6fe6797bb3abf,2026-09-08 22:00:57.964888+00:00,D,False,-1.0,12.0,12.0,0.0
aab293d6431a3150479108ced5224bd3ced8824d0f56f0892b33c8359db96878,2026-09-08 22:00:57.964888+00:00,D,False,-1.0,2.35,2.38,0.0
44823fc55b6ce8d93c3219fe8bef88637839276cc35a5c1bc8b0025fc3ca4ba0,2026-09-08 22:00:57.964888+00:00,D,True,2.2,3.2,3.2,0.0
3945c8f7a16ea10a61d50bc8ed9d74974c6aea876eeb3e2824ce912b5bc08c94,2026-09-08 22:00:57.964888+00:00,D,False,-1.0,3.0,3.0,0.0
35618e43c6c551a3ff0885888c60b04a2445ae5e5d47c4bc98e81cd32b8eedb5,2026-09-08 22:00:57.964888+00:00,D,False,-1.0,3.3,3.3,0.0
092cfcaffab9072b55f5357dd29acd5ceebca1abd4dc352e1a64b1551df6ca52,2026-09-08 22:00:57.964888+00:00,D,True,2.8,3.6,3.8,0.0
b4ac3c4d769af2f31e50356be72dbfcf5a578c685e9a07134d968c5cb55fd53d,2026-09-08 22:00:57.964888+00:00,D,False,-1.0,2.1,2.15,0.0
50156f39882e1600184c86002dc57dd4bf1685cab93813bcef01822187a0a74c,2026-09-08 22:00:57.964888+00:00,D,False,-1.0,5.5,5.5,0.0
ddcf4d124cfec8519c6c36f421fce4b025f2b6ab5e52a61e3dd5081033a6b8bb,2026-09-08 22:00:57.964888+00:00,D,True,3.0,3.9,4.0,0.0
e59c5466bff7fc20cb543a1e281035a89520cf43cc5de370fb5a6b8965f54127,2026-09-08 22:00:57.964888+00:00,D,False,-1.0,1.62,1.62,0.0
3aeb173dc6949c5d8498120f8a6fea1980643a36321bc5f1afd4f165048ea1f4,2026-09-08 22:00:57.964888+00:00,D,False,-1.0,3.9,3.9,0.0
cf73fde80c530266f0af2c2865d5260431d04e7d0cc64fa86b8e4f5daaf090ab,2026-09-08 22:00:57.964888+00:00,D,True,2.6,3.5,3.6,0.0
139de1778c3b4b15135a80d5db0efae1b97f20739d02cc5cf677549d843230de,2026-09-08 22:00:57.964888+00:00,D,False,-1.0,1.95,1.95,0.0
07544d1ea61aadc823e712db6086787d8de7bae45177516241549cbe50d5a30d,2026-09-08 22:00:57.964888+00:00,D,False,-1.0,2.9,2.9,0.0
b08e22970ae84813a0566b92c5e451bce3088fab6c468bedb9a89e606e4b494a,2026-09-08 22:00:57.964888+00:00,D,True,2.4,3.4,3.4,0.0
cfa8836ba84fa6c204118f1605c34e60a4682c18abc3ac4a0554d1e4bdb1fb74,2026-09-08 22:00:57.964888+00:00,D,False,-1.0,2.4,2.45,0.0
fa531f3c119cd557e033963d73e25cb1ba7988fe623064fc4377fec51a068163,2026-09-08 22:00:57.964888+00:00,D,False,-1.0,1.85,1.87,0.0
62c5525483e18c8cc9f26dcaa9491db0dafde054d37832d3649590c335abf489,2026-09-08 22:00:57.964888+00:00,D,True,2.75,3.6,3.75,0.0
4ad546dbc0529133e0708daba50ffbeffdf1a5cb3584b26094a3b3514998b5df,2026-09-08 22:00:57.964888+00:00,D,False,-1.0,4.2,4.2,0.0
a08058320ccbcba6968f0230540f7b5604bed8e6b321cb870dc73b24d5604db0,2026-09-08 22:00:57.964888+00:00,A,True,6.0,7.0,7.0,0.0
d8cd8e9bac3a0ad4d107d66791250737bde27ea66a9b9f505bd7fd0876b86afc,2026-09-08 22:00:57.964888+00:00,A,False,-1.0,4.33,4.6,0.0
c21fb3b71b6f8b1bcbd9819974321d1d574dc802aab33997a39409602c330698,2026-09-08 22:00:57.964888+00:00,A,False,-1.0,1.45,1.5,0.0
bd43bfa0e168e097f7aef2f3f9c3c2f77c870875f0ec51267b7c709a4052e62f,2026-09-08 22:00:57.964888+00:00,A,True,1.75,2.7,2.75,0.0
822a10d395b44ff60454e93805dfc5577e576aec8813e28e65eadd8119389cc5,2026-09-08 22:00:57.964888+00:00,A,False,-1.0,3.25,3.4,0.0
3c8f8e04a28ce9974ca2aba22427d742f276a2bdc2a8d3f24664030ab4e941f0,2026-09-08 22:00:57.964888+00:00,A,False,-1.0,2.63,2.63,0.0
918dcb6039ddd8c01abdb694a88a1435d72c52b3083753f867025ce1e84d232a,2026-09-08 22:00:57.964888+00:00,A,True,2.25,3.25,3.25,0.0
2c16cc6068527bd79a7708a671d82e1644986b8bec98cfc01a0632451e781b27,2026-09-08 22:00:57.964888+00:00,A,False,-1.0,3.25,3.5,0.0
eabf736b4e96a59e63cb2dce6efb7b798664157bc468f12972281fde6b20fe00,2026-09-08 22:00:57.964888+00:00,A,False,-1.0,2.3,2.3,0.0
e849ed66b24e25772fc5df39ea01d9d8e4994ab3c02511b45b01100ec4e87e0e,2026-09-08 22:00:57.964888+00:00,D,False,-1.0,6.5,6.5,0.0
80dc0f6ad1ef5a62085c89577de91f897caa5bbe2514453a897c4972d0f8270d,2026-09-08 22:00:57.964888+00:00,D,True,3.1,3.8,4.1,0.0
6ae14621d064659ab9a17bd634cffbe734e09083d348dda95e4f22fa796b7e97,2026-09-08 22:00:57.964888+00:00,D,False,-1.0,1.46,1.53,0.0
3e6e3e6c72b952161ad1ec16f1c1650886b9cb90da255770db92ae09d321cff1,2026-09-08 22:00:57.964888+00:00,H,False,-1.0,4.75,4.75,0.0
90dc90501571ec25e70df74dac0eab91b7b6d15552b4d9722930de32bbb8f2a3,2026-09-08 22:00:57.964888+00:00,H,False,-1.0,3.4,3.4,0.0
8433d0bd5cf21386e9b8fb02e667b7ce9fb82abef7214e5f4a21f914f7a3216c,2026-09-08 22:00:57.964888+00:00,H,True,0.76,1.76,1.76,0.0
189ed55ca7810d495f67b9ce09f5357104a27b8470bbf2abdfa2d42d5505ec03,2026-09-08 22:00:57.964888+00:00,D,False,-1.0,4.75,4.75,0.0
755628040402fcc2434ab680206662503eb55dde453d504c0a9269d77eeaac8c,2026-09-08 22:00:57.964888+00:00,D,True,3.33,4.33,4.33,0.0
e6d9e51c2434859f0e8a2f3c3fec48fc87456f43f9fb9f82dd63bdc872eed531,2026-09-08 22:00:57.964888+00:00,D,False,-1.0,1.62,1.65,0.0
10d76dc4e54e90ab939e2e46834828a436d1f9b002499c3f62563be348186088,2026-09-08 22:00:57.964888+00:00,D,False,-1.0,2.1,2.2,0.0
2f92b1bb0a4fa4341941c2822a882a2bb71a45b78deb154a3a799a850630dc06,2026-09-08 22:00:57.964888+00:00,D,True,2.6,3.5,3.6,0.0
7a124d83f649ed5a6f05af2f3dd40bddb52efaa54de1b6bb16cfc050c4dc736f,2026-09-08 22:00:57.964888+00:00,D,False,-1.0,3.3,3.3,0.0
e85963cb3a674d05e5ab28fbeb4a5ed6b20abbfcc980725b85ee577458eaaa38,2026-09-08 22:00:57.964888+00:00,H,False,-1.0,5.25,5.25,0.0
28d23b21462e1aa346a31a2a273864a4a2305a7c4d0332503af36499fb349e13,2026-09-08 22:00:57.964888+00:00,H,False,-1.0,3.75,4.0,0.0
df75c98d2c1f719cbad2526935f8ea0ba580b6728f1b96e5d9f5387505a26233,2026-09-08 22:00:57.964888+00:00,H,True,0.7,1.67,1.7,0.0
d2ae2a7b169c785e03cfc718d7caa44e843daf7af850b7142578c568192c13c9,2026-09-08 22:00:57.964888+00:00,A,True,1.2999999999999998,2.3,2.3,0.0
786274e296982c35457ca899e5bbf4902455832df8b6670a35264b99e68f7a4e,2026-09-08 22:00:57.964888+00:00,A,False,-1.0,3.4,3.5,0.0
a7160f5961538fa8eb445882894c4eef3918a8b84bd0d07cbd997cc090b096f1,2026-09-08 22:00:57.964888+00:00,A,False,-1.0,3.1,3.1,0.0
681b41b89b2840efa1af143cb7410c5c69fe06ee922eb572b76ffd4933c41344,2026-09-08 22:00:57.964888+00:00,A,True,0.8999999999999999,1.85,1.9,0.0
ef213719bf99830460b2aa3091d998f6b0b6040120b14c9e5c6e4ca0a3c99e11,2026-09-08 22:00:57.964888+00:00,A,False,-1.0,3.75,3.9,0.0
df492faf639dac6f2bd98e505db6fbbb2b307f85d8aa63d30ccb90087ca57612,2026-09-08 22:00:57.964888+00:00,A,False,-1.0,4.0,4.0,0.0
d266911b018b0ed40339da8410040da0cc6384bad54f7af98df20dee8654ed8f,2026-09-08 22:00:57.964888+00:00,A,True,3.33,4.33,4.33,0.0
c5f118f8ea1819947a9131d3da88b08eafcec2cd7796dc12ea2a6be44f8419e7,2026-09-08 22:00:57.964888+00:00,A,False,-1.0,3.8,4.0,0.0
4a411b627d9e344e799dca5ba1aa70a2998e86e001f65931ad3c9fc068f8dac7,2026-09-08 22:00:57.964888+00:00,A,False,-1.0,1.75,1.8,0.0
2039d0089b6270771f4ff37ef40ef087c4087f252a6f9019fe39ae23f9a1abd7,2026-09-08 22:00:57.964888+00:00,A,True,2.1,3.1,3.1,0.0
be27015e73a77e35a488dfed1efd979efabcc94cd60fb823c09d6470688e427a,2026-09-08 22:00:57.964888+00:00,A,False,-1.0,3.9,4.0,0.0
5173c8b6abd6949e0fd1cfe08f36123ba3bd00693bd86292d52e144afb84c8a0,2026-09-08 22:00:57.964888+00:00,A,False,-1.0,2.05,2.05,0.0
57b5adb9e955dbe24555bee19b2d7a1e1bc436745befdbf642d06d58babc25e8,2026-09-08 22:00:57.964888+00:00,H,False,-1.0,3.5,3.5,0.0
f35b9be53e461f98ddb54b318d7ae6a483e0fa63b0d1d417d0aec8e0c5a1af68,2026-09-08 22:00:57.964888+00:00,H,False,-1.0,3.25,3.4,0.0
4d832ea46fe63fc2665ef3167f09e0d81df4171e3ccf176ea71b7441739e6527,2026-09-08 22:00:57.964888+00:00,H,True,1.15,2.05,2.15,0.0
be3c2ced5cc12c2b1f04ffc0b65bf2a2a0c77b8cf53bb9c8f966b658456d157e,2026-09-08 22:00:57.964888+00:00,H,False,-1.0,2.85,2.85,0.0
c3d96528f284d3e002b4032f57f00e644ed9ea8f09f9ee18f7c2de7a30196bea,2026-09-08 22:00:57.964888+00:00,H,False,-1.0,3.25,3.3,0.0
d3f24b992cc8dfc340603250a7c0763833fea19a3d268e98353056d5815ed946,2026-09-08 22:00:57.964888+00:00,H,True,1.4,2.35,2.4,0.0
43ef678a0757b98d3bb08f97c85be2dde306776ea622945ecc1c59b6653e62c2,2026-09-08 22:00:57.964888+00:00,D,False,-1.0,2.05,2.05,0.0
2db44da1faf2f99c9e966d5d7135e378bb2e77f3d51c2811a75b8db7a5a27624,2026-09-08 22:00:57.964888+00:00,D,True,2.8,3.8,3.8,0.0
24b7d2dd244b800220162ee3ae9ae558bd01ec7d70864b09a67970adae628af5,2026-09-08 22:00:57.964888+00:00,D,False,-1.0,3.3,3.3,0.0
a6620fa8c8bb62f4a36fb5f5104d60926be8e960fa5c2c686c42e6afc7fa5363,2026-09-08 22:00:57.964888+00:00,A,True,0.8200000000000001,1.8,1.82,0.0
3a175e192a6e2d56097202fffa052d28dbaeb4be8c9cc6dea0998b1a4f40b1fc,2026-09-08 22:00:57.964888+00:00,A,False,-1.0,4.0,4.1,0.0
9002f8162feb4ffb46a06ee1f513b7ca9e4487891f00f27c65a98eeb2b1b59a4,2026-09-08 22:00:57.964888+00:00,A,False,-1.0,3.9,3.9,0.0
434cac757d7a4d32c7ee24480fed6a53d13f06e4f5a368928995f4ab49a7d6c6,2026-09-08 22:00:57.964888+00:00,A,True,3.2,4.2,4.2,0.0
20c6ec1935136ebb2fa4abed9fd041c863feffd5be9109dbddac488e40ec3e2f,2026-09-08 22:00:57.964888+00:00,A,False,-1.0,3.6,3.6,0.0
b3dcbeabd522bbb3f28bf94580904e049c6515d685a2b4ba1ee47ff93fb0356d,2026-09-08 22:00:57.964888+00:00,A,False,-1.0,1.79,1.85,0.0
28a1fb86b9cc57af6055ec38a7b1790b188114df42e299a0a6b369d6a0cb59eb,2026-09-08 22:00:57.964888+00:00,D,False,-1.0,3.0,3.0,0.0
0f298b60e76c9e02688982c889e805cc1575358af4c37dc4e2d4cab548ba3c89,2026-09-08 22:00:57.964888+00:00,D,True,2.4,3.4,3.4,0.0
0109fd6263c4c85ad817577493e2181f2cbae75e1adf2c7b3b0090985e1d9c2a,2026-09-08 22:00:57.964888+00:00,D,False,-1.0,2.25,2.25,0.0
b6e716e7b4be4e7b3ebcf1249c437ea1582b80aba5eb87b53b2aabd7636ed1e8,2026-09-08 22:00:57.964888+00:00,H,False,-1.0,21.0,21.0,0.0
762ab41cef93c6365ee9068782db1e6d05fad3480e160b3fdbbbd3a07d4dca31,2026-09-08 22:00:57.964888+00:00,H,False,-1.0,7.0,7.25,0.0
9c1ed66f20b451a999ae70a79b7ef6791d85c92d7c1227f465a71a5194533514,2026-09-08 22:00:57.964888+00:00,H,True,0.1499999999999999,1.11,1.15,0.0
5faa1e4c6d85eefaa48f4a0287f6a48453b6e268dc9518ae3c56ade90d03480c,2026-09-08 22:00:57.964888+00:00,A,True,7.0,7.5,8.0,0.0
b323af4a27e389978c78ce8cf9f30b0f5fef2d0f0f39e711e978f14f3ed0cbba,2026-09-08 22:00:57.964888+00:00,A,False,-1.0,5.75,5.75,0.0
67f7c803041844b4ad74837be8843d24d5d771030808b031bfcb9668ad9b0473,2026-09-08 22:00:57.964888+00:00,A,False,-1.0,1.33,1.36,0.0
5b83ff6ab5b83230229446e956e6515fecfa99921a274657a2828425b5ba9326,2026-09-08 22:00:57.964888+00:00,H,False,-1.0,7.5,7.5,0.0
26a5c3e5416930dd4dc5dbe4f2ccb920b07c146fdd48bf4fcbc8de889874bbdf,2026-09-08 22:00:57.964888+00:00,H,False,-1.0,4.5,4.75,0.0
8aa954cd01bcbf3a414da9ca73d6bce9aa5993e1920faf8618282517d63b777e,2026-09-08 22:00:57.964888+00:00,H,True,0.4599999999999999,1.42,1.46,0.0
e59295f8cdb7e4b5dd325155a9962768ef7aa9e655e3b974db9de39dcd71b75f,2026-09-08 22:00:57.964888+00:00,A,True,0.53,1.5,1.53,0.0
f634eae94f73b70ebe09e0869c263df078caef03db104b2aad4bd29217cc21eb,2026-09-08 22:00:57.964888+00:00,A,False,-1.0,4.75,5.0,0.0
f16a23957ebe3b66ca62ce5e5b06234b558197f1e53bf5efae0666eefdd0b214,2026-09-08 22:00:57.964888+00:00,A,False,-1.0,5.25,5.75,0.0
ed319e4f8cfb2a9da3c3adfa1518927421a6708ec7b33d4db249b4d86c4a71ce,2026-09-08 22:00:57.964888+00:00,D,False,-1.0,3.9,3.9,0.0
9dcd5557c186d82d2e33cc40d8f3ee67877038484d7cabd07a0db5a25f60ee13,2026-09-08 22:00:57.964888+00:00,D,True,2.9,3.6,3.9,0.0
c7667642528a11e0790ca4cbf91aefb66d5b4369bf7d38237d0215d210270f93,2026-09-08 22:00:57.964888+00:00,D,False,-1.0,1.91,1.93,0.0
ef215c22b0f3addf71d14b8bff2811a61fb84b91f616ffe5e9b997ce0a2a9082,2026-09-08 22:00:57.964888+00:00,A,True,1.2000000000000002,2.2,2.2,0.0
24b2f298df1d59cb05866e2f4ce797d169c6f3f574266f5fc173f017605da0ec,2026-09-08 22:00:57.964888+00:00,A,False,-1.0,3.9,4.0,0.0
76213d9091c4e3f4fb93be2a009eb838596a62e8a34a5a3bd99dd9973069eb97,2026-09-08 22:00:57.964888+00:00,A,False,-1.0,2.9,2.9,0.0
2f812043e6dec900181d6677112abe2dfebd04189f94aa4d8083442264c62004,2026-09-08 22:00:57.964888+00:00,A,True,0.8,1.71,1.8,0.0
36fb5e08c264e23b26a57f8aa5e10e001253352300f2a2e39669fd219eccb7fe,2026-09-08 22:00:57.964888+00:00,A,False,-1.0,3.5,3.5,0.0
c0fbe339924f9a0904b564dee1dcb33ffa90dc54f2d460b1df3637b65b4bb4f4,2026-09-08 22:00:57.964888+00:00,A,False,-1.0,4.75,4.75,0.0
6c23662fe7d2729fc07c9743b131ae4a4c670213feadb6c07ee05c957153a9be,2026-09-08 22:00:57.964888+00:00,A,True,0.26,1.22,1.26,0.0
840e4e7eadf1eb33792856f161716f1043fc8d3c33aa2e8c3fa17a185531cacf,2026-09-08 22:00:57.964888+00:00,A,False,-1.0,5.5,5.75,0.0
1660a21cf6696dacae0722112ffb923499566b2c14dc8ff9cd735b7b10488ffc,2026-09-08 22:00:57.964888+00:00,A,False,-1.0,12.0,12.0,0.0
b974d966122054d494975255dd231405df4e5671e9164e93caccd7df2d8edf67,2026-09-08 22:00:57.964888+00:00,H,False,-1.0,8.0,8.0,0.0
dfb07c64279288a3dcb654151a7abd10ae0b70d1d5c0032c4e21b7527c5c3cbc,2026-09-08 22:00:57.964888+00:00,H,False,-1.0,4.5,4.8,0.0
eaa8731a69b43454de003ac6028a7e6798dba3b67d79137ab3ed8fc056425cea,2026-09-08 22:00:57.964888+00:00,H,True,0.3799999999999999,1.35,1.38,0.0
65acba425622816043cfaaad7d1f56b5ac4ca854a96f8a4cb5780de8eb62bd11,2026-09-08 22:00:57.964888+00:00,H,False,-1.0,13.0,13.0,0.0
37933d0c69973eb49c8f2104cf02cd10ff90635979bdd415e4ca6e67ad6c7cae,2026-09-08 22:00:57.964888+00:00,H,False,-1.0,6.5,6.5,0.0
71235c236d8533dca772282407b19710b74899b414d0c57dec067484b6ff34ae,2026-09-08 22:00:57.964888+00:00,H,True,0.2199999999999999,1.17,1.22,0.0
b000878dfaf7e4df1701bdd8950664247ab4c4085c26c0a5729ea6154b79e4b4,2026-09-08 22:00:57.964888+00:00,A,True,1.35,2.3,2.35,0.0
4b9d90a436e6fd946a1d381173885236b09bae47cb51aafc1584411a5fcb6b0e,2026-09-08 22:00:57.964888+00:00,A,False,-1.0,3.5,3.6,0.0
317e5c13795db0dc415e4f60fa831116efd97af8d1798929b402242e995f79bf,2026-09-08 22:00:57.964888+00:00,A,False,-1.0,3.0,3.0,0.0
5c82991f5def1ff98ff2f224a9c195853e21e08abc868175b3535f6aa67b474c,2026-09-08 22:00:57.964888+00:00,A,True,1.4,2.4,2.4,0.0
4ac5368d4c666ad83d21810805dcf20d5a772d3b75b016671a5750adb9053b27,2026-09-08 22:00:57.964888+00:00,A,False,-1.0,3.75,4.1,0.0
1efdd6196479308cba5ef8b9a6b399732d98a06e16d804676d60f0ab9e7eef30,2026-09-08 22:00:57.964888+00:00,A,False,-1.0,2.7,2.7,0.0
123e275dc0d0d9931e500e346891adbede334cb0296712d93c8a05ee53882f94,2026-09-08 22:00:57.964888+00:00,D,False,-1.0,1.22,1.27,0.0
2f4f83bfda1dce934cf1a3549d5ed3eb564541049bbafa9f964e69cdd27846e8,2026-09-08 22:00:57.964888+00:00,D,True,4.75,5.5,5.75,0.0
b216030bbf4473be9dad079351f84cffde7e2b11c954d21d99b4fec5b60d83d5,2026-09-08 22:00:57.964888+00:00,D,False,-1.0,12.0,12.0,0.0
474c4fa9a3e276757515fa31b4175c796a565b324ed316edfc7b42b192b1f6c6,2026-09-08 22:00:57.964888+00:00,D,False,-1.0,2.35,2.38,0.0
033612d012c597760d68cbe5bf8ecf92ce987610314ba5ccd0c0d2014d4d5159,2026-09-08 22:00:57.964888+00:00,D,True,2.2,3.2,3.2,0.0
7c67114488ee9e5fbaf2225335f4b762f755723a1942a57121a7e76f93c0141c,2026-09-08 22:00:57.964888+00:00,D,False,-1.0,3.0,3.0,0.0
374b714fb217ad50988b979a68e319e3945a1d405599ad1a58fcc22f3fcf5393,2026-09-08 22:00:57.964888+00:00,D,False,-1.0,3.3,3.3,0.0
d63744dd900143558a166b7f7d0721e7c2a309d666ecdd36189e3399c0097d28,2026-09-08 22:00:57.964888+00:00,D,True,2.8,3.6,3.8,0.0
232b9df59b39e17d3b97b158b257e5bbb639d93fd44b8e64753e5684d5f38717,2026-09-08 22:00:57.964888+00:00,D,False,-1.0,2.1,2.15,0.0
6da568f91b18d3a12d4bf50243b0b42fbc050ea2b7929373f78d81e4101596e6,2026-09-08 22:00:57.964888+00:00,D,False,-1.0,5.5,5.5,0.0
cc935ae605c443af8eef9b5fa7c3eb8675a30771073eaa542daf985b7df77b46,2026-09-08 22:00:57.964888+00:00,D,True,3.0,3.9,4.0,0.0
046e03f25539ec2d3d84f1314e6741defdf901ae7782dc4ce5977085eb7d5f09,2026-09-08 22:00:57.964888+00:00,D,False,-1.0,1.62,1.62,0.0
0d7394683b926366cddf01c4c17100ffea52644ad540b93fbd999423bfdbec44,2026-09-08 22:00:57.964888+00:00,D,False,-1.0,3.9,3.9,0.0
9b2b08e963a83b5fcb9a1544b12d93464759a7a484386cfb388b67e3312cc708,2026-09-08 22:00:57.964888+00:00,D,True,2.6,3.5,3.6,0.0
bb9a08961b7e9c9320baa3e3ee680b976414adf6c346d028f480bf38666dffda,2026-09-08 22:00:57.964888+00:00,D,False,-1.0,1.95,1.95,0.0
10df13c3dce4ee077810947e413ffdab3cbeffc9ca02d3edd990191544a4896d,2026-09-08 22:00:57.964888+00:00,D,False,-1.0,2.9,2.9,0.0
8052f80a2d93a815575b66003262c5a725e61128752f61d8bd7a69e63d8a5e62,2026-09-08 22:00:57.964888+00:00,D,True,2.4,3.4,3.4,0.0
3303464ee8278246dfd4f4b532ddba5438feb4ef289239d7f2914746de69a66f,2026-09-08 22:00:57.964888+00:00,D,False,-1.0,2.4,2.45,0.0
0cc2c7fc36ff09e4d801203934dad14674a3778559b3811ea6029651230e30cc,2026-09-08 22:00:57.964888+00:00,D,False,-1.0,1.85,1.87,0.0
ba3e047146d3ef9711264610209715c9653e7431f0a52f3b19340cd34ae95edc,2026-09-08 22:00:57.964888+00:00,D,True,2.75,3.6,3.75,0.0
057bbe74da9fb433743582964c2fc1dce00a285c3b8d87a4886393201ea78036,2026-09-08 22:00:57.964888+00:00,D,False,-1.0,4.2,4.2,0.0
855fd1461b53cfc4a47bf9e2282d39600cd6da97376e11a942b3fd00019ebb77,2026-09-08 22:00:57.964888+00:00,A,True,6.0,7.0,7.0,0.0
8618cacac35d7519d47c69305b0e269e2513adc6fc614703218f11606ed59c43,2026-09-08 22:00:57.964888+00:00,A,False,-1.0,4.33,4.6,0.0
ff02b04aa9f0b5a80b1df44c81e0a9895e42695dc25e7d8d57e3a5f05710ae89,2026-09-08 22:00:57.964888+00:00,A,False,-1.0,1.45,1.5,0.0
cf8e7146bf090c93997ccae6873cd5a2bc53ad4c43a630f1d84d279f6b4529fa,2026-09-08 22:00:57.964888+00:00,A,True,1.75,2.7,2.75,0.0
b1b5d9eb53a49930cd733a1a2f18fdc081ef64101e30b81f2fe0bf8d851bd8d3,2026-09-08 22:00:57.964888+00:00,A,False,-1.0,3.25,3.4,0.0
e693c9d1e4824053bd90fe022354c40efc75527c953a94186b24394bd2e27cbc,2026-09-08 22:00:57.964888+00:00,A,False,-1.0,2.63,2.63,0.0
50f0123010733c625fd8ba61a270155ba99560622dda25a475f61c97e348b1f7,2026-09-08 22:00:57.964888+00:00,A,True,2.25,3.25,3.25,0.0
d958b9679324d43115681fe94871f09e275309cc821b3e7ae59241bec6aaeccc,2026-09-08 22:00:57.964888+00:00,A,False,-1.0,3.25,3.5,0.0
ed79adb42e32ce33471d51e488b4b5e28f3cab33ca74eba83ebc930220a6f3ef,2026-09-08 22:00:57.964888+00:00,A,False,-1.0,2.3,2.3,0.0
911c28ccbc487bcc031fd8d55fb1f2ce9090013db2a9a7ed91ad53343e4caadf,2026-09-08 22:00:57.964888+00:00,D,False,-1.0,6.5,6.5,0.0
ae28f35874cd4794f4b1ba3b420cc5a021193589ef416059fc0a82d5ccdf508a,2026-09-08 22:00:57.964888+00:00,D,True,3.1,3.8,4.1,0.0
2756443c9e5d81859bb2475785c885180eab8f04be3d516d6067d53948709301,2026-09-08 22:00:57.964888+00:00,D,False,-1.0,1.46,1.53,0.0
fd4b3ed7cc699a6a0b9bbbbf21a9c1d39499736d7f243049fd8de55ce5ce8d99,2026-09-08 22:00:57.964888+00:00,H,False,-1.0,4.75,4.75,0.0
5a8d8136c64a7d6c780578a073026a274527a0d3e1002600985b8611c314a79b,2026-09-08 22:00:57.964888+00:00,H,False,-1.0,3.4,3.4,0.0
7a43dc6fa38eb9d7305343d99d104027cdd6986ed9cb84938676ff16b0173448,2026-09-08 22:00:57.964888+00:00,H,True,0.76,1.76,1.76,0.0
f369708534a0e8f8fce8c8622e6ec584d72abe825cd8bd821f88a51a61d2ae23,2026-09-08 22:00:57.964888+00:00,D,False,-1.0,4.75,4.75,0.0
a2c31f937d218c1c58dece642f1cfe093f73602a8efa301e6964ffe76450b884,2026-09-08 22:00:57.964888+00:00,D,True,3.33,4.33,4.33,0.0
a70fae334d83b3ddce44739b3821ae63a8d3c36bcf794aff6690a193805d0615,2026-09-08 22:00:57.964888+00:00,D,False,-1.0,1.62,1.65,0.0
35255e90ad44ecb0e336753e85293148d2e9c5b6199055960119686bdc768352,2026-09-08 22:00:57.964888+00:00,D,False,-1.0,2.1,2.2,0.0
6e9440afefd76e7a82290997a6e735738be8e295a56c33b11101690f49bc5ef4,2026-09-08 22:00:57.964888+00:00,D,True,2.6,3.5,3.6,0.0
7801ddc37cb37d19fb0920464a43ce6743f1780e5d9677a392f24b4c4db1d93a,2026-09-08 22:00:57.964888+00:00,D,False,-1.0,3.3,3.3,0.0
8d2bce9117d84b06bd3494c2c5ccd84da2288c3b46e937b0318cf0b8197e4c53,2026-09-08 22:00:57.964888+00:00,H,False,-1.0,5.25,5.25,0.0
51d003b6b3c7b676a3bb9bfecbfdd7cc97c151219f078df89349b7d849a0d065,2026-09-08 22:00:57.964888+00:00,H,False,-1.0,3.75,4.0,0.0
395ad2ed3bebd326261644ca866fb07cdd90d35b164ef97180955d11b3f3c30e,2026-09-08 22:00:57.964888+00:00,H,True,0.7,1.67,1.7,0.0
ad77932beda5f5a13ed2a2fc0272eed09e8d3ec261f82ed442668af97a6460be,2026-09-08 22:00:57.964888+00:00,A,True,1.2999999999999998,2.3,2.3,0.0
d0aa3626b970a30f694e4ec2e9d3135d7344af270f1a3c52da33d3a186ea505c,2026-09-08 22:00:57.964888+00:00,A,False,-1.0,3.4,3.5,0.0
0c80fe2ef62392c858bff02d29ceedcd5c003f7ee0e3b8d4b3ef4c39758cafcb,2026-09-08 22:00:57.964888+00:00,A,False,-1.0,3.1,3.1,0.0
10e686a8746bcfcd469bd857143332f7ccd792026f7358335f1a201f8f0d65a1,2026-09-08 22:00:57.964888+00:00,A,True,0.8999999999999999,1.85,1.9,0.0
74ddf506a1f1c8d52a346a1de9c1c1ae58f2d3a98af010b9ed7f0f1c8e8316aa,2026-09-08 22:00:57.964888+00:00,A,False,-1.0,3.75,3.9,0.0
121761edd4ca15b7a08df042c776baf0bf5d855786cbf63170950a4012df321e,2026-09-08 22:00:57.964888+00:00,A,False,-1.0,4.0,4.0,0.0
f79edc770e8c3cc4b4c1579fa9dd7d75cee9abc06d9c0a28a1a0dd2291b19ae0,2026-09-08 22:00:57.964888+00:00,A,True,3.33,4.33,4.33,0.0
331ea0c7ed65c2778b5a87ed7afd7417d5ce3987f27b8ff28b5befc7715483dd,2026-09-08 22:00:57.964888+00:00,A,False,-1.0,3.8,4.0,0.0
31510b18ca60795144870a36cc82aaeaa47eaccc6cd45b8f9d38c6c2cebdf59d,2026-09-08 22:00:57.964888+00:00,A,False,-1.0,1.75,1.8,0.0
612efd6c5764f84fb77d549d88707da0314de4a753bc29b08666bed5e84a73c1,2026-09-08 22:00:57.964888+00:00,A,True,2.1,3.1,3.1,0.0
12a2959250e5948781bbeacf20cd208cb21a2162d6503f7bf73dd5d1ecebd672,2026-09-08 22:00:57.964888+00:00,A,False,-1.0,3.9,4.0,0.0
db4b3825d25149f01b63ed6e899666e3f515b5b6812fb4fdc3ff460befab5f29,2026-09-08 22:00:57.964888+00:00,A,False,-1.0,2.05,2.05,0.0
dadc240abbd869452cbf805e70b4f14169698c1b55378e1024bc96d11770cd6e,2026-09-08 22:00:57.964888+00:00,H,False,-1.0,3.5,3.5,0.0
abfeb3a95da21003183437ce40999d3fb3a5faad73689b391933b5af785673fd,2026-09-08 22:00:57.964888+00:00,H,False,-1.0,3.25,3.4,0.0
8758bed146bd180583b39ee5897fa56ca12212e1dbec433cf35321827bd9556f,2026-09-08 22:00:57.964888+00:00,H,True,1.15,2.05,2.15,0.0
a5ad64f20ca0e5908695b2b2c57451873c5ae8e984c30ba0cbc9802a4eb46361,2026-09-08 22:00:57.964888+00:00,H,False,-1.0,2.85,2.85,0.0
3cd52259719a3e7014ff515217179204d65bd16e3ad5bdf733781213bb0498fe,2026-09-08 22:00:57.964888+00:00,H,False,-1.0,3.25,3.3,0.0
5d144e736048814c5c5952f1ce4db30cdd2bd12545dc341126f6c667f46de8cb,2026-09-08 22:00:57.964888+00:00,H,True,1.4,2.35,2.4,0.0
10f94ed7e579f35f6e2a704b8dbdb585f2cf2a90253b3f55044b3a1fee27e279,2026-09-08 22:00:57.964888+00:00,D,False,-1.0,2.05,2.05,0.0
92f5617652f608a1b5b916c3f315da7f139508b276dceccbcf1448efb1804b77,2026-09-08 22:00:57.964888+00:00,D,True,2.8,3.8,3.8,0.0
6573c731599ebea6f21481e9fc616a6233da6b227e5fd21c3f99529cd79aae9c,2026-09-08 22:00:57.964888+00:00,D,False,-1.0,3.3,3.3,0.0
259096053de7c133ee77174901f2971beaf9293dc2c8786c823f605223868661,2026-09-08 22:00:57.964888+00:00,A,True,0.8200000000000001,1.8,1.82,0.0
176d8643f24e56a896389bafccec5911c3d28ed730a2fa12778f3c665313cd85,2026-09-08 22:00:57.964888+00:00,A,False,-1.0,4.0,4.1,0.0
eb8223c2dd108cf706e682cb4ee3369b9f1db4cdb650c7dfa186d879e25069f3,2026-09-08 22:00:57.964888+00:00,A,False,-1.0,3.9,3.9,0.0
de59492b52aec3187f6d9001940a14d8dcc0fddcf0d851bf48c437228296627d,2026-09-08 22:00:57.964888+00:00,A,True,3.2,4.2,4.2,0.0
073f66faf6897038cf5e51c631e5854c15688c9ed79fb2ab2e4c475f38a75db2,2026-09-08 22:00:57.964888+00:00,A,False,-1.0,3.6,3.6,0.0
5f74c82ec4972be266b7ee67d8459eddd2658aae68e7d05f4a4c543232a9ab1d,2026-09-08 22:00:57.964888+00:00,A,False,-1.0,1.79,1.85,0.0
ca2d49cb9d8e9244b5d43db5d7d984daa58165b331cf96e4404655396bce1b39,2026-09-08 22:00:57.964888+00:00,D,False,-1.0,3.0,3.0,0.0
fb957738980fa488dca6c61706894dba2e1d4f6bdfae4a06a283de2252ae45a9,2026-09-08 22:00:57.964888+00:00,D,True,2.4,3.4,3.4,0.0
526bb048970e96e175fac476e524f281c64aa954b0b80744144a582f248964e7,2026-09-08 22:00:57.964888+00:00,D,False,-1.0,2.25,2.25,0.0
a1fb05a1c370264f64b0b2d9e9ea6ebeda8b4307db39dd0c7944fe6dd5395524,2026-09-08 22:00:57.964888+00:00,H,False,-1.0,21.0,21.0,0.0
772e713da1835b23dc0fe5d75eeedb6957d4a14653184fb6e59aec94a7a51325,2026-09-08 22:00:57.964888+00:00,H,False,-1.0,7.0,7.25,0.0
9e014f00492259a4b4b5f861d7eb3d175132fb97d66044b4aacaf36f6d639686,2026-09-08 22:00:57.964888+00:00,H,True,0.1499999999999999,1.11,1.15,0.0
0548e80a7cfd1696cef487f06a5e902f6d5a25dcfd33b14d959400c499916307,2026-09-08 22:00:57.964888+00:00,A,True,7.0,7.5,8.0,0.0
7b22d828ee19a33d08dacae87dbb228d93e3180a4e08e2eb69e43c0729dd3d81,2026-09-08 22:00:57.964888+00:00,A,False,-1.0,5.75,5.75,0.0
a976648d11c5c99433abecb73f1964a6e27407c1364dce4bc5afb490ac514ef0,2026-09-08 22:00:57.964888+00:00,A,False,-1.0,1.33,1.36,0.0
90cd7cb1becc6978c1296cf38beaf43defdd27b6f69ac68126fb1a9b41a35f8e,2026-09-08 22:00:57.964888+00:00,H,False,-1.0,7.5,7.5,0.0
38e7dae4c2c637b84b07fa8cd560088728800864f05fe3f87d04ebea065df9b8,2026-09-08 22:00:57.964888+00:00,H,False,-1.0,4.5,4.75,0.0
8ad30a038f2399f7dc936a306c7082e8249aed874ded8c6a3ccccdf59efe5ee9,2026-09-08 22:00:57.964888+00:00,H,True,0.4599999999999999,1.42,1.46,0.0
2dfcdf961c669bd4f2dda9b1b40b472bfc8fbe72a050b6d2dade5994ff8dc96e,2026-09-08 22:00:57.964888+00:00,A,True,0.53,1.5,1.53,0.0
a2ca2c12a838d80a585c8092619ee22d3f1574bad1cc8240e29eafd6d67c069d,2026-09-08 22:00:57.964888+00:00,A,False,-1.0,4.75,5.0,0.0
64e896a85d899c2e70d4ba2ba7ca5e5b17b16304e9b1db78918d93d53284175d,2026-09-08 22:00:57.964888+00:00,A,False,-1.0,5.25,5.75,0.0
374fa2cda7d714aa7b754ed0a95f43bf4c997b8bea1b93ed586bc02b39bfde67,2026-09-08 22:00:57.964888+00:00,D,False,-1.0,3.9,3.9,0.0
12affb97db03575095ae66ae5f41aaeb94eb06b6226123dfa0be5fb3adb22304,2026-09-08 22:00:57.964888+00:00,D,True,2.9,3.6,3.9,0.0
568ec65902d63e94f9f4b774896bad1d275bc4e79fb38269fbd8a5536b6ed02f,2026-09-08 22:00:57.964888+00:00,D,False,-1.0,1.91,1.93,0.0
2da1d8bf038d8db47e7ca7abe0113ad16d710590655fb91890fd710888ac2cc0,2026-09-08 22:00:57.964888+00:00,A,True,1.2000000000000002,2.2,2.2,0.0
0fffbef2148ee0e0ff4e50955a8aa262d206f8eb7ed042606484e9d28d0f43df,2026-09-08 22:00:57.964888+00:00,A,False,-1.0,3.9,4.0,0.0
64821784da09f6080d6fef9455ed71a042c1853df8d9e6f52e51c20e0367a3fd,2026-09-08 22:00:57.964888+00:00,A,False,-1.0,2.9,2.9,0.0
b4ba334dbd81c8e18fda907db5f1129aa28441f4bf6151973ec0011986678150,2026-09-08 22:00:57.964888+00:00,A,True,0.8,1.71,1.8,0.0
e072790ea7163ffd5aac153d1090793506a36c0a2cb6ebd7c4481e6e56722aa9,2026-09-08 22:00:57.964888+00:00,A,False,-1.0,3.5,3.5,0.0
b75cc308005a29fac7a484eea3b6a14996cd3ec2f21f41c349f80c48aa6a9f8b,2026-09-08 22:00:57.964888+00:00,A,False,-1.0,4.75,4.75,0.0
8a4f6dceb6d3ad10b45952f54c6d34af6e3812a3bd71d7086004cd4d55dd61f7,2026-09-08 22:00:57.964888+00:00,A,True,0.26,1.22,1.26,0.0
85c3ef23e429a1b06783e1d4a38a616092a93a9eb323954e27b322ae0f4fb1e7,2026-09-08 22:00:57.964888+00:00,A,False,-1.0,5.5,5.75,0.0
9debe0254e634f96fd0fe7445b943672d45eb91ede695bb384253c2c8fa7b374,2026-09-08 22:00:57.964888+00:00,A,False,-1.0,12.0,12.0,0.0
4782b1a4c9ca89c0fdf3e3dabc187d957f85962023337d0a7f15b34456701082,2026-09-08 22:00:57.964888+00:00,H,False,-1.0,8.0,8.0,0.0
d22272c86c0aeb13bb6aa35635199d42c3373bb699b312d453b30c7902a59602,2026-09-08 22:00:57.964888+00:00,H,False,-1.0,4.5,4.8,0.0
7d9e246caa4d531849df501326280c693375d616911c2996b5c10c9de29e5257,2026-09-08 22:00:57.964888+00:00,H,True,0.3799999999999999,1.35,1.38,0.0
df5d98513e58e1165f20672cd79a2f817caca2f6d8649e7aeba7384377aff9da,2026-09-08 22:00:57.964888+00:00,H,False,-1.0,13.0,13.0,0.0
16b2cf38ee12539bfba878455f09bfc8d15e4c0aa89729b684c98339904a8ede,2026-09-08 22:00:57.964888+00:00,H,False,-1.0,6.5,6.5,0.0
7fec2620174549f5b8de421b383bf4050fb6745f429b76b248df944aadec9624,2026-09-08 22:00:57.964888+00:00,H,True,0.2199999999999999,1.17,1.22,0.0
cf5d949726989f0d35ff2bc2625604c296d5618ccde804851a664706a3d184dc,2026-09-08 22:00:57.964888+00:00,A,True,1.35,2.3,2.35,0.0
8202831a7a633c1a79297d1c5f85c0dbb8ed1cebd2c06a43613905d318d7ecb3,2026-09-08 22:00:57.964888+00:00,A,False,-1.0,3.5,3.6,0.0
e4beaa5b53b6244b199c1865496f92e7bf139dd7a5d39c7f53371ea632fbdd80,2026-09-08 22:00:57.964888+00:00,A,False,-1.0,3.0,3.0,0.0
d03fa5cb3b0c3c6e405fe179ecdaef95f3c6a94fcf294f5c89db9340e5584476,2026-09-08 22:00:57.964888+00:00,A,True,1.4,2.4,2.4,0.0
ea2c25fd2ec50482e3da53e04ae7d560e25af8272154c4976b0c512069b16d7b,2026-09-08 22:00:57.964888+00:00,A,False,-1.0,3.75,4.1,0.0
34b24e0b064b7ba2d001df5a952faa53567de76d0696d502aa2614f3936dd93a,2026-09-08 22:00:57.964888+00:00,A,False,-1.0,2.7,2.7,0.0
23df6994bc3bfba8f80384604395dcf9996437c8ec325c2ddb65a3d5718f329d,2026-09-08 22:00:57.964888+00:00,D,False,-1.0,1.22,1.27,0.0
e9ae437f9ba73e3a33951f99aa3a0c7f947de009a6d4e1c7a33a10924d273547,2026-09-08 22:00:57.964888+00:00,D,True,4.75,5.5,5.75,0.0
99b15c0eb1f779a9c16305609c9d1bc8a6508827fe3ac7054f550ae7f562d554,2026-09-08 22:00:57.964888+00:00,D,False,-1.0,12.0,12.0,0.0
438c5c0efd336cbfe81f78177438dbda7b921af217d7fc93f0e524605eeab438,2026-09-08 22:00:57.964888+00:00,D,False,-1.0,2.35,2.38,0.0
e5926030fb39ad832ce3c5a8c7d79da9b826348b4def5af8f315fc3befec2fd0,2026-09-08 22:00:57.964888+00:00,D,True,2.2,3.2,3.2,0.0
34ee1cde092777ebc731189b62bf8e72ee483910328e651723e789b6780212c0,2026-09-08 22:00:57.964888+00:00,D,False,-1.0,3.0,3.0,0.0
c8358ed4f8b016c28c5ea33121ca1aed226c1a023c08abfaa677c552d1e5fbd8,2026-09-08 22:00:57.964888+00:00,D,False,-1.0,3.3,3.3,0.0
4e533e69d3821ba8880e36183397c809ac91545cf8e593a45ecd3f0fd3596929,2026-09-08 22:00:57.964888+00:00,D,True,2.8,3.6,3.8,0.0
17a9407ca4d3a351a6890bddbf54a6ccd61716bb4c4a3c2525dccd4c4e25b51c,2026-09-08 22:00:57.964888+00:00,D,False,-1.0,2.1,2.15,0.0
bdddcb02d67106526aab636a864a682c6b6bd7e25a1f4575a026f91ad31c440f,2026-09-08 22:00:57.964888+00:00,D,False,-1.0,5.5,5.5,0.0
3acd4bf18df9539fe271389d779a748a3a657b773f119d15bfbe4432f4c1c376,2026-09-08 22:00:57.964888+00:00,D,True,3.0,3.9,4.0,0.0
e10826848cbce8e2111c2dd861369cdc9f981ecb1ac10a2cc6c9082ae07b13c6,2026-09-08 22:00:57.964888+00:00,D,False,-1.0,1.62,1.62,0.0
61e5715ec0d806792b70c5ca9cca545e044240e9d213ea7f8e460a9935dc9d8a,2026-09-08 22:00:57.964888+00:00,D,False,-1.0,3.9,3.9,0.0
01a72593898cf9ac1b1c3cebc4955708494637203e62197d80032ddf09309c51,2026-09-08 22:00:57.964888+00:00,D,True,2.6,3.5,3.6,0.0
f0871d6881f952a3abe9e9f1c3915a1b0061f63cbc6708b3ef0d63ec63d8daa1,2026-09-08 22:00:57.964888+00:00,D,False,-1.0,1.95,1.95,0.0
1a0044b60d2331c9854222c2f15a81eaed07608b514266b06d5c248f8d75338a,2026-09-08 22:00:57.964888+00:00,D,False,-1.0,2.9,2.9,0.0
a6e0766e0cccea914fe1150da7afdcb93114f433bda688b8e502df414845b967,2026-09-08 22:00:57.964888+00:00,D,True,2.4,3.4,3.4,0.0
bc58dadc0962a011c31cdbe1f346169404b7b10ebb542b321704664196f542bf,2026-09-08 22:00:57.964888+00:00,D,False,-1.0,2.4,2.45,0.0
eccbc361883009ca46ef082e12fe0161e7cd8f7ae066eb285ee05e41bf492ae0,2026-09-08 22:00:57.964888+00:00,D,False,-1.0,1.85,1.87,0.0
469c56977be2e63c4a35b3999d5ea2608349066be2794e76c82722b3a9066214,2026-09-08 22:00:57.964888+00:00,D,True,2.75,3.6,3.75,0.0
c222af920b99c834f1334d1bbac4e8f726e8332e79bc431bf62647e57448c0ae,2026-09-08 22:00:57.964888+00:00,D,False,-1.0,4.2,4.2,0.0
5aacf5f988d1d2a2f1e431182b128decb25749cfea3c4ed927576431ce91a745,2026-09-08 22:00:57.964888+00:00,A,True,6.0,7.0,7.0,0.0
9f291bf003e921ec7226a3a294b4b40879acbf3ff12101e964db8131c91eeff3,2026-09-08 22:00:57.964888+00:00,A,False,-1.0,4.33,4.6,0.0
fa933c0b7783918bcad2fdb209d91b364fdf0adcba835c227c8bef0cc5294d4a,2026-09-08 22:00:57.964888+00:00,A,False,-1.0,1.45,1.5,0.0
6e1885ab5fc190bc30deeeb846d1c82d394046bb33ec99ca42c4774b9adbff5f,2026-09-08 22:00:57.964888+00:00,A,True,1.75,2.7,2.75,0.0
eb6568af9aadbd23d158b62091eeb022859dab286c8dca68dcc84c4192d157fe,2026-09-08 22:00:57.964888+00:00,A,False,-1.0,3.25,3.4,0.0
9fc6ecefad3d3429ab83f62212e63816a7de50733160c7ed6c1cc1c5c03b6a9e,2026-09-08 22:00:57.964888+00:00,A,False,-1.0,2.63,2.63,0.0
a8553484ae2219f91a135ccba226ac91fc63318aa420fd3ea7cba9dc4d9a7e2b,2026-09-08 22:00:57.964888+00:00,A,True,2.25,3.25,3.25,0.0
7abc2d8224125f175c95899c29aeb66a6bec9a567a9539e46bdf95c0c9a55946,2026-09-08 22:00:57.964888+00:00,A,False,-1.0,3.25,3.5,0.0
7485ce5cb8403a7a3d899ff30342756e6f78e7f7bba8e4b27f45a3c992be1c58,2026-09-08 22:00:57.964888+00:00,A,False,-1.0,2.3,2.3,0.0
a616cd51aa988eb4d1dc3cb3d54d8bd8a6f5f5facfe5b2c581581864da9fb237,2026-09-08 22:00:57.964888+00:00,D,False,-1.0,6.5,6.5,0.0
3a554d024e6f79cc3b4eaaac926a1ae3134fa89e9aa379c81934ff3ce0da106f,2026-09-08 22:00:57.964888+00:00,D,True,3.1,3.8,4.1,0.0
a4486f4c35012f0787517fe447a8c01f55a6aa0570f70f49049f9006a7166f84,2026-09-08 22:00:57.964888+00:00,D,False,-1.0,1.46,1.53,0.0
02c3c9d1b592c7406204c5a473f8871a4ed9853e8adaf83902654d5100e8c82a,2026-09-08 22:00:57.964888+00:00,H,False,-1.0,4.75,4.75,0.0
d44fb8e5db0a23121a6039b0a5a41d3eb79ce07b314c428c7aa03f2db8a3fa2d,2026-09-08 22:00:57.964888+00:00,H,False,-1.0,3.4,3.4,0.0
f1cfbde9fc5c74609547273a8d54cbc984d1e05b6e5e94c5297c53c7f7782830,2026-09-08 22:00:57.964888+00:00,H,True,0.76,1.76,1.76,0.0
7b0a78abda1f25203b9a85cf90c5740818c75cae71aaca9466c8f606b88fd0b3,2026-09-08 22:00:57.964888+00:00,D,False,-1.0,4.75,4.75,0.0
472ba38b2fec40da0cfceb005ee23b15beb23e4d08a194ed6bc3d99f9302eedb,2026-09-08 22:00:57.964888+00:00,D,True,3.33,4.33,4.33,0.0
804a1d37e28515a6b135e89296eab1157a68ecfc7db5501dbe5049cb7d351e22,2026-09-08 22:00:57.964888+00:00,D,False,-1.0,1.62,1.65,0.0
a68ea1fd3c2d8089116ea98d6bc287a46c6a9ba4173f88b70d3ac73d6a1785ed,2026-09-08 22:00:57.964888+00:00,D,False,-1.0,2.1,2.2,0.0
29af3f3cf4acb190454b1a0084290e1ad756e49796079ffedb6f30143fd05351,2026-09-08 22:00:57.964888+00:00,D,True,2.6,3.5,3.6,0.0
7fe573a0c4adc722a6b07ee1da9eb891f80ae5a148d21f475db97e165463b727,2026-09-08 22:00:57.964888+00:00,D,False,-1.0,3.3,3.3,0.0
89e82f905950093bb1c844b861d30a1d717e3fa276796e455623de234dcfa0c7,2026-09-08 22:00:57.964888+00:00,H,False,-1.0,5.25,5.25,0.0
f6745b1b0556a5bb8cdbb9d5d7620be3d6c216bff49392f7dde1376d796b0a56,2026-09-08 22:00:57.964888+00:00,H,False,-1.0,3.75,4.0,0.0
d0de2a9bffb06ecdfdca9998eed6c8c074744c9ac59b6b2d0b6caa62f9c4477b,2026-09-08 22:00:57.964888+00:00,H,True,0.7,1.67,1.7,0.0
2da8c9d5f938789f863c697c4e3df3a86b3a345af8cd0292714470a6df5b313e,2026-09-08 22:00:57.964888+00:00,A,True,1.2999999999999998,2.3,2.3,0.0
fb3f8459f2adb6daa10ad4fb6ca6328ff1d59fb8c2106e8722d6755c7303ff33,2026-09-08 22:00:57.964888+00:00,A,False,-1.0,3.4,3.5,0.0
f30b13315bc304aaa4571648c0b5fced66a0621e4337ef961ba18ed438f7cd36,2026-09-08 22:00:57.964888+00:00,A,False,-1.0,3.1,3.1,0.0
12ecf0cd172a3dd4f999f86bdc7838c2fe97cedb1da5ca2429b3a2080a7b3c4e,2026-09-08 22:00:57.964888+00:00,A,True,0.8999999999999999,1.85,1.9,0.0
923eaa6fb9a69c8fab5e2c89d9d1ee5d4e51e8dadfff599d361305c16136762b,2026-09-08 22:00:57.964888+00:00,A,False,-1.0,3.75,3.9,0.0
de67e333ea44195466418c8bcda682d04b1830798f934efdcd14d2159ef91b9b,2026-09-08 22:00:57.964888+00:00,A,False,-1.0,4.0,4.0,0.0
39d577016e3b8a57b3b4ec7e4f0fe1e2d1a29437bbf9d906a335ce3f5c3bedfc,2026-09-08 22:00:57.964888+00:00,A,True,3.33,4.33,4.33,0.0
96b30b0b1bcf83d4739375def09d5e14494a5219dffd1bdf5b37c9ac593baa63,2026-09-08 22:00:57.964888+00:00,A,False,-1.0,3.8,4.0,0.0
4065e22b0e1b0a639f6582bd2e9c8495edf9750a62e91df53072ebc8412febc7,2026-09-08 22:00:57.964888+00:00,A,False,-1.0,1.75,1.8,0.0
bd47aeac732f8f256e89ed190df87e1e4b20602d3993e264392fbdb44095d5c9,2026-09-08 22:00:57.964888+00:00,A,True,2.1,3.1,3.1,0.0
f26105ae4f64d136de185c256eadbb28cbc734aad583078c426a4f8b586f65a3,2026-09-08 22:00:57.964888+00:00,A,False,-1.0,3.9,4.0,0.0
b1e481e3bae27a94de076bb662d167c086a92cd41b6cdd40c2ac880127ad594f,2026-09-08 22:00:57.964888+00:00,A,False,-1.0,2.05,2.05,0.0
64e307bc76e7550ebd49e5779900622713dd3c89cd4f135c7a240b869aea4587,2026-09-08 22:00:57.964888+00:00,H,False,-1.0,3.5,3.5,0.0
f80af389ef2eeb7743726496bb9fa331bcf00f7a2a6f545f1bae909608028454,2026-09-08 22:00:57.964888+00:00,H,False,-1.0,3.25,3.4,0.0
1d33e08f099424da5db898675ab67070abf63a58e72f6b1ef6fc0d94aa50b91b,2026-09-08 22:00:57.964888+00:00,H,True,1.15,2.05,2.15,0.0
e3e906baa9b7b70a433553ddf23df6652d74b3ab12c6dbcfb4334162965d06a0,2026-09-08 22:00:57.964888+00:00,H,False,-1.0,2.85,2.85,0.0
21855e242fc4570852218d32917faa8081bae26e672fba7be2570f136c5f70bc,2026-09-08 22:00:57.964888+00:00,H,False,-1.0,3.25,3.3,0.0
40b209254a4a69be27bd039f6904465733a70be3b68bf319475a4fb53c40fb14,2026-09-08 22:00:57.964888+00:00,H,True,1.4,2.35,2.4,0.0
662bdb52a7321c45e2db4ebb156f416729e33091d60fac6da1fdfc1205bf78a1,2026-09-08 22:00:57.964888+00:00,D,False,-1.0,2.05,2.05,0.0
ce72517e3cc5eb0d782b389753d9c3aef9a061e6982a38bc5512aa8ecaa7f4e7,2026-09-08 22:00:57.964888+00:00,D,True,2.8,3.8,3.8,0.0
866fff875663eee87a2befa6f9e6667c63c0b4c2669c23516e2405c6b7f16552,2026-09-08 22:00:57.964888+00:00,D,False,-1.0,3.3,3.3,0.0
70b7ca898915f614db9764682b0907d69b5266e63386f6968dba420356892326,2026-09-08 22:00:57.964888+00:00,A,True,0.8200000000000001,1.8,1.82,0.0
b58fcbb99f37ab074a623e197e1e0668dbd922d713dabed900da87aabe8a30a4,2026-09-08 22:00:57.964888+00:00,A,False,-1.0,4.0,4.1,0.0
88fed840acd024d29fe3e0e34006b206b29b6579af56d3c10a0af5cd8506f9b9,2026-09-08 22:00:57.964888+00:00,A,False,-1.0,3.9,3.9,0.0
73212de160ce4917dfd31b25e5f4153a122596887d908bf8a450ec16de8873ef,2026-09-08 22:00:57.964888+00:00,A,True,3.2,4.2,4.2,0.0
d425306ac4199130831e40be456394d53137d511af8028657c86f68d5aebf4b1,2026-09-08 22:00:57.964888+00:00,A,False,-1.0,3.6,3.6,0.0
7b46a46a8871c939d3705d78e64e21e978e35edc4b2bff916b5cee95ffb6b75c,2026-09-08 22:00:57.964888+00:00,A,False,-1.0,1.79,1.85,0.0
f0d7e416df84551f9efebacdda6e1de67328ad09a87d68cd84aaf30b2c494be2,2026-09-08 22:00:57.964888+00:00,D,False,-1.0,3.0,3.0,0.0
83d165609e199279ed3e17fc28bb85337dfd1f0c0fcc092eee6913d9b8610b81,2026-09-08 22:00:57.964888+00:00,D,True,2.4,3.4,3.4,0.0
342bc12565e2eac1b157525f00abcc16cb71b6a68e3554830f2c1735e8d09337,2026-09-08 22:00:57.964888+00:00,D,False,-1.0,2.25,2.25,0.0
054157e902f37933a81a0a268f1ad006aca1a07991b0dc6024a62c42c7fd1fcf,2026-09-11 17:35:50.432132+00:00,D,False,-1.0,5.0,5.0,0.0
345752fbf8b980cd378ad9db99c2e0c3e84343949c3f6c23e7557fe7a54df6dd,2026-09-11 17:35:50.432132+00:00,D,True,3.2,4.1,4.2,0.0
c20450e96dffeb4066d0cefe8854cf2dc0a0e36576f4eb600e664e9dfb31024e,2026-09-11 17:35:50.432132+00:00,D,False,-1.0,1.62,1.63,0.0
3b27a14342ddca200059898abc8866c2665ddcaa19b8c0fe6dfdc1e3c6e34f9b,2026-09-11 17:35:50.432132+00:00,D,False,-1.0,3.1,3.3,0.0
06849677292b6d66f580aa7bc27cc63205da7a4426fc9baa314bdd25250c5460,2026-09-11 17:35:50.432132+00:00,D,True,3.0,4.0,4.0,0.0
59b55e49041d2694db196789a04117cfcf9e7fecf020d6f367d1e4911856c548,2026-09-11 17:35:50.432132+00:00,D,False,-1.0,2.1,2.1,0.0
45b2c7d51c30a896ad112e08e430fdcfa35325a944816e6b3608e4bbeb958cbf,2026-09-11 17:35:50.432132+00:00,H,False,-1.0,11.0,11.0,0.0
e67b349f01625c1b70b1bf5b87952dfb716bf0317c65372ebc9e46cfa233c129,2026-09-11 17:35:50.432132+00:00,H,False,-1.0,6.0,7.25,0.0
11e3836f66ffad9f7abd14f8a22a1f720578a697b22dcac38b7f4e027aff8efd,2026-09-11 17:35:50.432132+00:00,H,True,0.26,1.25,1.26,0.0
b468943eec0190f8e7f68ca61b3b94dbd41a287053d9c5d62c50a02cd00edc02,2026-09-11 17:35:50.432132+00:00,A,True,0.1799999999999999,1.13,1.18,0.0
bce7a8585593ea35656bec2d312b062c6b4368336358270a406d3366d0446e45,2026-09-11 17:35:50.432132+00:00,A,False,-1.0,8.0,8.0,0.0
eaf5de349468b91c0243c3fd4c534ebfb5cfc1aec9ed5f3961272b85736f2528,2026-09-11 17:35:50.432132+00:00,A,False,-1.0,12.0,15.0,0.0
1c0e1509521cac474987d8204006e15b3f917077f03f60b4c3c44e14559e6a25,2026-09-11 17:35:50.432132+00:00,H,False,-1.0,11.0,11.0,0.0
df585c22bc0e2027aab4eecce7d71d7a3c9b5a70062167a45bbb2fb02a9e54a9,2026-09-11 17:35:50.432132+00:00,H,False,-1.0,5.0,5.25,0.0
744b8b01d3d6aba8eb1423591ceb2f4bc688e7cde66769f50d76efe260f519d0,2026-09-11 17:35:50.432132+00:00,H,True,0.29,1.27,1.29,0.0
20b24f40135e963ac1f7e08aba8d9717488b244c74c2b0b5141c02e24d4efd05,2026-09-11 17:35:50.432132+00:00,H,False,-1.0,1.71,1.72,0.0
1efd380be9060ef8f15902d0dfea110e8c2a244af72b6e2f9cfee8884453e6d0,2026-09-11 17:35:50.432132+00:00,H,False,-1.0,3.6,3.6,0.0
913a216eca921492a32616b4207eeb3f93ddb97704df41802f5a295b0673176b,2026-09-11 17:35:50.432132+00:00,H,True,3.75,4.75,4.75,0.0
95a6c917335e171caa5ff3a1a4dbac65c3c0df57b553c4b2922f76e5f9be00a7,2026-09-15 19:39:30.180979+00:00,D,False,-1.0,13.0,15.0,0.0
85dd690cad4295e555d41fb2a25632a309d396bda8972818e2fde189b0ba84fb,2026-09-15 19:39:30.180979+00:00,D,True,7.5,8.0,8.5,0.0
b8e55363d7253b4e4588a2130fcd06a309992dbe2a402205697b3ec0ff4f7c27,2026-09-15 19:39:30.180979+00:00,D,False,-1.0,1.17,1.17,0.0
ab3f3d3f0b90b9d5573c4a1631f7fd86121182b0744fdae8c92d944b001880a8,2026-09-15 19:39:30.180979+00:00,H,False,-1.0,3.2,3.2,0.0
f3ee40e6b8a81fcb009854aecbfc5fd5b72ef8062aed8cfbd0dd46b0c12cd447,2026-09-15 19:39:30.180979+00:00,H,False,-1.0,3.8,4.0,0.0
0c2b1273e318961fe74e2d22ec639f5f755d53b7d4444961fc2cdea33615c685,2026-09-15 19:39:30.180979+00:00,H,True,1.1,2.1,2.1,0.0
06077e804f430c2b0326a478c2b889ff491168c82153103b4127e62f89773f63,2026-09-15 19:39:30.180979+00:00,H,False,-1.0,2.75,2.75,0.0
fc72c0c1cbbdcdc5142b0052b2772325a2ea4eb936ca27e7111ea12d38f0d1bb,2026-09-15 19:39:30.180979+00:00,H,False,-1.0,3.3,3.4,0.0
5c98c57beb3e05300fa6029ea8b338e7a3b1edddb98d49921a500daee2264b7a,2026-09-15 19:39:30.180979+00:00,H,True,1.63,2.63,2.63,0.0
0d0c1e755fc8b005dec3a86a4e304ccc9858b1ab5fde723924a9151616500620,2026-09-15 19:39:30.180979+00:00,D,False,-1.0,2.88,2.95,0.0
01b9945330c6837764b2a70b9dde6d8304df45163c023222105c0d372ceef549,2026-09-15 19:39:30.180979+00:00,D,True,2.4,3.2,3.4,0.0
2c34d2c10ae437ce5eda5eb4f09fc3e151ea2d52009fbfcbc7e08fe8e9016a8f,2026-09-15 19:39:30.180979+00:00,D,False,-1.0,2.55,2.55,0.0
70cc0193a4e8ce8fc4575c551d7cd4407129fe90756131d0c1530d8fc21e0a9e,2026-09-15 19:39:30.180979+00:00,D,False,-1.0,2.75,2.75,0.0
f0d9fdfc38093642ac5ffa5f6feb094ab0925903e009cc3bade7bd7d052af95d,2026-09-15 19:39:30.180979+00:00,D,True,2.4,3.25,3.4,0.0
2def8ad3ffd724b830c6a3149d80a9b388795294b1ac35ab8ab9877e7f16fd9a,2026-09-15 19:39:30.180979+00:00,D,False,-1.0,2.63,2.63,0.0
cd6229f4d281282ccfc0f7b70fbf4f403b5d6f5cd019121d90fe985032a791e2,2026-09-15 19:39:30.180979+00:00,D,False,-1.0,2.55,2.55,0.0
47d1ac162afe756465750f98451dca248d2899932d4a9245e9ee1e5de1e2dfbc,2026-09-15 19:39:30.180979+00:00,D,True,2.75,3.6,3.75,0.0
758027feb2d6b043124961cba27b998b2725487dd0f9d12eac1d23a547f0da19,2026-09-15 19:39:30.180979+00:00,D,False,-1.0,2.55,3.25,0.0
dde1681e7ef50b0dc1140f2c6d27697b6deed13cde58dae107a115ea15496e71,2026-09-15 19:39:30.180979+00:00,A,True,10.5,11.0,11.5,0.0
cf00e44c2ca187d44eb4320a011b7f934ac63a96b930c1b864fec970ab75e358,2026-09-15 19:39:30.180979+00:00,A,False,-1.0,6.5,6.5,0.0
8ec89faaea8e92ec6264718c70c625db8b7f8f0f03df5f7f132be6ea3c3828cd,2026-09-15 19:39:30.180979+00:00,A,False,-1.0,1.19,1.22,0.0
f3d1ae6ce34bf2334866bcc29f596d2d612630d6a996ff2be3a70a49fbae10ea,2026-09-15 19:39:30.180979+00:00,D,False,-1.0,2.7,2.75,0.0
e9cfb65a973fb4366bad5596466747c520f26601323c421b8c3771d3777a2e7f,2026-09-15 19:39:30.180979+00:00,D,True,3.0,4.0,4.0,0.0
fa8c5fffb358e600e3a379e07f73d0c1492a27a681c1411d0b383c98557b33cd,2026-09-15 19:39:30.180979+00:00,D,False,-1.0,2.3,2.3,0.0
6eaa36e6b9cbd68710c2e5c1e9e30c507c4fd6da886cdafb2d7cc9bc9f79599a,2026-09-15 19:39:30.180979+00:00,D,False,-1.0,2.15,2.15,0.0
beeeb5ee2ecb959f45f20e163fc3c7ac8ea360a214a4e4cc5ff123c447eb88d5,2026-09-15 19:39:30.180979+00:00,D,True,3.0,3.75,4.0,0.0
f87dd9a08b075aa755b954c0b3a6c272209c128b3664d39e800ec0c532c1a4a0,2026-09-15 19:39:30.180979+00:00,D,False,-1.0,3.1,3.1,0.0
e2af5f41b2a7442629218556e51f1398d6d30cf8e816161ed38c2a74851a9c7d,2026-09-15 19:39:30.180979+00:00,H,False,-1.0,1.53,1.57,0.0
48c9731d9a90151804b094aa5f85f5d5013a53d686a68cc3b1619b23d53d6037,2026-09-15 19:39:30.180979+00:00,H,False,-1.0,5.0,5.0,0.0
fc576d15591357b19b4370214cc2b8998d58b764de97eb8c8fc50824a8574510,2026-09-15 19:39:30.180979+00:00,H,True,4.25,5.0,5.25,0.0
89c71714889d90c88695b83cc14b9dcd59afc3d85eabc8358549b7aa367b5a95,2026-09-15 19:39:30.180979+00:00,A,True,1.65,2.65,2.65,0.0
fe09265a510d69df0a7c2e4d9f02e1dd2ffd59f645c66c3890e52462d6e6d1f5,2026-09-15 19:39:30.180979+00:00,A,False,-1.0,3.4,3.4,0.0
63f9e75cbd1685ca303d9881d2da1120c663ed04db7e2aa6c4d195678b250a72,2026-09-15 19:39:30.180979+00:00,A,False,-1.0,2.57,2.6,0.0
d91c6d987dd1a4b68857010f7c089448e32569a483cb39c535d5d2bb73df2137,2026-09-15 19:39:30.180979+00:00,A,True,0.26,1.22,1.26,0.0
ce29d835b39399a0a6aa2e19c39c24620454cd87d8cb0f009a64397a12a16588,2026-09-15 19:39:30.180979+00:00,A,False,-1.0,6.0,6.0,0.0
099f7f56181a4e1472489af7f78a0d03217ae02593d0c2ed8394b3d2b0f2712c,2026-09-15 19:39:30.180979+00:00,A,False,-1.0,10.0,11.5,0.0
cd6d2c76add16cf944b221ece4c6b8c8ada961872b2e1be06fcb6f3568a81b1c,2026-09-15 19:39:30.180979+00:00,H,False,-1.0,2.01,2.05,0.0
ee989f4b332c191e431264b4673db53c2d3e8582dd3c87e70d4a47b1992cc386,2026-09-15 19:39:30.180979+00:00,H,False,-1.0,3.4,3.4,0.0
521f451f26593f973ff43d9cf2410844d73d6d51c24d8dcf331bdcd59bb0e9d4,2026-09-15 19:39:30.180979+00:00,H,True,2.7,3.7,3.7,0.0
34b63602fd6e53dadbad79e19ec264373898e91ec9a9d4179618fb083058d803,2026-09-15 19:39:30.180979+00:00,H,False,-1.0,11.0,11.5,0.0
426c036cb5e8bb2b7c67fb6813defe9da998744ca6ce708f6b05f0f6b38450c7,2026-09-15 19:39:30.180979+00:00,H,False,-1.0,7.0,7.0,0.0
5f12dac52a0996860406df8c0677b57b4a04b35c3224fa05ef2cdff97137ee68,2026-09-15 19:39:30.180979+00:00,H,True,0.26,1.22,1.26,0.0
91910c64865c02c9b70d8aed821642f2a4edea2d4b30ee07b40a24ac9f84ea06,2026-09-15 19:39:30.180979+00:00,A,True,0.4399999999999999,1.44,1.44,0.0
e6941e4cb686f4ac9dd353e06ddd69f00fc6c8416ff8e01f63a0c43875804c81,2026-09-15 19:39:30.180979+00:00,A,False,-1.0,5.25,5.25,0.0
1f49b49633e5cb75a92520bf028bf289168acba7ac9caf17aed9530d60b542f7,2026-09-15 19:39:30.180979+00:00,A,False,-1.0,5.75,6.5,0.0
a22838ab00eef7ba29657422fb90ddd33540e34ebc432742c41a5d2d0a934c28,2026-09-15 19:39:30.180979+00:00,A,True,2.25,3.25,3.25,0.0
5aa455a66e3a25b5568af7e1031cd473db04bb0c07fc52d1b3a8cb98fddd1e2c,2026-09-15 19:39:30.180979+00:00,A,False,-1.0,3.4,3.5,0.0
86261d6191057ffbd5c50abf36c83de3098eff2869c774c5847d1ea874e10854,2026-09-15 19:39:30.180979+00:00,A,False,-1.0,2.2,2.25,0.0
33a180b1737fcf909f6531ddf92b37d859e667cac7146b39316823f3a88f1a3a,2026-09-15 19:39:30.180979+00:00,D,False,-1.0,2.7,2.75,0.0
aaeb8044f256a6bf60719ec467a80275a9fb21a4ead0562f51f7f3d142f6acc2,2026-09-15 19:39:30.180979+00:00,D,True,2.75,3.6,3.75,0.0
4bf48aa6f977c73a6461616b137a2b2a75941bcf112076d308eb777556042bc5,2026-09-15 19:39:30.180979+00:00,D,False,-1.0,2.5,2.5,0.0
1b55c40edd24a5bf88f47e1b6e218f1a865ec9e9013b5f2714c9287a30918731,2026-09-15 19:39:30.180979+00:00,D,False,-1.0,11.0,13.0,0.0
dbd79a59156d620b740dbe4ceb67186fea82b2c10db19974af5c22a0cf88a896,2026-09-15 19:39:30.180979+00:00,D,True,6.0,6.5,7.0,0.0
0e00470b9adc4662550bab6a86dc6664d5a2abbbe492df92b1f7b0ef2e245d75,2026-09-15 19:39:30.180979+00:00,D,False,-1.0,1.22,1.23,0.0
3e74eb6a93829b8f371193821a6ab486629d9cedd103be287df60f6ceb636152,2026-09-15 19:39:30.180979+00:00,A,True,3.1,3.9,4.1,0.0
3b720cb9b6e6c66a50f82df1e872e480be4051403b7f8fb3d10649d676daccb5,2026-09-15 19:39:30.180979+00:00,A,False,-1.0,3.8,3.8,0.0
c0bb2108802f4141899829ab884b40ace4f264fdd1724f94399125f57a7466e6,2026-09-15 19:39:30.180979+00:00,A,False,-1.0,1.85,1.88,0.0
96ffe5ca8d3a5068129e1629973d42a8be89aa6803f5a4672254937ccff03a99,2026-09-15 19:39:30.180979+00:00,A,True,0.49,1.48,1.49,0.0
bcae87ed3d1529355b84aeb2db204a4b8b6ffe09454966492505c336840870a3,2026-09-15 19:39:30.180979+00:00,A,False,-1.0,4.1,4.2,0.0
75a28513ec8c052db39f9c7dc5a7f4dc1c5cea04c4232eb9677cd586b4dca038,2026-09-15 19:39:30.180979+00:00,A,False,-1.0,7.5,8.0,0.0
ab82c0ea944ce6d90dfca83845d4b5ce602ac353eea6ff6d6cd347b102c45b93,2026-09-15 19:39:30.180979+00:00,D,False,-1.0,3.6,3.7,0.0
bb3263c383308eb32e934a14b1ea0f1a3c8783951aab1ee35bb85b7244c0bedd,2026-09-15 19:39:30.180979+00:00,D,True,2.6,3.6,3.6,0.0
88c3abf35c98738bfe0a941fd8573ddd2e426677d916bce176ffdcc0ae086c36,2026-09-15 19:39:30.180979+00:00,D,False,-1.0,2.0,2.05,0.0
927bc1ea7aa01530959105c6fe196d5d190b12c1e9a3f14b2305e99c27567337,2026-09-15 19:39:30.180979+00:00,D,False,-1.0,6.25,6.5,0.0
b458b014f6230148ffd34145b1e1abd5a821a42044f505f55d2fa776c4b3f583,2026-09-15 19:39:30.180979+00:00,D,True,4.0,5.0,5.0,0.0
4f479217d169b338ea89a3f15099f73719121fbad3c575c00814729cef2c87f2,2026-09-15 19:39:30.180979+00:00,D,False,-1.0,1.42,1.46,0.0
105c24fe04ed21b95d88e7c7f4759a4f12ed01006029a34ef6765a03f78e9702,2026-09-15 19:39:30.180979+00:00,A,True,1.75,2.7,2.75,0.0
0e9a8445d15893a5969bf8522dc9eaa6284ee007621fa1410f32de2794213c92,2026-09-15 19:39:30.180979+00:00,A,False,-1.0,3.2,3.2,0.0
37c52ff44acc3132d4408fe1089966cb34a97e94a7d82e3be3f0b9aab9fe34be,2026-09-15 19:39:30.180979+00:00,A,False,-1.0,2.57,2.6,0.0
27dc8701195b6258a2c0808d85fbc7bec001fc8234b80ff7d36b1809a45bb12c,2026-09-15 19:39:30.180979+00:00,D,False,-1.0,1.51,1.57,0.0
28c4e9a65b05cc94251e0006ce916432dfb5f1b042a548b75b930724d1129bbe,2026-09-15 19:39:30.180979+00:00,D,True,3.1,4.1,4.1,0.0
6a58737d921fd54fc4ee8db29b1c87e4cb1f281970fc5bc5bca8c52cda66399c,2026-09-15 19:39:30.180979+00:00,D,False,-1.0,6.0,6.0,0.0
346e2e7635c211b05b972659c7eb08884aa27e7053d816db2a889bcd5cb05fa3,2026-09-15 19:39:30.180979+00:00,H,False,-1.0,21.0,21.0,0.0
60807d24ba869255cbaefd88f7f0aca0d16fb93b44f0f522c348eddbb9e4b879,2026-09-15 19:39:30.180979+00:00,H,False,-1.0,7.5,8.25,0.0
fd13c23c5cbaa9d9857ac7f42af783306cf13ca150c4e05f6fbc0675fb3b6585,2026-09-15 19:39:30.180979+00:00,H,True,0.1499999999999999,1.11,1.15,0.0
384bca5fd97dbe9aaf65788645d8fcc78a004219cca9bf57ec34871b5ab60881,2026-09-15 19:39:30.180979+00:00,A,True,1.15,2.1,2.15,0.0
92f1f30b5999e13bbd71f1203b20d97b5b0e2d19855110fb783489c6e099135c,2026-09-15 19:39:30.180979+00:00,A,False,-1.0,3.8,4.0,0.0
77c6641ed2f074c1eb978f2b3f8f30af87582b8fd539596c509ea27a7432d85c,2026-09-15 19:39:30.180979+00:00,A,False,-1.0,3.25,3.25,0.0
d13db9b1ff8b2bde21862e72f3b0700fc8ddbbad8fce2c84a7e5bd921f925477,2026-09-15 19:39:30.180979+00:00,A,True,2.0,3.0,3.0,0.0
543e8f4ccfd788916b242f7d334039ccc37a9666b2d8f71fb7d9c99673428d99,2026-09-15 19:39:30.180979+00:00,A,False,-1.0,3.75,3.75,0.0
d684bde9051a15712c008febfca7d7970cf635818aaca384d4950843b9060bf4,2026-09-15 19:39:30.180979+00:00,A,False,-1.0,2.2,2.25,0.0
872fe25e1d767e1b1e191f1db75e73b3d3238b758f72601b0751de2f87bcb588,2026-09-15 19:39:30.180979+00:00,A,True,0.47,1.45,1.47,0.0
6eca43f9e0bfb56a3776a01e148f9b0d0bec9ed6f306632f56274cc5bf10bdbc,2026-09-15 19:39:30.180979+00:00,A,False,-1.0,5.25,5.25,0.0
e3282b95eb51ee39178e49055e0a9a09f54175bd8dacc09bfd050e64cc81eb5a,2026-09-15 19:39:30.180979+00:00,A,False,-1.0,5.75,6.5,0.0
2af374193ea1ee20a3571f4a25b769ba3a3680fb491d04e82c735b9100dc5304,2026-09-15 19:39:30.180979+00:00,H,False,-1.0,7.5,7.5,0.0
ddf7c25270c7eacdb5a77f02468fc7578c7326a34a142d91133e9ddc8ec33a51,2026-09-15 19:39:30.180979+00:00,H,False,-1.0,4.75,5.0,0.0
8eb5a217ce1a2facfc8326bf818bb569e81fec1f9e83097f552ff10f2c6c2b17,2026-09-15 19:39:30.180979+00:00,H,True,0.4099999999999999,1.4,1.41,0.0
7872f788f3c739b5d9c8be8cf16abc8c7d90db25061be4297067361cd9648dad,2026-09-15 19:39:30.180979+00:00,A,True,0.29,1.27,1.29,0.0
74cdd7990712e450062b68d1ea499b8b3a01cc9fba45b2cac16c5d5fc0bc3d6b,2026-09-15 19:39:30.180979+00:00,A,False,-1.0,5.75,6.0,0.0
77ca5c177d3783b991a5899fee5ded55b1bd38d1b1f257fd7f59951da40efde3,2026-09-15 19:39:30.180979+00:00,A,False,-1.0,11.0,11.0,0.0
7fefc2eee9e1e62bcf7c846f3502645c3d5ff467f2f82cc9dda0d089791ebfa6,2026-09-15 19:39:30.180979+00:00,D,False,-1.0,1.37,1.41,0.0
213f62f4b3e89e1db2b927b4c20abb96b80e457b5d046370a51bef1cdb2a8892,2026-09-15 19:39:30.180979+00:00,D,True,3.5,4.33,4.5,0.0
b04bc4d01f7a268725f030f7cdc2faf316a5f7a3fcc4dd6bb6c3c0dffc68caf4,2026-09-15 19:39:30.180979+00:00,D,False,-1.0,8.5,8.5,0.0
2bfa1a4330683dc1ef12595ac6d377468c2c43c20ff681eda964c5911d92d002,2026-09-15 19:39:30.180979+00:00,D,False,-1.0,3.0,3.0,0.0
29ae75032567e6f4b2e1f9292443f1142a137f25487cd7da474643bbfad59fad,2026-09-15 19:39:30.180979+00:00,D,True,2.2,3.2,3.2,0.0
d4daf6ff63a96b03d31c0498220d543a3960d096d4343d95f55aa32ce1ebeb13,2026-09-15 19:39:30.180979+00:00,D,False,-1.0,2.35,2.4,0.0
a67b0acde277e8fa6fc5cbaab87c42ffaa53e3d5e6f5dc98515686da98228962,2026-09-15 19:39:30.180979+00:00,H,False,-1.0,5.75,6.0,0.0
df012656014b9b42ef60f936780626d3b0422f01b8c818dc429d6236988c62cb,2026-09-15 19:39:30.180979+00:00,H,False,-1.0,4.5,4.5,0.0
a8b15e95483a795d40a3372b7aa2d6ba1fa52967c3e62134beeeef1d1a493fdf,2026-09-15 19:39:30.180979+00:00,H,True,0.5,1.46,1.5,0.0
ee036ea58bbc35f74b25d7542c5dfc303be9c24ae6ae27ce9afc5596b26f19ef,2026-09-15 19:39:30.180979+00:00,H,False,-1.0,9.0,9.5,0.0
acd138ccb35c7c825a9ddd776d845437ba6be5d260b144d0668a5e851ece9000,2026-09-15 19:39:30.180979+00:00,H,False,-1.0,5.0,5.0,0.0
69264509ff74271354bbcb41133a219f943129c0ebe8f91b05fc6d13e06d183b,2026-09-15 19:39:30.180979+00:00,H,True,0.32,1.3,1.32,0.0
e92e0ef3b59afacd45d04f55980448a281ec8e9284cd5d2f9560a428041bb375,2026-09-15 19:39:30.180979+00:00,H,False,-1.0,13.0,13.0,0.0
a4148e8ebc6cbddc82e219130764b38ecc5a22e9463a01e604f3199658049719,2026-09-15 19:39:30.180979+00:00,H,False,-1.0,7.5,8.25,0.0
09889264336a9c039323afa930002f37547905f5294372d8426e3d1eb81a3656,2026-09-15 19:39:30.180979+00:00,H,True,0.1999999999999999,1.18,1.2,0.0
baa11bf0cc2026ee65ee588755b7d131c6e7a0defa4e5fda64db8109c2de4110,2026-09-15 19:39:30.180979+00:00,D,False,-1.0,4.75,4.75,0.0
688f27902f064545ef37452c2f3975bcd6f7f049545eb1e498d4d3c8bdfdff70,2026-09-15 19:39:30.180979+00:00,D,True,3.5,4.5,4.5,0.0
7a233b6693ec33741a646307015e47da35e636fa7460aeb399794a50ce8d9a29,2026-09-15 19:39:30.180979+00:00,D,False,-1.0,1.6,1.65,0.0
bd802c4b230ea8b6287865c742dcce55201a41f5dfc930cdaf4c26178ec51bb2,2026-09-15 19:39:30.180979+00:00,H,False,-1.0,6.5,6.5,0.0
6a0eeceb7905a845dfcf81adb54662d9082f8538a2dcc9d983a93a59b278a8bd,2026-09-15 19:39:30.180979+00:00,H,False,-1.0,4.1,4.5,0.0
7d210593ae349fc989f47c092030710843b0d1916fe87da2e67b5ecc10f3d4f7,2026-09-15 19:39:30.180979+00:00,H,True,0.47,1.46,1.47,0.0
8c15ead2c90a573af24d11cd7c59fb21138db6ffcd75b26a725a07effd665fa1,2026-09-15 19:39:30.180979+00:00,H,False,-1.0,2.85,2.88,0.0
ba9974e3dcd267a431e3e0c5c7daf9c658e6ec10d953af1aa65f082e8b0f8339,2026-09-15 19:39:30.180979+00:00,H,False,-1.0,3.2,3.2,0.0
45e14f15890987d82563add73389ad015813c0f0f98c80f320c2afc880b61dda,2026-09-15 19:39:30.180979+00:00,H,True,1.5,2.4,2.5,0.0
7d553c31ee04ab5e0398c73a03f2d48ec428785d5c476860c226cece69295e48,2026-09-15 19:39:30.180979+00:00,D,False,-1.0,2.45,2.5,0.0
4004aed5dbd13e0fd157f4e083632332fa193a3b11463655e8495d42b5f1baea,2026-09-15 19:39:30.180979+00:00,D,True,2.25,3.25,3.25,0.0
aac6f7091deb4ec5d4502fb9f4aa7ba6952e1638f68ee9128349898541d37dc5,2026-09-15 19:39:30.180979+00:00,D,False,-1.0,2.75,2.75,0.0
bedb40812ecae19dcce22f46127afd8c0fab2363bb242898d92f3fb55dcb63bf,2026-09-15 19:39:30.180979+00:00,H,False,-1.0,2.88,2.88,0.0
be1cf3c717732f9ecf7e9d4f06c63a649380e85c1551249bf6ae0c64c82f0bc2,2026-09-15 19:39:30.180979+00:00,H,False,-1.0,3.5,3.6,0.0
e551f17bfface5a9c65badde3b7eb6338cecf7f1114d8b8f3e81d4ab93480035,2026-09-15 19:39:30.180979+00:00,H,True,1.4,2.38,2.4,0.0
a777eda1136969001f1bd2693a2ff6c1b227f72d9738a150ceb131be081de2ab,2026-09-15 19:39:30.180979+00:00,D,False,-1.0,13.0,15.0,0.0
50104c453658a72a3b17ef6b53043af2adf576fa7a307ea6ebfaf5fdf2b41048,2026-09-15 19:39:30.180979+00:00,D,True,7.5,8.0,8.5,0.0
3afc56f4b70208e66b8f395a0f4ccb3b6c5b0a785b5eabc1c3416b64c4224a37,2026-09-15 19:39:30.180979+00:00,D,False,-1.0,1.17,1.17,0.0
e25454a113eff6904b115a3a7559942d47449244c45a9475c25399688184a39d,2026-09-15 19:39:30.180979+00:00,H,False,-1.0,3.2,3.2,0.0
aacd721c49df847a1e3374f9d5b810c3547d3915df89cb7ec7671472061281a3,2026-09-15 19:39:30.180979+00:00,H,False,-1.0,3.8,4.0,0.0
eefe9cedeff5bf274a8c05292b6d364743a297e6d973e8d5d84fdf18abd67be9,2026-09-15 19:39:30.180979+00:00,H,True,1.1,2.1,2.1,0.0
7972f8e067514cdd21775d10a17fd80d907a7b4d896abe9f98c37f1479c98beb,2026-09-15 19:39:30.180979+00:00,H,False,-1.0,2.75,2.75,0.0
a9f22000cb07abcd9132d4ea25beedc2188f0238f8f7df4873c9eef782f51fd3,2026-09-15 19:39:30.180979+00:00,H,False,-1.0,3.3,3.4,0.0
e23f478959dc725471b92884c6a11efadfcc107dbd14eadb7c8a06d6bd5518d7,2026-09-15 19:39:30.180979+00:00,H,True,1.63,2.63,2.63,0.0
4e0406fa7147eb52b7f1fb23538f9d26ad64562594fb155bb1820edfa828cc56,2026-09-15 19:39:30.180979+00:00,D,False,-1.0,2.88,2.95,0.0
5e94f506495e16e9aff65be544696c8aae1eb8842f5a8190d337f9ec36dad78d,2026-09-15 19:39:30.180979+00:00,D,True,2.4,3.2,3.4,0.0
a64f5a6729128ac8e72acf147980fb64a6d911400911cc1e9f207dc3978fa07c,2026-09-15 19:39:30.180979+00:00,D,False,-1.0,2.55,2.55,0.0
c0401dace52cf7db19599485006d21a14eefe3ce473dfb8f430f3b46a65d1ca3,2026-09-15 19:39:30.180979+00:00,D,False,-1.0,2.75,2.75,0.0
7f9f41cf8ff2f5dcf3702629359bb75d24a831a3aa6c6be81df2f2a4ae2a7c80,2026-09-15 19:39:30.180979+00:00,D,True,2.4,3.25,3.4,0.0
c63ee9da6d53470f8a6484f8ebebd1f56ad8c5732d5c04335d274f778262ecb3,2026-09-15 19:39:30.180979+00:00,D,False,-1.0,2.63,2.63,0.0
5cb06d252f6cdd07daba82f084772a8b5d7e81bf86b7c5bcdc408c366d8577b5,2026-09-15 19:39:30.180979+00:00,D,False,-1.0,2.55,2.55,0.0
391b76ce980d99e852b4497bb4177d18fbe48958d97d02c57f6445c831b18e10,2026-09-15 19:39:30.180979+00:00,D,True,2.75,3.6,3.75,0.0
8545d3e785f77923959640340b2570778ca519a8812b852261451960d4e471cc,2026-09-15 19:39:30.180979+00:00,D,False,-1.0,2.55,3.25,0.0
400fa7306201373d91acb5f02fe3479486cabf4011d44053fe4b397a92f0d189,2026-09-15 19:39:30.180979+00:00,A,True,10.5,11.0,11.5,0.0
285e3fcbc1078633c6cab244d749d3e80c24ef211c7d7ad83b91bd06dbc8849d,2026-09-15 19:39:30.180979+00:00,A,False,-1.0,6.5,6.5,0.0
b302e6a525bb6571e5527b5a15eb9d8ff4a0a9402af1c26aa6fa10d10efa07bd,2026-09-15 19:39:30.180979+00:00,A,False,-1.0,1.19,1.22,0.0
9060005f065ba5afc60b39fb08abd0a292e77d3387002d23a01009db5914eaaa,2026-09-15 19:39:30.180979+00:00,D,False,-1.0,2.7,2.75,0.0
c5b0eac2f51cc776473e2f26f4ddb0b7355cb70a268a61273aa65882c13a0dbe,2026-09-15 19:39:30.180979+00:00,D,True,3.0,4.0,4.0,0.0
d4a09caa6ac17cc57eb1e161b55968576d19e4d0c2ef9edd1a75704595200025,2026-09-15 19:39:30.180979+00:00,D,False,-1.0,2.3,2.3,0.0
949a5143904bf77a064574ff7460574c4d7cccd201ae21b957c5c9910bfb900b,2026-09-15 19:39:30.180979+00:00,D,False,-1.0,2.15,2.15,0.0
3053f128a9a602902b7e1c2b70dfd806b81543eee3e3330ede1508f0735696ec,2026-09-15 19:39:30.180979+00:00,D,True,3.0,3.75,4.0,0.0
4d7d20403470044e69e6c5cee3def7c513e4854d8fdc07e175aaa38ab0202500,2026-09-15 19:39:30.180979+00:00,D,False,-1.0,3.1,3.1,0.0
04e5ceb559108879414845bae02f8b26c0489e7987845eb8471bff38eb5ffdef,2026-09-15 19:39:30.180979+00:00,H,False,-1.0,1.53,1.57,0.0
3da600f9005023d2628ddb4fcd7edad5477915af24bcbddfb73e71ec373c2981,2026-09-15 19:39:30.180979+00:00,H,False,-1.0,5.0,5.0,0.0
f7b8a1f4b9c2a84483a2c19def6d74c09a81917b4b7105a1b8d24759e59d7360,2026-09-15 19:39:30.180979+00:00,H,True,4.25,5.0,5.25,0.0
9d9c3dfeec10f9b127630d30707069dd32bcd7dc5e395279a803e5b7270974af,2026-09-15 19:39:30.180979+00:00,A,True,1.65,2.65,2.65,0.0
12f400a187e9df2c436aae2bf26806490e73e5464970aee2ab28637d80766d61,2026-09-15 19:39:30.180979+00:00,A,False,-1.0,3.4,3.4,0.0
29b9eac49f274cbc72d3d12bf00640f9d2df499a4c3d27f6dd7ac309a59d7e0b,2026-09-15 19:39:30.180979+00:00,A,False,-1.0,2.57,2.6,0.0
039d2d7579820cb6e9d4d7d27cfd994e8330bc3dce8411f72ee9987e02305c1b,2026-09-15 19:39:30.180979+00:00,A,True,0.26,1.22,1.26,0.0
6a57e20ddf960f8e15761b9bcf505c7d7e7f11fcee0368e8eb6b64138bfba279,2026-09-15 19:39:30.180979+00:00,A,False,-1.0,6.0,6.0,0.0
c26c5f36dbffe142f357441a2bfaa66afd39fd625848d577cdcd2f75cbbf83a5,2026-09-15 19:39:30.180979+00:00,A,False,-1.0,10.0,11.5,0.0
a363b40c64c7a035ef2ecf7211c3a6050f5a7ebaa87fc352a6f02912e89b0fca,2026-09-15 19:39:30.180979+00:00,H,False,-1.0,2.01,2.05,0.0
c64e8ba39356d89656169ffb8f75ed2f7cdc43c9a463f7b9fb02de060eb410e6,2026-09-15 19:39:30.180979+00:00,H,False,-1.0,3.4,3.4,0.0
6c9fb1186c109e9c5a0a10e157f98b3f8ae14f1b89c799a20cc02a8c0c0ff691,2026-09-15 19:39:30.180979+00:00,H,True,2.7,3.7,3.7,0.0
b2cb0aec9267b72263c0664a5a8c75c9021550f7eebd6aa08e13b3ee5c6f2d31,2026-09-15 19:39:30.180979+00:00,H,False,-1.0,11.0,11.5,0.0
8c6c91e56b5bf556b200546ad4065ec9c55c27e89bf4cfb5c75aac1298ba4fe5,2026-09-15 19:39:30.180979+00:00,H,False,-1.0,7.0,7.0,0.0
7a21434f7015a3c330c6f189fbe077689fced43b638afc0ca908286b0633516f,2026-09-15 19:39:30.180979+00:00,H,True,0.26,1.22,1.26,0.0
b3d96ff013668a6a112cca32c4ef19e6cbab011cf81394380df1b7502ede2b07,2026-09-15 19:39:30.180979+00:00,A,True,0.4399999999999999,1.44,1.44,0.0
f3f93288c38883692161b1bb6ed4a2be79812ca1bcd52c25d81fec5456e94152,2026-09-15 19:39:30.180979+00:00,A,False,-1.0,5.25,5.25,0.0
7e007cc5ed3ccf0a84bbc38a2c90eff4ba4794594ee69c0f04b5bd59c81a356d,2026-09-15 19:39:30.180979+00:00,A,False,-1.0,5.75,6.5,0.0
cedabf8443e1dd13305e57c49caefef5a814ce099f9d256d3eae96db4f4ea358,2026-09-15 19:39:30.180979+00:00,A,True,2.25,3.25,3.25,0.0
f48d1eb2cc11ac3e80f3f19c3bcc01ccd5328b8cd56528a46986bcf2d09014fe,2026-09-15 19:39:30.180979+00:00,A,False,-1.0,3.4,3.5,0.0
37642b6c98b598daf9bbd486bc25524b720a436b91f8d30a521aca61791e3d98,2026-09-15 19:39:30.180979+00:00,A,False,-1.0,2.2,2.25,0.0
5538d125977ba6eeecceed578dd78d0ea83953f089630a60c79e271dbe83d187,2026-09-15 19:39:30.180979+00:00,D,False,-1.0,2.7,2.75,0.0
a41d6b67958814084e980fb5f919f54e2fce7965f5e745ec1278fefd7ca6b413,2026-09-15 19:39:30.180979+00:00,D,True,2.75,3.6,3.75,0.0
484be3c7590d11656fefb716051e27dd334d108cde8211a791406a585de87620,2026-09-15 19:39:30.180979+00:00,D,False,-1.0,2.5,2.5,0.0
64018fdcb3232b447eadb28458e195f0298a717a3cd26b9e862b2ce9e3535834,2026-09-15 19:39:30.180979+00:00,D,False,-1.0,11.0,13.0,0.0
2a0850e1f19fef478054580692016c77e1488465243d5e1d7ccec1405abf1e72,2026-09-15 19:39:30.180979+00:00,D,True,6.0,6.5,7.0,0.0
62520a26cff0b694434638dd7db9a1c9d483d282c486da8319ea1ef724f99c0b,2026-09-15 19:39:30.180979+00:00,D,False,-1.0,1.22,1.23,0.0
23236f3296da1d07022b94761ad796a6c62339d2b83043a8b69eb215cc312314,2026-09-15 19:39:30.180979+00:00,A,True,3.1,3.9,4.1,0.0
156ea3c10f2c05a26729c564c992b2cf69f9675806b7eba50bd96e12d96a1dc0,2026-09-15 19:39:30.180979+00:00,A,False,-1.0,3.8,3.8,0.0
90a0ed984815264fcc4a54b07a36b2a20f70ae3e4ad6462c548b3090ae64ed75,2026-09-15 19:39:30.180979+00:00,A,False,-1.0,1.85,1.88,0.0
d500c34a134c9ba871221e37f0533582c7427872334b7424a54b7eb43409f412,2026-09-15 19:39:30.180979+00:00,A,True,0.49,1.48,1.49,0.0
f14eb1712e69a9952b2cd1502d97a83b44a5f8d2b7e909995b8e714d7361d866,2026-09-15 19:39:30.180979+00:00,A,False,-1.0,4.1,4.2,0.0
a27ee6f10a2016f9ef7e91217f43c242d1212c3b770cba8b05a9f85432378c17,2026-09-15 19:39:30.180979+00:00,A,False,-1.0,7.5,8.0,0.0
a0bd4d8ecc66273d9657788ff0ceabf8e1018af69003075f8d82e7c5b60b0391,2026-09-15 19:39:30.180979+00:00,D,False,-1.0,3.6,3.7,0.0
4722de75d525be2f8fc45d48d0c29c8219a485cd8bd4377e7b4813919bf3cefc,2026-09-15 19:39:30.180979+00:00,D,True,2.6,3.6,3.6,0.0
47e77758212db344508c43710e82531e5b6761162ee7de9fb9cf9880713bfbe6,2026-09-15 19:39:30.180979+00:00,D,False,-1.0,2.0,2.05,0.0
a22ed9cbcf4ab9e4e9fd2de7ac8cbe0cc5845928e9e261ad89d9b48961109753,2026-09-15 19:39:30.180979+00:00,D,False,-1.0,6.25,6.5,0.0
89d76548ef0839a59490e7c19160ab7ee4aa7435b5e5f527a9d1dc988162f6b0,2026-09-15 19:39:30.180979+00:00,D,True,4.0,5.0,5.0,0.0
cb6383a52a79d2cc5b604057b211f5c6c2cbe01eb9b6291dd75f3c65e9d09fcd,2026-09-15 19:39:30.180979+00:00,D,False,-1.0,1.42,1.46,0.0
e3685bd578e7adc83110b4b7eed2cab051c9a9a117e291e3796ec0354862dd49,2026-09-15 19:39:30.180979+00:00,A,True,1.75,2.7,2.75,0.0
9edf208b8bb3f6a8fe29dca5f0ec73ed38903e5f3112e28a8ee3c2bf6d46dd3b,2026-09-15 19:39:30.180979+00:00,A,False,-1.0,3.2,3.2,0.0
3911c20d60b76b8ee930c34ee1d26850d53409ad4886ef7f4dd9ccc4137a1c09,2026-09-15 19:39:30.180979+00:00,A,False,-1.0,2.57,2.6,0.0
f467c9e5cb0431f910446ca83247b6292e1831ae34d5d19824498f410424861f,2026-09-15 19:39:30.180979+00:00,D,False,-1.0,1.51,1.57,0.0
cfefe9df03d50b809aa084cc555fc07fe0dcaa89a14893760bc1d975c86f5e8f,2026-09-15 19:39:30.180979+00:00,D,True,3.1,4.1,4.1,0.0
bc9c051a1e1318ee3e5dbbf9f66c768bcabe81204f9bb64ff33e35b6a7213318,2026-09-15 19:39:30.180979+00:00,D,False,-1.0,6.0,6.0,0.0
9ae67e7f9ff2b7023e370d7aa7283b8c70ad2015de021a3a2295fde00fcfdf23,2026-09-15 19:39:30.180979+00:00,H,False,-1.0,21.0,21.0,0.0
5fd8906aebf4f774de3c0159e21e0573982acf4643c497c79cb042e3200775ca,2026-09-15 19:39:30.180979+00:00,H,False,-1.0,7.5,8.25,0.0
08552356a8340ff18213d0d7c55f6e1dc132cdf0ea2f06be2589b268cdfd314a,2026-09-15 19:39:30.180979+00:00,H,True,0.1499999999999999,1.11,1.15,0.0
2adf0191d98cb978ff4a8aaf5eb362a66a43591fe749aec7c47397290686a5e4,2026-09-15 19:39:30.180979+00:00,A,True,1.15,2.1,2.15,0.0
126a098f4975f32395c7b8daf939bd198c2dd9e54ce1f8f079d7b6a80a596326,2026-09-15 19:39:30.180979+00:00,A,False,-1.0,3.8,4.0,0.0
dce628ec83f2f74d1a1de77ae7b41157aea38fbcdb072d371b213b5a61c08d02,2026-09-15 19:39:30.180979+00:00,A,False,-1.0,3.25,3.25,0.0
e86c7481890987514de794ee57ed4be43d4ce4a9b6c1072f74bb333abba7622b,2026-09-15 19:39:30.180979+00:00,A,True,2.0,3.0,3.0,0.0
c9eefa9b619b54279abc60796c2cfa08b7ea72715e3b17df889a8badb35e7f2a,2026-09-15 19:39:30.180979+00:00,A,False,-1.0,3.75,3.75,0.0
5b8f93807f00651d6e9346326ee5fd829a8df29894f1cb55bebc4fec76ce0aff,2026-09-15 19:39:30.180979+00:00,A,False,-1.0,2.2,2.25,0.0
aba919a28a21f4d169a21fb9e1b4109b93b3e14257cc9f6294c69d9eba50a5ef,2026-09-15 19:39:30.180979+00:00,A,True,0.47,1.45,1.47,0.0
4322611439c2b47ef249bffd0d40183d47ac1e6b9295780fbccae090ffed878f,2026-09-15 19:39:30.180979+00:00,A,False,-1.0,5.25,5.25,0.0
bb4c42d0b5098be11fa95e69bd87fd2e632f6b6da379438ef96e56009fafc00a,2026-09-15 19:39:30.180979+00:00,A,False,-1.0,5.75,6.5,0.0
d6a44806b90a36a1548d79b0b0e11b4d13838f53fdba3794a2a71a6b2ca7a85b,2026-09-15 19:39:30.180979+00:00,H,False,-1.0,7.5,7.5,0.0
3032f245867c08f9b0f930beb1c6233bba27173e92ce250e1ba0180cac71f7b5,2026-09-15 19:39:30.180979+00:00,H,False,-1.0,4.75,5.0,0.0
e579ed66268e06a0eeb7576221ad9d98625560c569356e56868bfdf9233a3175,2026-09-15 19:39:30.180979+00:00,H,True,0.4099999999999999,1.4,1.41,0.0
8bac020d16ed6c192dd95aca136762b1fa55a808b05655b6679fa2219d50858c,2026-09-15 19:39:30.180979+00:00,A,True,0.29,1.27,1.29,0.0
96ea6d80b290df47e8e4b34997ef4c80dfe58853c7d8d57ff91d456167d63b7d,2026-09-15 19:39:30.180979+00:00,A,False,-1.0,5.75,6.0,0.0
089471376f43cbba6af2b6bab1fd8d67c6a5a89bc229ab108de954ec3c37c4d9,2026-09-15 19:39:30.180979+00:00,A,False,-1.0,11.0,11.0,0.0
6427763536d77377db8fbea95db4da8c1c48153190bc810144e5f83787caf78d,2026-09-15 19:39:30.180979+00:00,D,False,-1.0,1.37,1.41,0.0
f4ffc8dbbf23bb74246788cdc66370d87f615db32def8570fcb3c881984604b4,2026-09-15 19:39:30.180979+00:00,D,True,3.5,4.33,4.5,0.0
67be79e87d5d3dad1f308d2a6a4ef2c8e0ddfc3e52bab8e43734245f43a8e35a,2026-09-15 19:39:30.180979+00:00,D,False,-1.0,8.5,8.5,0.0
fb0a91449e57497e584c5d73b5b9167f03ec366281644b126f58f7d5923387aa,2026-09-15 19:39:30.180979+00:00,D,False,-1.0,3.0,3.0,0.0
eb13e5a1d3a2937fc84d9365b0179d9fbf2e99765b6b90398510482c3708b472,2026-09-15 19:39:30.180979+00:00,D,True,2.2,3.2,3.2,0.0
9677647689ae316148ed9ed41553a47f9ea77080a8f87963041d39919b4963db,2026-09-15 19:39:30.180979+00:00,D,False,-1.0,2.35,2.4,0.0
cfae0e7eeffabbac41b1407522b99e8c2acc21b573c7ffcfd73ad944f6c27b38,2026-09-15 19:39:30.180979+00:00,H,False,-1.0,5.75,6.0,0.0
9ffec3733dce7d4f9295dd1673aeb7d24e7cac871738c36abc1bd91566ab3deb,2026-09-15 19:39:30.180979+00:00,H,False,-1.0,4.5,4.5,0.0
77f20758040cf69e83804e5886968f4348dcb88dc970736265b61bdbcdc9f771,2026-09-15 19:39:30.180979+00:00,H,True,0.5,1.46,1.5,0.0
e4e5b505415952e399bea467a7155b4e84fa0c923c548a4c8d3fe26d9853802a,2026-09-15 19:39:30.180979+00:00,H,False,-1.0,9.0,9.5,0.0
34bca5b421f6d8b14788b7f84f6267b2291a4e4c4fca40ac172e075abece269f,2026-09-15 19:39:30.180979+00:00,H,False,-1.0,5.0,5.0,0.0
efb86d78fc1db7997dfc5fa0c636d042fc2c68094f6d04acd91d491e65e3112d,2026-09-15 19:39:30.180979+00:00,H,True,0.32,1.3,1.32,0.0
84b2a97e477c7ae2135e3a73a33c339e8a0d54fcbb1f14b911d41b1afb84c40a,2026-09-15 19:39:30.180979+00:00,H,False,-1.0,13.0,13.0,0.0
ba42a2697c7df0ac968f2ef883c4668350da5bfa6391b4962e7c18be3f8e9031,2026-09-15 19:39:30.180979+00:00,H,False,-1.0,7.5,8.25,0.0
fa5c71e957ae093a50c1d053b4dec6a14cc76953700d4afd611ff95965addfca,2026-09-15 19:39:30.180979+00:00,H,True,0.1999999999999999,1.18,1.2,0.0
83a7031935038796b4fb41018f63db4df066812afec3e8ba0d51376da864764c,2026-09-15 19:39:30.180979+00:00,D,False,-1.0,4.75,4.75,0.0
ed42b2011534950d92f46f873135b190e4c9e1ccabed57a3d5bc459f521887b1,2026-09-15 19:39:30.180979+00:00,D,True,3.5,4.5,4.5,0.0
fc1e8fcf9b12abb1142222fe79af92534049451ac753125ec75175e84b3af8e6,2026-09-15 19:39:30.180979+00:00,D,False,-1.0,1.6,1.65,0.0
85a1121b6a0947a57d64746eb31dcde5ab220c100b32b457d22f36d75717c6e5,2026-09-15 19:39:30.180979+00:00,H,False,-1.0,6.5,6.5,0.0
7f8ae0ab3fb3880a437197e82ddf43816c1c817f99bfe743f26ba85ae8f8fec4,2026-09-15 19:39:30.180979+00:00,H,False,-1.0,4.1,4.5,0.0
090de091d1276a840b4ede16aa18ff930ebd2d412b5539fe7bd0aeec1225a8b7,2026-09-15 19:39:30.180979+00:00,H,True,0.47,1.46,1.47,0.0
0ed50d334a59a7aa3f2be13f121391dfe95a724a8dff656e960d5aac8a15c5e0,2026-09-15 19:39:30.180979+00:00,H,False,-1.0,2.85,2.88,0.0
8ac9afddf8b796764f4f604fa13c8d753c97bade3217b1b7a8380cc1d959e3d7,2026-09-15 19:39:30.180979+00:00,H,False,-1.0,3.2,3.2,0.0
fb884648d03195d4ddeb633ff9571e92e1bfc208c00eae4dd61b94a03bb16046,2026-09-15 19:39:30.180979+00:00,H,True,1.5,2.4,2.5,0.0
5a228d8b390876031fd3f39a69d2113ad715621e0b0992b39f293c781f49d1da,2026-09-15 19:39:30.180979+00:00,D,False,-1.0,2.45,2.5,0.0
00ce9662eb2a4c7ec6800f8b80677e1d3498bbd82f2fd2f4ec9dc213b09e5aef,2026-09-15 19:39:30.180979+00:00,D,True,2.25,3.25,3.25,0.0
509bf982dcade694a96a79654a7c16de3ba52093c1a65ff947314b1d02ca9c54,2026-09-15 19:39:30.180979+00:00,D,False,-1.0,2.75,2.75,0.0
e98ba66b1e6ba555b3ed2c658f724d33d45c761817a2cb966354475483281aeb,2026-09-15 19:39:30.180979+00:00,H,False,-1.0,2.88,2.88,0.0
5ccdb9d069d4dd43cea12c5343a4c7a43aaf51e0a42e59c5456167adfb8016d4,2026-09-15 19:39:30.180979+00:00,H,False,-1.0,3.5,3.6,0.0
fdaf90cef12b510f84b32efff30ba68e457af0f6c0543fe19551cbe56531a4cf,2026-09-15 19:39:30.180979+00:00,H,True,1.4,2.38,2.4,0.0
1a2206b1fa1eb83471eccfa115d7f0e5bd7d0e066733346144eb96f9ee1fc3c9,2026-09-15 19:39:30.180979+00:00,D,False,-1.0,13.0,15.0,0.0
1e80e0fbc1ab35f0deff968a2d670ac86da7bb740f5c39bcc6ce427c45d1f524,2026-09-15 19:39:30.180979+00:00,D,True,7.5,8.0,8.5,0.0
923db73a592fcec4a1d4a532ecbc637f10d6a2cfae176531bf5c5a331cf34767,2026-09-15 19:39:30.180979+00:00,D,False,-1.0,1.17,1.17,0.0
a67903eadd97a915ca01f91dc0dda57d56556f4e07efe9e442529b2a83c63ee4,2026-09-15 19:39:30.180979+00:00,H,False,-1.0,3.2,3.2,0.0
9ca83f5e998b2711a0ff9db3247400921a83cf1b61c8fa1e8287b359dfb51960,2026-09-15 19:39:30.180979+00:00,H,False,-1.0,3.8,4.0,0.0
4d9eda39623d9daca26d10ab0af9de49d4d5ae4406e6d3a47870c6067b6241bf,2026-09-15 19:39:30.180979+00:00,H,True,1.1,2.1,2.1,0.0
bac341465f6cb762d7d680a90955c4591e4cf166c87748b1515ca19b587bda42,2026-09-15 19:39:30.180979+00:00,H,False,-1.0,2.75,2.75,0.0
c8187f022a026a90d92de2bc657dd7952549ee7c8e665d2cea6a28184f77eb9a,2026-09-15 19:39:30.180979+00:00,H,False,-1.0,3.3,3.4,0.0
86e411268d74a5a36a41e5c716b3c8f4f57d7e1c2028a6c1c79b41144b0274dc,2026-09-15 19:39:30.180979+00:00,H,True,1.63,2.63,2.63,0.0
1456ff640b2d6e1ae0603111595e56f58fac840c000df1169de26a1602260ed7,2026-09-15 19:39:30.180979+00:00,D,False,-1.0,2.88,2.95,0.0
176987d8c9bfcd770bbdce3981d32719f4fdf7b771f68d585d63ffa6c777a910,2026-09-15 19:39:30.180979+00:00,D,True,2.4,3.2,3.4,0.0
270d5f172d7499fe4ae74ec8ba2275dca167cc22a9297531ec07bfd9682f4bf3,2026-09-15 19:39:30.180979+00:00,D,False,-1.0,2.55,2.55,0.0
18c8cce0bb74a8094a465964dd42434c35d1ad2787c091ce616da21d33b68f32,2026-09-15 19:39:30.180979+00:00,D,False,-1.0,2.75,2.75,0.0
1e613ab4f5a6a946bd3080b3b2fad11365bf345ac079fd3d997a3babe56daeba,2026-09-15 19:39:30.180979+00:00,D,True,2.4,3.25,3.4,0.0
77f103e9bea6f37835e2b9cef660bf2a0da676eafbea1b8f7d04e0b0ac993744,2026-09-15 19:39:30.180979+00:00,D,False,-1.0,2.63,2.63,0.0
a84456cb00e8d0fe86f449a455d8c9dd53a1636be16360c1a67bd675eb5134ab,2026-09-15 19:39:30.180979+00:00,D,False,-1.0,2.55,2.55,0.0
299567cc675f7b0a16378cedc4ee67f96c6ca5522830db55b2733ccaca118244,2026-09-15 19:39:30.180979+00:00,D,True,2.75,3.6,3.75,0.0
7caf7fa9a835bdd4c78088d731439b723bc7e5eff1444fa3e87140cb429c6c09,2026-09-15 19:39:30.180979+00:00,D,False,-1.0,2.55,3.25,0.0
f4e1bd66bdea05adc7511d371d00d2a125c75b663a74db868e94e378e3a3a0c1,2026-09-15 19:39:30.180979+00:00,A,True,10.5,11.0,11.5,0.0
8ebdcbe3057867903fd5f8fa7d8f627304639311557b5c00a3a1fea17d31da60,2026-09-15 19:39:30.180979+00:00,A,False,-1.0,6.5,6.5,0.0
eb3038e326ff7221544b3d18d55cb5fd5ece278aa3c2a46f4d69a3e7f9440aff,2026-09-15 19:39:30.180979+00:00,A,False,-1.0,1.19,1.22,0.0
ddcc1183ce80bf695bdf5fe9e55369fb62a05d0cb11dcc094ba36b5efbbc1f2e,2026-09-15 19:39:30.180979+00:00,D,False,-1.0,2.7,2.75,0.0
c177969eb9c24a3c5d0798e662c3761719fe927bf4a5e6c862eafe1925c8aef7,2026-09-15 19:39:30.180979+00:00,D,True,3.0,4.0,4.0,0.0
72eb42441e17b1ce159e574a43bdc26448942b3058cdab73329edb11ecc31897,2026-09-15 19:39:30.180979+00:00,D,False,-1.0,2.3,2.3,0.0
2a02e3e631bcbcf0b679d4b31e0e86b33fb6d44c5ae13e114428f693229f9700,2026-09-15 19:39:30.180979+00:00,D,False,-1.0,2.15,2.15,0.0
0a9498b3523a9fcf4730f6d9596f2e7aeead50b780ca57a9444d47ae7b6693b0,2026-09-15 19:39:30.180979+00:00,D,True,3.0,3.75,4.0,0.0
e76db9902863fb79fb365fa1bb31511b6eb9e3e813e1302471b4ddbb49406bed,2026-09-15 19:39:30.180979+00:00,D,False,-1.0,3.1,3.1,0.0
f7880df9759845b631ec21ef4a21db3e92406210707736c8f8212462d94f1b89,2026-09-15 19:39:30.180979+00:00,H,False,-1.0,1.53,1.57,0.0
52bde67a86a4174811327ebc8e7e8a73f4aa7b41a1f938617f6c31b5421bbb6f,2026-09-15 19:39:30.180979+00:00,H,False,-1.0,5.0,5.0,0.0
66ade652dffb22bd2f5016f42c40d12ff0479b609158806e0655db77ebc710a7,2026-09-15 19:39:30.180979+00:00,H,True,4.25,5.0,5.25,0.0
42298572addb4e84f0924d1f940d5e60c9fbb97ce14d7ac86cb15f8720442362,2026-09-15 19:39:30.180979+00:00,A,True,1.65,2.65,2.65,0.0
97f6f835c1839684e723ed9e03a5b88838e234ebd4d69771afbb3a0f207713a9,2026-09-15 19:39:30.180979+00:00,A,False,-1.0,3.4,3.4,0.0
ecaf0e198eb8c32fdfe35f7d8801c51daacdd1d11b25943bcf50d8ac3fc04566,2026-09-15 19:39:30.180979+00:00,A,False,-1.0,2.57,2.6,0.0
5e68a852e3b053b7e2d543afcd9e3fcda73a150ef2eba1fcba99fa24dc68d412,2026-09-15 19:39:30.180979+00:00,A,True,0.26,1.22,1.26,0.0
468383f4641dd8313dd1894a5cc726a1a6b198f724700d9450b6af25d4a4c070,2026-09-15 19:39:30.180979+00:00,A,False,-1.0,6.0,6.0,0.0
ed92e703ed11c3d4d34ba410ec67d181425f8846efe35ddacdea3995c91fe1d1,2026-09-15 19:39:30.180979+00:00,A,False,-1.0,10.0,11.5,0.0
bdacfdb4b7f448e9230c5a7ec7d79b438f6706a31bf97a33e5915c305b2d65e0,2026-09-15 19:39:30.180979+00:00,H,False,-1.0,2.01,2.05,0.0
d4c44542cf9644db8a5cda720ab6bde4cd3d782ad2c52a126c13781c9f2a5831,2026-09-15 19:39:30.180979+00:00,H,False,-1.0,3.4,3.4,0.0
95901fe73f531d242be188590e81fe2c2fb8d5571565cec210ddc09a9e80f678,2026-09-15 19:39:30.180979+00:00,H,True,2.7,3.7,3.7,0.0
c241f8b4c10680b1f2be3dbeffd4c93d4800ef248fb8f8696e8860ed21b734c5,2026-09-15 19:39:30.180979+00:00,H,False,-1.0,11.0,11.5,0.0
67784dbf56053c75889cec552bbf349b275194ff558f58863597a1614873c505,2026-09-15 19:39:30.180979+00:00,H,False,-1.0,7.0,7.0,0.0
f6b0704138cfc9a80b3ddc981c94848317b59900dc6ad68f3b446adae1adc80d,2026-09-15 19:39:30.180979+00:00,H,True,0.26,1.22,1.26,0.0
39336737965795fd18369c9b9d9f2d38bc47761ca55f51d9283f1d66fb92bc5c,2026-09-15 19:39:30.180979+00:00,A,True,0.4399999999999999,1.44,1.44,0.0
b89c404d04b698329001ce4b2e4858d2a5a41243ba2ecfa3639cc3506180de5d,2026-09-15 19:39:30.180979+00:00,A,False,-1.0,5.25,5.25,0.0
011a14871df556b1daf47e5ca19c6968a2a0758d46736741a560e6c41ce0f5f0,2026-09-15 19:39:30.180979+00:00,A,False,-1.0,5.75,6.5,0.0
46584bedcfa8ca71d0b653b22715d2e95c156a6960bd3edd30134d59ddfbb50a,2026-09-15 19:39:30.180979+00:00,A,True,2.25,3.25,3.25,0.0
a783307eff676ec586b5136f26d1fb5163dcf463b4aefb7b0b8cf75240045ba1,2026-09-15 19:39:30.180979+00:00,A,False,-1.0,3.4,3.5,0.0
6ce199d82889a60d1d0f7a9443d50894d5076bd5104b471857380b2ecf83a0c9,2026-09-15 19:39:30.180979+00:00,A,False,-1.0,2.2,2.25,0.0
af561a14ce9515121282ac955d593cc07d9dc363a8b3773ab2d1b52be85c2dd8,2026-09-15 19:39:30.180979+00:00,D,False,-1.0,2.7,2.75,0.0
b901411fceff1faa4248d0c575deaec81293e13c854803a165730e5ac0323104,2026-09-15 19:39:30.180979+00:00,D,True,2.75,3.6,3.75,0.0
89eb0152369de798d0ef163e0787453bd212c221ddbac027d80c0f7835301f35,2026-09-15 19:39:30.180979+00:00,D,False,-1.0,2.5,2.5,0.0
c5a700bab04a2938f0f72d200f4a1f5688bc47b1d858837eca854f02b181987c,2026-09-15 19:39:30.180979+00:00,D,False,-1.0,11.0,13.0,0.0
55d69732786933d9b56d90664aac8fe91387254918f358728f462cc48c44ff8a,2026-09-15 19:39:30.180979+00:00,D,True,6.0,6.5,7.0,0.0
5dc4285638452a2946b95eb857a72b6af4f7491bccce4e6b940c87f0b774d987,2026-09-15 19:39:30.180979+00:00,D,False,-1.0,1.22,1.23,0.0
a361980264ed6ecbe73c04cc214fddb1b84a5d587558fd601e2a9a9c3dcdb4f2,2026-09-15 19:39:30.180979+00:00,A,True,3.1,3.9,4.1,0.0
2df8edf6f98b96fcbf125543d9738cda629e1a761a1928f1059dad39da7dc42c,2026-09-15 19:39:30.180979+00:00,A,False,-1.0,3.8,3.8,0.0
f0688542048782e4be08b5a9050cca38196b79f85050a87626ac27338d868539,2026-09-15 19:39:30.180979+00:00,A,False,-1.0,1.85,1.88,0.0
2e9a1da31ae88ab0395a6b7921e646d6297a9557eeacb156a90651858c730c8d,2026-09-15 19:39:30.180979+00:00,A,True,0.49,1.48,1.49,0.0
f6ee66a5313cf489a481dd8f5e3a4b13e9e03161d7e50fd0b005897546b501e1,2026-09-15 19:39:30.180979+00:00,A,False,-1.0,4.1,4.2,0.0
e82438bbef6a0e25c56e17e980808e138357089a4b919c81552af6ac1a717f2c,2026-09-15 19:39:30.180979+00:00,A,False,-1.0,7.5,8.0,0.0
e487ceddf0b1bd49ddded74590306edaaba45aec132928852c1e98f177d1fcd5,2026-09-15 19:39:30.180979+00:00,D,False,-1.0,3.6,3.7,0.0
d0aba074d214451a9bfe0e3652f7f382eb8859febce85e89b07acb48f1523da0,2026-09-15 19:39:30.180979+00:00,D,True,2.6,3.6,3.6,0.0
0aca71b678e1650b70e5738307b10e6e6b77cf286fc78be98a3fb9f872d99c24,2026-09-15 19:39:30.180979+00:00,D,False,-1.0,2.0,2.05,0.0
5b17de298429ba0a53db669ca78967806bdea27291c9157e3a525922b784819b,2026-09-15 19:39:30.180979+00:00,D,False,-1.0,6.25,6.5,0.0
1d8460bac875924966e089636eb4e3f3f1d61b8725eb79ddb4f6134060456ea7,2026-09-15 19:39:30.180979+00:00,D,True,4.0,5.0,5.0,0.0
301fb17aae2cc498e0d8cfdb018d67704fc4b6f0301b517320d712879b8b5a90,2026-09-15 19:39:30.180979+00:00,D,False,-1.0,1.42,1.46,0.0
2d12d8618dedd4af150c435a64d087dc2654675db7bbf8d204d211180107eb71,2026-09-15 19:39:30.180979+00:00,A,True,1.75,2.7,2.75,0.0
6bbe8e28afab30bccd851c7df0faca22d7ee5808404a223bb6870d57304127e2,2026-09-15 19:39:30.180979+00:00,A,False,-1.0,3.2,3.2,0.0
42de26ccdf9e37f23f651cee8310209a94db59c22788f732a137332341819e31,2026-09-15 19:39:30.180979+00:00,A,False,-1.0,2.57,2.6,0.0
da99c6f59382cd7aa511cd74e5878901b49ba1e0f6f65494f9fa73e2a87c67b1,2026-09-15 19:39:30.180979+00:00,D,False,-1.0,1.51,1.57,0.0
efb8496194fb900b09d39c8c19c1562d59146bc165c45f733a9e53f80cac7780,2026-09-15 19:39:30.180979+00:00,D,True,3.1,4.1,4.1,0.0
42806a0929891420e3cddc828940253889086cb8b2e6ceab7c4cad1951f62318,2026-09-15 19:39:30.180979+00:00,D,False,-1.0,6.0,6.0,0.0
3a605bbce942894c5e353c8bbd67bbb61ed6a6ee84aeddcb3107146cf7abed84,2026-09-15 19:39:30.180979+00:00,H,False,-1.0,21.0,21.0,0.0
c3ab13dd8cdecbf12b6fe1a020f599b4c1f250ed04145454d2376a5b84230fcb,2026-09-15 19:39:30.180979+00:00,H,False,-1.0,7.5,8.25,0.0
11bb127f3214205f6d933287b56a488a1d5cf58474a24965f88018dcc76d09c9,2026-09-15 19:39:30.180979+00:00,H,True,0.1499999999999999,1.11,1.15,0.0
80657c1f97804ad44a68340514c85564ce0a00eba8e063bcbf5d59d9bfd2b445,2026-09-15 19:39:30.180979+00:00,A,True,1.15,2.1,2.15,0.0
f316f00c16d63618fccc72aa5eecbc53c764d32ca0936b5f174e86fd85f7732b,2026-09-15 19:39:30.180979+00:00,A,False,-1.0,3.8,4.0,0.0
5f5dc6e5c54f58285ded7e50f21450c899ee7a9ca71c6636f9e956c45786ab27,2026-09-15 19:39:30.180979+00:00,A,False,-1.0,3.25,3.25,0.0
7e80852935bc25708c4e86d553c33881fb46ce60776fa98e4ddcda146bb8c0a9,2026-09-15 19:39:30.180979+00:00,A,True,2.0,3.0,3.0,0.0
f7468163ff71d74623289f04c9bd4d3ce2160474cba2df0c6db11f06b803129d,2026-09-15 19:39:30.180979+00:00,A,False,-1.0,3.75,3.75,0.0
6501a71f35831a2f4c1af8185f3a282e3c4236e66f0cf315cb9e5d108665ef6b,2026-09-15 19:39:30.180979+00:00,A,False,-1.0,2.2,2.25,0.0
0b5b9ce5523b4b6a61c49845d2f81d41c84083c181a040e1e0a6b02cd4992e39,2026-09-15 19:39:30.180979+00:00,A,True,0.47,1.45,1.47,0.0
15952e466f6bda3d7a4cdf9fd435970b196d6f71d92f9fb4941197946101cc12,2026-09-15 19:39:30.180979+00:00,A,False,-1.0,5.25,5.25,0.0
c874bfd9d7fe2d59d904bb471dec4570c4153749caff15dfc2ab79525b8d293b,2026-09-15 19:39:30.180979+00:00,A,False,-1.0,5.75,6.5,0.0
c76b64a3cb223a69360d9fe2d6c3edb28f04a9d6497e026773ebba78352c9675,2026-09-15 19:39:30.180979+00:00,H,False,-1.0,7.5,7.5,0.0
cee363e569b9b638f18b61e99fc33e1955d2e94f34b6b9a7367ab2e5d9689a35,2026-09-15 19:39:30.180979+00:00,H,False,-1.0,4.75,5.0,0.0
9ae5b55943b9935b72b392777a94f942e6b5512f7c5983a0b0aba6c80c31e4b5,2026-09-15 19:39:30.180979+00:00,H,True,0.4099999999999999,1.4,1.41,0.0
86a330b4ac4b7f6c65eb5fc25db7b30adc941b9c5b01ca9808b7af5aa4247d4e,2026-09-15 19:39:30.180979+00:00,A,True,0.29,1.27,1.29,0.0
b4a0fc2885f77d4cb390f8a38b29503b19a41ab47d48c916f5df85eda2f9d361,2026-09-15 19:39:30.180979+00:00,A,False,-1.0,5.75,6.0,0.0
72b5aafcc334cd6fd89f432c2662486700296a44adb6d6b39e2bacd3d17cb844,2026-09-15 19:39:30.180979+00:00,A,False,-1.0,11.0,11.0,0.0
adb768f16bcf53a1dc6511b572b42c4d70117da73f2d3c530303deadb2ff2a21,2026-09-15 19:39:30.180979+00:00,D,False,-1.0,1.37,1.41,0.0
874f875cab6d27a5facb9b6565094814e91259d7c047aa491f7825582edc73c6,2026-09-15 19:39:30.180979+00:00,D,True,3.5,4.33,4.5,0.0
06738d22aa8bfab1c77f4c881c2f574e66a247f5b44130268c63a866ea18b3af,2026-09-15 19:39:30.180979+00:00,D,False,-1.0,8.5,8.5,0.0
2093c0bec424d3fd91584b11d198c6e1879159f4c9864b6b6c6ac8c14ba1c5c9,2026-09-15 19:39:30.180979+00:00,D,False,-1.0,3.0,3.0,0.0
ee978f9b429ee92d8dd6a46a9b4198d8900f5d677912f9303b022497f63622dc,2026-09-15 19:39:30.180979+00:00,D,True,2.2,3.2,3.2,0.0
18b3a637b276d2af6ccf05f8bd8a8e2d09f9de2efd02b8bd0028fd1f3b03519d,2026-09-15 19:39:30.180979+00:00,D,False,-1.0,2.35,2.4,0.0
3a4f7a8a51bcd9947bb3ed61e2f08d217490e948b378cc2a8469147087e5e061,2026-09-15 19:39:30.180979+00:00,H,False,-1.0,5.75,6.0,0.0
c23d96855986fcc6d84f2d1f173de2bab5faf686b037c37adf27a4a3a3926efd,2026-09-15 19:39:30.180979+00:00,H,False,-1.0,4.5,4.5,0.0
f4773f175cb90e9be26f0595c6c8a9e9183bb9d3014455b19a6c69413c841a5d,2026-09-15 19:39:30.180979+00:00,H,True,0.5,1.46,1.5,0.0
57bbd0c018c97bf6284daaf0b5bdef160479a5b774cd096ea23f896b254e8254,2026-09-15 19:39:30.180979+00:00,H,False,-1.0,9.0,9.5,0.0
97ce3963aafc2b18e3dea4213acb8b16d00bb3ea0f929f7956518e18a51982e4,2026-09-15 19:39:30.180979+00:00,H,False,-1.0,5.0,5.0,0.0
c6bc5861c3b7d83e59a45d8d10bb72aff91a2da841ffb0627751f45fc61b73ac,2026-09-15 19:39:30.180979+00:00,H,True,0.32,1.3,1.32,0.0
94d395d699f67f0e463bad49443f8e2090f300e3465cda68f3a18bba37d7c13a,2026-09-15 19:39:30.180979+00:00,H,False,-1.0,13.0,13.0,0.0
e34010db46014ef49f75c87ea775402fb06d8ca6da0fe31f8c759973df963230,2026-09-15 19:39:30.180979+00:00,H,False,-1.0,7.5,8.25,0.0
faed8fbbdb12d450ca165136fa6fd5936868120b260ffc0ef29c6b4bbec2738e,2026-09-15 19:39:30.180979+00:00,H,True,0.1999999999999999,1.18,1.2,0.0
83c7b92b2a421bf6bbdcf5d62fa052f7a65f8a72b157f89eeaf99db5460cc2a8,2026-09-15 19:39:30.180979+00:00,D,False,-1.0,4.75,4.75,0.0
6bde2a4c3f297da0eebe224ef09b76e845a12ec909fdbe5cc0a41dfc6e6c3718,2026-09-15 19:39:30.180979+00:00,D,True,3.5,4.5,4.5,0.0
bdd0c60c15dc8aa09fd3d78651ef771537ed839812b0dc3d1ef34d773d4cc904,2026-09-15 19:39:30.180979+00:00,D,False,-1.0,1.6,1.65,0.0
91e589c4ccc14b11d197e633eae1014145593b46f41d9ba89f36eef67abdfc39,2026-09-15 19:39:30.180979+00:00,H,False,-1.0,6.5,6.5,0.0
9a6d717c09334fb3b28dc06e6ef27c0a3671b9fde9c8699e3a4c3aac7ec99c5e,2026-09-15 19:39:30.180979+00:00,H,False,-1.0,4.1,4.5,0.0
1419934030ea2b9724a804226479099750b63f54028bc708b4b59cbe61074e60,2026-09-15 19:39:30.180979+00:00,H,True,0.47,1.46,1.47,0.0
1b142173bfbd2ca6b773fe28c5d57dfa4cbc8befab9e760bd6935e263414f67e,2026-09-15 19:39:30.180979+00:00,H,False,-1.0,2.85,2.88,0.0
8dc23f117cb3ef2fbc8d4cf41b4985b3b2224c808e0a2f830b77c9a72920e234,2026-09-15 19:39:30.180979+00:00,H,False,-1.0,3.2,3.2,0.0
7c271db1225334ee096f8eeb201858f09f957d2576b7e1397ea36e4f1501ec2d,2026-09-15 19:39:30.180979+00:00,H,True,1.5,2.4,2.5,0.0
6f226c00bfbe99ea594e34eef344dfaa7055731e35a9b45dc085b9dd8794fce2,2026-09-15 19:39:30.180979+00:00,D,False,-1.0,2.45,2.5,0.0
d6f7d88ddc212665de8cc2e46f983a044001ad7782dda3181f57aa346b475c32,2026-09-15 19:39:30.180979+00:00,D,True,2.25,3.25,3.25,0.0
64d79052f3e28f1a6a81a867b43d21df73e3fa734d149ad7809432997338adeb,2026-09-15 19:39:30.180979+00:00,D,False,-1.0,2.75,2.75,0.0
3e3a68f2b4c765e8bf142613dc1c670a57bf2240f14e82a2552b946934f51ff2,2026-09-15 19:39:30.180979+00:00,H,False,-1.0,2.88,2.88,0.0
e63741413d125dea62deb669f6804fadbaf1266eb84dbc597b4fa1dd61cc2dca,2026-09-15 19:39:30.180979+00:00,H,False,-1.0,3.5,3.6,0.0
7d03874654a68c53798c4ad7dc912c66fdaa13451736ff0edbed939978f55fc5,2026-09-15 19:39:30.180979+00:00,H,True,1.4,2.38,2.4,0.0
0eaca0a54e11babc31ee11951838f5e3e8d5cefea6ec3aea2847b4fe26b4fe56,2026-09-15 19:39:30.180979+00:00,D,False,-1.0,13.0,15.0,0.0
fef0b0186b1d62547835af4aed7a477c010c386b0444103fcad60431bebebb4b,2026-09-15 19:39:30.180979+00:00,D,True,7.5,8.0,8.5,0.0
43742384a46c5dd1370d94dc2aa168c40f888dee6b0385a5a96bccbe94359b52,2026-09-15 19:39:30.180979+00:00,D,False,-1.0,1.17,1.17,0.0
108244ff1950098b4a8cf2b4c704626e9f198f9277bd72a42896bd0ddbe3e524,2026-09-15 19:39:30.180979+00:00,H,False,-1.0,3.2,3.2,0.0
c0c4473b6adab7b730caee580e5b29a8fa86682a66cd6b3aafeb9f1b90ee4eeb,2026-09-15 19:39:30.180979+00:00,H,False,-1.0,3.8,4.0,0.0
a7d6b01cd0dee8937c011191fa4aacdce2a9ceeb06bd0158edd8e1d254fbff28,2026-09-15 19:39:30.180979+00:00,H,True,1.1,2.1,2.1,0.0
dc96d31732bc0fa03f3f4f110195a00573d1e47a3cefa392c7c9af26d9f48aec,2026-09-15 19:39:30.180979+00:00,H,False,-1.0,2.75,2.75,0.0
88e5812b29bc17125cc9f1fa4cd408304cab488d0000b785686bc266d37d2463,2026-09-15 19:39:30.180979+00:00,H,False,-1.0,3.3,3.4,0.0
29e90d3e31e780f5d51b61b6b97bb808d82fc5cfb054a4ad860cdada4310eb5b,2026-09-15 19:39:30.180979+00:00,H,True,1.63,2.63,2.63,0.0
fc17282a29ccba38373b43533f409cf9abc04fab7dfc1a8145728b99cb679a01,2026-09-15 19:39:30.180979+00:00,D,False,-1.0,2.88,2.95,0.0
0a9e7f01f33f14ccc70e3a56dd4c1eee5a75a97abfc92390b9976f55e1175d0e,2026-09-15 19:39:30.180979+00:00,D,True,2.4,3.2,3.4,0.0
d9d67453de6a05f02705eadc923c593179c910a6e95a9f696a0ecebe83183ec5,2026-09-15 19:39:30.180979+00:00,D,False,-1.0,2.55,2.55,0.0
63e83ceefe48cf6820972465e6e3070f635c228bdf6b11f6fd3a347acd4e4968,2026-09-15 19:39:30.180979+00:00,D,False,-1.0,2.75,2.75,0.0
f6003bcba7d137e261e02510beff61af85f6591001f140a203b3d738e7ef0e79,2026-09-15 19:39:30.180979+00:00,D,True,2.4,3.25,3.4,0.0
fc3045c0be95b8149c9d959d9caf28fefede25ab9e13b26f382a519f939e0501,2026-09-15 19:39:30.180979+00:00,D,False,-1.0,2.63,2.63,0.0
8b70973e0f189faad6a6cecff350c4e9d4c30af7e83b9420d12fae4c3db1fde2,2026-09-15 19:39:30.180979+00:00,D,False,-1.0,2.55,2.55,0.0
984fff9af4b14e8bb3a2f93500fa8e37014f91b5cf57bcdd3e672e5224f2b7aa,2026-09-15 19:39:30.180979+00:00,D,True,2.75,3.6,3.75,0.0
aecb855fe9ccb699f9605404517ea9e1409d9faef928396b583a9fdf5d10fc04,2026-09-15 19:39:30.180979+00:00,D,False,-1.0,2.55,3.25,0.0
751c3b231c0770d5165122c94adb07e2734dc50d8067f00e0aeb933462f9f044,2026-09-15 19:39:30.180979+00:00,A,True,10.5,11.0,11.5,0.0
11f6f5f1e699418e1c4da850414d57da716f456952df28fca252950d8a53b3d0,2026-09-15 19:39:30.180979+00:00,A,False,-1.0,6.5,6.5,0.0
d56f554f9dc2c86ecec21643e552fd96c646206246a327dd64e0d1455b811a09,2026-09-15 19:39:30.180979+00:00,A,False,-1.0,1.19,1.22,0.0
6e407d1999aa66dbce9edcb78f2e47c993940c1e494edc8fd07b993eb86a6587,2026-09-15 19:39:30.180979+00:00,D,False,-1.0,2.7,2.75,0.0
83536562b0917f8e84d810464a35ff2f9703b147fa6660f94e6f5dec395f5844,2026-09-15 19:39:30.180979+00:00,D,True,3.0,4.0,4.0,0.0
b5301f33117d90f290d52ceb0689c04db4b380db9b001a9bb1099ae91ee4b85b,2026-09-15 19:39:30.180979+00:00,D,False,-1.0,2.3,2.3,0.0
6e2d6303464cc3f0d985a6c6a7321f209429d7dbad1a44cb24b2ceab88a38416,2026-09-15 19:39:30.180979+00:00,D,False,-1.0,2.15,2.15,0.0
38d052f728c02ea0d8145fcb76cd78d98f27aa964400030ee56031efe4881c31,2026-09-15 19:39:30.180979+00:00,D,True,3.0,3.75,4.0,0.0
92fb77988a6ae13a6bd44e03195104a119d880168c9aadd24b84eb1b50835d6d,2026-09-15 19:39:30.180979+00:00,D,False,-1.0,3.1,3.1,0.0
4d6c33bc8fe010a4767d910bb03abce4bef20c221724388ab8121513d287f1ea,2026-09-15 19:39:30.180979+00:00,H,False,-1.0,1.53,1.57,0.0
ce0c2ce2bc558ead95fb87bacc6100ad9762428f427b2942a3ac866c0ab804dd,2026-09-15 19:39:30.180979+00:00,H,False,-1.0,5.0,5.0,0.0
e9cdbb3410c70b716a07d53fe948f7ef6b556342210d782afe97ac15181ad94c,2026-09-15 19:39:30.180979+00:00,H,True,4.25,5.0,5.25,0.0
c8c9ba343466a610d95dc84d9e37d74c6cc3f7a9b4445aa97451df63e298ea60,2026-09-15 19:39:30.180979+00:00,A,True,1.65,2.65,2.65,0.0
f8a9e34ecd7ea36431c40ae2d2086402760b27caa2a4c07cafe6abc899162261,2026-09-15 19:39:30.180979+00:00,A,False,-1.0,3.4,3.4,0.0
64fcf042db1662125e8ab146089634f3ea97c0b6156182123df5dd482bcf4f0f,2026-09-15 19:39:30.180979+00:00,A,False,-1.0,2.57,2.6,0.0
ba4a4a1fd72edc2661e641d90c00aebecea4d9b74d932eb8d4b55c9a80da4014,2026-09-15 19:39:30.180979+00:00,A,True,0.26,1.22,1.26,0.0
9a97004d07426c77f8a00c7496021ef8ef1aa88a41ff9252889158988e92f735,2026-09-15 19:39:30.180979+00:00,A,False,-1.0,6.0,6.0,0.0
f851083f62596a78a7b96cc661dd829e7187b4d28ffa936abe3085a198592b45,2026-09-15 19:39:30.180979+00:00,A,False,-1.0,10.0,11.5,0.0
e834d4aca79f7779c2d2ab1daff23fbaaa656d86f11e2daa82bab32dc603943b,2026-09-15 19:39:30.180979+00:00,H,False,-1.0,2.01,2.05,0.0
5b36daded953c1dc52f771e9148bc4b56c65ed7abfda716749875709d191265e,2026-09-15 19:39:30.180979+00:00,H,False,-1.0,3.4,3.4,0.0
7b3db169faf961eb2e7a1d7b78214bbab9968cba82628252a65128f3a59e0c91,2026-09-15 19:39:30.180979+00:00,H,True,2.7,3.7,3.7,0.0
aa5c98b709f2f2fd1aa90c5b00c68e33a43bbf3937d77cdf1cc7332a2d188615,2026-09-15 19:39:30.180979+00:00,H,False,-1.0,11.0,11.5,0.0
605a92f4990e60d0ee4c82467a5b86fccd5ed326f786cd94bd238f59193b9a69,2026-09-15 19:39:30.180979+00:00,H,False,-1.0,7.0,7.0,0.0
7e904ae923d4fda6a05604049c6eb4d38e49a83db8164ffa9fb5d6b56aaadd72,2026-09-15 19:39:30.180979+00:00,H,True,0.26,1.22,1.26,0.0
79fdb7d6fdaaa9477ab51a07e583aa9f9a65812e01d54acc9839401359a126fb,2026-09-15 19:39:30.180979+00:00,A,True,0.4399999999999999,1.44,1.44,0.0
baaa30efb3ad7b17c520dee024ca1216c230f2a029e37f341ec3f6a646c9d4a8,2026-09-15 19:39:30.180979+00:00,A,False,-1.0,5.25,5.25,0.0
72738c39d78fa6707c5789b953e3c815109c221bd6935e53d6a1ac149f5847ca,2026-09-15 19:39:30.180979+00:00,A,False,-1.0,5.75,6.5,0.0
8ca5519c0affcf6f83fc8ec116516e8c021918689b17893125df539233857927,2026-09-15 19:39:30.180979+00:00,A,True,2.25,3.25,3.25,0.0
aa8d9e5988c41e048d9f8b07b384990ef791f0431fe01e006157d6119443bdb4,2026-09-15 19:39:30.180979+00:00,A,False,-1.0,3.4,3.5,0.0
80a3a0baa04b54ddacc7fc7c36933d013cd0342ba147111c92247758f69b416c,2026-09-15 19:39:30.180979+00:00,A,False,-1.0,2.2,2.25,0.0
5fde660fef1d0af2194e71b8df21a6d3208889f898d474aab14d692fcaa6c562,2026-09-15 19:39:30.180979+00:00,D,False,-1.0,2.7,2.75,0.0
07d9ec2de793b8626d9dbd1d49c088aeb437f5cc1a53db883868065cdaac50cb,2026-09-15 19:39:30.180979+00:00,D,True,2.75,3.6,3.75,0.0
a79907aa828101285c369d44c284d8cd5cde9ef812ce77c204f7a7593f52d224,2026-09-15 19:39:30.180979+00:00,D,False,-1.0,2.5,2.5,0.0
fe5a3fb25a67fa799d0ccb20087022f5ca8d44920d133e5499b0da6b0094baad,2026-09-15 19:39:30.180979+00:00,D,False,-1.0,11.0,13.0,0.0
6b3d51273941ad91c9f6550448a0c83752b4cfcea143bbb85dbb74bf16ad9967,2026-09-15 19:39:30.180979+00:00,D,True,6.0,6.5,7.0,0.0
5b392e86a543db1b7c43d111c0cdbc929afb5b8362489aaf1035f24c6ce3644d,2026-09-15 19:39:30.180979+00:00,D,False,-1.0,1.22,1.23,0.0
b4f4fbd51029f59b55e5bc38d232c8e81ab30e9b11cbd4d0a1711f3c2db615f6,2026-09-15 19:39:30.180979+00:00,A,True,3.1,3.9,4.1,0.0
7a3e2987b0be1e2aea7b7def4dbcda8678d235eee7361c9ec474d25b525ad755,2026-09-15 19:39:30.180979+00:00,A,False,-1.0,3.8,3.8,0.0
d5536d90acf363b618db264173668f199a0dc115d0a3cbc0542e8e0ec17c585f,2026-09-15 19:39:30.180979+00:00,A,False,-1.0,1.85,1.88,0.0
db455bbe5cb3c497fafad73576fd6c35c61ddbf5d1dfe55a6338c9129cece894,2026-09-15 19:39:30.180979+00:00,A,True,0.49,1.48,1.49,0.0
8db95cbb49ca80171dd4f19c31ca2a2aedf8d23b0f828024d20fa814015ce9aa,2026-09-15 19:39:30.180979+00:00,A,False,-1.0,4.1,4.2,0.0
61df17ca38a8e51282204c2c9d46ef203179daeec5635c966273bee6f035bcba,2026-09-15 19:39:30.180979+00:00,A,False,-1.0,7.5,8.0,0.0
f1a653a724a09da6c0dd7ae7f74be624f0c3ab3172e890f1d3d747e86ed8ff0c,2026-09-15 19:39:30.180979+00:00,D,False,-1.0,3.6,3.7,0.0
6bd93f3ad53d0b08f2f704269e23b5a9ffbc51343a72e8ce4e9f20ec3d8e88dd,2026-09-15 19:39:30.180979+00:00,D,True,2.6,3.6,3.6,0.0
d80742e680d90f269f5568001c40f1e3c1ebd622ab6d1607e5ab394eb407e451,2026-09-15 19:39:30.180979+00:00,D,False,-1.0,2.0,2.05,0.0
d3c38b2d9a847bc868b6ebd8d2f4765adf22f28711eedaa3b06078c13d676d8b,2026-09-15 19:39:30.180979+00:00,D,False,-1.0,6.25,6.5,0.0
10ce6eeeca8a7a783c25bde9b82f7950f705d4af64a24bc9815ca221ef3fe76b,2026-09-15 19:39:30.180979+00:00,D,True,4.0,5.0,5.0,0.0
c2f2f818a24aaca7ead133bd4a184c11fc3d703d922dd1669274698dc1179b74,2026-09-15 19:39:30.180979+00:00,D,False,-1.0,1.42,1.46,0.0
dc2cf3f2b786421747c1f562171782e30473cfc33ecfba14c8234cf2e0f754a8,2026-09-15 19:39:30.180979+00:00,A,True,1.75,2.7,2.75,0.0
4e51709d879f8f81a055d515d3ac1d6caf454fe83ba47a7384f18f0439093f76,2026-09-15 19:39:30.180979+00:00,A,False,-1.0,3.2,3.2,0.0
3bc1674d2e5d11354d5601af0773e8e21ae29c70c3e6584a61a445107a42ac4e,2026-09-15 19:39:30.180979+00:00,A,False,-1.0,2.57,2.6,0.0
68474b5ac75673e3822ab441746362732b6ac8d485ecda455ff9f0d185caaa7d,2026-09-15 19:39:30.180979+00:00,D,False,-1.0,1.51,1.57,0.0
9eb5b4fd8ac46d12599dc6fc4d9773d955b5e10e99bee9d4fb283da503b794ac,2026-09-15 19:39:30.180979+00:00,D,True,3.1,4.1,4.1,0.0
b6bb6ae9f1cb4e8e3ec1e7539942bb95834585d1154650676124a2d0007986f2,2026-09-15 19:39:30.180979+00:00,D,False,-1.0,6.0,6.0,0.0
6c4736693db79a893b81c4bdc00c77107deffef682feb72949db52b231c5c07f,2026-09-15 19:39:30.180979+00:00,H,False,-1.0,21.0,21.0,0.0
822ef05e80e5fd948a5ece08576cf6429d93975789147dbefac8b0139b3d9f08,2026-09-15 19:39:30.180979+00:00,H,False,-1.0,7.5,8.25,0.0
808257394f596ec0bf1c6089a520a656a09b05a2585c76cf2a006b57ebc0f08a,2026-09-15 19:39:30.180979+00:00,H,True,0.1499999999999999,1.11,1.15,0.0
b9ed6e7e1e1a543b9290898a4ea6bc84cadb5a9402abc374c436dde3129671d0,2026-09-15 19:39:30.180979+00:00,A,True,1.15,2.1,2.15,0.0
566e30bb45d66b3606c7290d28934f38f13b0878ddd174d0a711cbbb63d5c8ed,2026-09-15 19:39:30.180979+00:00,A,False,-1.0,3.8,4.0,0.0
66610fecc08609b2c30dfed3ab16e18cc7415eea5dad6c9f3ed7a526e6e01418,2026-09-15 19:39:30.180979+00:00,A,False,-1.0,3.25,3.25,0.0
3b4bd2f9ee4822f59739a7b2d69950962e5fbf773d18a332e576fe0c6637e5f8,2026-09-15 19:39:30.180979+00:00,A,True,2.0,3.0,3.0,0.0
41b9d3e15007c0baa35e06d7373682b6603285915f1cdb9aed9f07f12ae3d6c8,2026-09-15 19:39:30.180979+00:00,A,False,-1.0,3.75,3.75,0.0
dbdde4206e34cc2010fdd9f4d9c6baeffb1b004e67bab663fc10ae49600db3ef,2026-09-15 19:39:30.180979+00:00,A,False,-1.0,2.2,2.25,0.0
131043a026f95cfa0fee04b6ddb81bf77f69f0b5f3a6cd644bcabc3e4224d30c,2026-09-15 19:39:30.180979+00:00,A,True,0.47,1.45,1.47,0.0
b23d0a1e25a24cfbd1cd87e6c1c6792b529a02f23baccc57bc3bbfbf174e092c,2026-09-15 19:39:30.180979+00:00,A,False,-1.0,5.25,5.25,0.0
873d0a913e37a3cd6e0115a48492aa977bf4940fa665bd84a82300bc2279ce1a,2026-09-15 19:39:30.180979+00:00,A,False,-1.0,5.75,6.5,0.0
74259ab72b7e9ec97d85c099972916bd4d2e6e37bba4507f40559385c572f27e,2026-09-15 19:39:30.180979+00:00,H,False,-1.0,7.5,7.5,0.0
d6cf850d63f10982e672f682002edf93e1f7e6517cec6036b9755a828e94aa56,2026-09-15 19:39:30.180979+00:00,H,False,-1.0,4.75,5.0,0.0
1a11cd7c39909ac58a3955fc958cba8599c0d8aeb06966cdc9740ce38f568b23,2026-09-15 19:39:30.180979+00:00,H,True,0.4099999999999999,1.4,1.41,0.0
58c4d1900d92591c6d736134e1f5d96e02eaa90f4b478ad2ff8e835e8080c053,2026-09-15 19:39:30.180979+00:00,A,True,0.29,1.27,1.29,0.0
351acd7ee28c3da23b6fabb4a028cfbadd9a4323ada89c31dbaf9a63a11ded81,2026-09-15 19:39:30.180979+00:00,A,False,-1.0,5.75,6.0,0.0
c5c04adc6ee9648088a118e955bda70b7d0ded065bd0a4064ffafc9c5d4165e2,2026-09-15 19:39:30.180979+00:00,A,False,-1.0,11.0,11.0,0.0
fb32f027e50d35e22c261acbbd18c6105e8d81424ac4cf5f1ee103908bbc1528,2026-09-15 19:39:30.180979+00:00,D,False,-1.0,1.37,1.41,0.0
721ca6ddb6983b8d4fe5d672b71c207a382a4882f98ea18d6c19191291dbdc63,2026-09-15 19:39:30.180979+00:00,D,True,3.5,4.33,4.5,0.0
8f27e09c285c3617e930e6285dd1276dcf6d4ca9675dac9dbc92caa8ed2107cf,2026-09-15 19:39:30.180979+00:00,D,False,-1.0,8.5,8.5,0.0
a6f9f817934dc433a14f34897bda70224096bfc99b08a35cebe1454228f92b71,2026-09-15 19:39:30.180979+00:00,D,False,-1.0,3.0,3.0,0.0
c4be3bb43dd704b96a9f8742ea9e1b38dd659bd8b32f7cb6c3e42dc94041967e,2026-09-15 19:39:30.180979+00:00,D,True,2.2,3.2,3.2,0.0
d57dd65d68b556af4937d6680c42d500cb229ccff53aaf8359d633a1a0446d21,2026-09-15 19:39:30.180979+00:00,D,False,-1.0,2.35,2.4,0.0
82ad4fd299aba7b7eb999d3aff121874c93a1be106158fb88435f231e7205701,2026-09-15 19:39:30.180979+00:00,H,False,-1.0,5.75,6.0,0.0
092b0ddd0265ea3324b78ccda7f603482f69ab78fb56d37a579dc467e729cfdf,2026-09-15 19:39:30.180979+00:00,H,False,-1.0,4.5,4.5,0.0
b8652a94b0ca0d96a78dc16c2c152cf1e1b43a017ca091ffb0072e92daa9fbd0,2026-09-15 19:39:30.180979+00:00,H,True,0.5,1.46,1.5,0.0
04d459f6ffbb9819ad280881f54c949373e8840dd66b32475fa9d4b7e6f02b90,2026-09-15 19:39:30.180979+00:00,H,False,-1.0,9.0,9.5,0.0
ab1fc04e5d3bb946aff8f3aab07ae4557ea926ef8e12750df63fcbcd93c22174,2026-09-15 19:39:30.180979+00:00,H,False,-1.0,5.0,5.0,0.0
c13249941bc3286cbb4c5b5aa93a2ec766ab5c500ea410b652f90576889b1e20,2026-09-15 19:39:30.180979+00:00,H,True,0.32,1.3,1.32,0.0
6db30d2d1be11033491d240bb8d6f047cbff5cf75acd6c41fc66ae57255ce757,2026-09-15 19:39:30.180979+00:00,H,False,-1.0,13.0,13.0,0.0
12f35030c8024102ec93b89261e98f3e41805e4515f2ee797e088fe40258f357,2026-09-15 19:39:30.180979+00:00,H,False,-1.0,7.5,8.25,0.0
6b15f1c79f8e40231e37fb37715e369cf599addd17db0838a72a5054fa80df2a,2026-09-15 19:39:30.180979+00:00,H,True,0.1999999999999999,1.18,1.2,0.0
898e04877675b3ebd7e920d9a6716b037a915c00cdf94879379c896e63feb0fa,2026-09-15 19:39:30.180979+00:00,D,False,-1.0,4.75,4.75,0.0
c304458efad250b0ee4a06f3bcb76cec08675eef0268b11e1b2642820df43242,2026-09-15 19:39:30.180979+00:00,D,True,3.5,4.5,4.5,0.0
35526920b8ba0c31138c96498fe830fa262c03a63583d260654ff72eb7ed8d08,2026-09-15 19:39:30.180979+00:00,D,False,-1.0,1.6,1.65,0.0
723cac14903228b07ecbbee80cd898a0234aa585adba7a6983b878be14411efd,2026-09-15 19:39:30.180979+00:00,H,False,-1.0,6.5,6.5,0.0
91c409221a5815c67992d1ae0eff18ba02078104b2068e0680466ec1f28f0ae1,2026-09-15 19:39:30.180979+00:00,H,False,-1.0,4.1,4.5,0.0
a1d9efa1f8e523f62fe29a368f3083104cc7a068da0c4cf51c8428c22a47fcc9,2026-09-15 19:39:30.180979+00:00,H,True,0.47,1.46,1.47,0.0
9a5a215b6f202d30e454da562885f7aed1660668d12a29cd365bba9d6da0d4e3,2026-09-15 19:39:30.180979+00:00,H,False,-1.0,2.85,2.88,0.0
db8e0f546e58ab9fe2f9bea7412e3afde4cd245b6370996d3a4e3b513bb28675,2026-09-15 19:39:30.180979+00:00,H,False,-1.0,3.2,3.2,0.0
159d5fa654b1b0de7b1c192226d43f21deaa306ada0ccecc8012e89ae31cf3d9,2026-09-15 19:39:30.180979+00:00,H,True,1.5,2.4,2.5,0.0
4b3a410c0cde2cfa3bb8d6a25e64b0da91a49477c3f523bdf8f7c0d8b3022728,2026-09-15 19:39:30.180979+00:00,D,False,-1.0,2.45,2.5,0.0
aaf51b55e3ec42a3e3e013837982127c3dc522ffa68f148394a5bd5e03ed9f12,2026-09-15 19:39:30.180979+00:00,D,True,2.25,3.25,3.25,0.0
2cd7a366bf253436a798113db07f167de6b7727d95390a9e9916eafeee4e316d,2026-09-15 19:39:30.180979+00:00,D,False,-1.0,2.75,2.75,0.0
7954647cb4dc0d35ac495e4306e4383c254a44ecd53cc01b1e2664d4dc174238,2026-09-15 19:39:30.180979+00:00,H,False,-1.0,2.88,2.88,0.0
d40cd54ead390f9c37f207f14c89d78adf1d1e4428604695c03c7459222c8dbf,2026-09-15 19:39:30.180979+00:00,H,False,-1.0,3.5,3.6,0.0
380633655754d1f77c533ee40298bfc40fcb56432a20baf2eb99191402784fab,2026-09-15 19:39:30.180979+00:00,H,True,1.4,2.38,2.4,0.0
62e65024f8e9c95ad75e60e4ad00ae9be9c888ac92d2e6cf928175f196394149,2026-09-15 19:39:30.180979+00:00,D,False,-1.0,13.0,15.0,0.0
4d6e0d2d86fae2abcd04ec45c5e294398bec65475c7c175b681970bf6cc48d4a,2026-09-15 19:39:30.180979+00:00,D,True,7.5,8.0,8.5,0.0
e1ba8877c6c02581d017ced3d5b3132e34293968fd2ecc4c119c6870ddfa48db,2026-09-15 19:39:30.180979+00:00,D,False,-1.0,1.17,1.17,0.0
5fc428cec1c00b222bbd7db6b3c01c540162b3a04a3034e9d19ca66dfa6552f1,2026-09-15 19:39:30.180979+00:00,H,False,-1.0,3.2,3.2,0.0
3006848d7d730888129bbae312e36c60053fb47e4f13df23d3945997e9ec7acb,2026-09-15 19:39:30.180979+00:00,H,False,-1.0,3.8,4.0,0.0
147510d44fed95f0db84fbcec7b5c1cc5e9116923c816e8c744898f5216952a9,2026-09-15 19:39:30.180979+00:00,H,True,1.1,2.1,2.1,0.0
659b2f598b9537d139b0957d6b6d3b6090b551900c273a1ecb0efe4ed50b823d,2026-09-15 19:39:30.180979+00:00,H,False,-1.0,2.75,2.75,0.0
1ee347cc098fb76c17d1efe92de7e8bb8ab6b51e04827cfc9040939f404c1d39,2026-09-15 19:39:30.180979+00:00,H,False,-1.0,3.3,3.4,0.0
3cd9dde190eaf65a56a3f07826ad5fffe64578f6ecc9187850b7e8635bf7f843,2026-09-15 19:39:30.180979+00:00,H,True,1.63,2.63,2.63,0.0
f6669699b92a77f339a54e4730676310f02de1732e2f39109f415e1cf7025189,2026-09-15 19:39:30.180979+00:00,D,False,-1.0,2.88,2.95,0.0
b4d4eb98aaff0d661396a0fb513cf6b5d723cb97aae73648388f561caa58027b,2026-09-15 19:39:30.180979+00:00,D,True,2.4,3.2,3.4,0.0
7835e0f0cc63010b671ce0de25f348913120e944d83f171ff5de7c13d1cfa007,2026-09-15 19:39:30.180979+00:00,D,False,-1.0,2.55,2.55,0.0
b635efcb17a073df810250bc53f2a3a28825bbf6a89553782add20e53f1f00ad,2026-09-15 19:39:30.180979+00:00,D,False,-1.0,2.75,2.75,0.0
292c2badf0c15b3d35fa730a7c9aec5e9b92cbe7565c69dcd0b82f3361d7a0e8,2026-09-15 19:39:30.180979+00:00,D,True,2.4,3.25,3.4,0.0
f3e33240f3899ff3f03279fd9356088a1713a0f8d6e032b0f5905ebeefdeeb8f,2026-09-15 19:39:30.180979+00:00,D,False,-1.0,2.63,2.63,0.0
21dc2736c7befcfd01a8505580e445e4d91988dffda90c5edd311c2317e7373c,2026-09-15 19:39:30.180979+00:00,D,False,-1.0,2.55,2.55,0.0
a947f7035963bcfc12c1ada84e4080450107e3a0b4c97b0e4c2161adfda44e1c,2026-09-15 19:39:30.180979+00:00,D,True,2.75,3.6,3.75,0.0
f5a936d149cf82e061a0fe412a1e91c1e58f21cc1a831877b77629fd0d1da210,2026-09-15 19:39:30.180979+00:00,D,False,-1.0,2.55,3.25,0.0
3426ba28056966c0c53846f71abeb1a2450784d584487cf152cec66cb79ea5d1,2026-09-15 19:39:30.180979+00:00,A,True,10.5,11.0,11.5,0.0
07fbbc9a69846b16004b1b071445a0c70b3b55ccfac5a110d4969d8aefd938de,2026-09-15 19:39:30.180979+00:00,A,False,-1.0,6.5,6.5,0.0
49ed23608b216f39d89d3291db818d636d02b22df55a0b3c2375b472004ae1b4,2026-09-15 19:39:30.180979+00:00,A,False,-1.0,1.19,1.22,0.0
c9841dd378eb5d1e6f1995941a83bf5679d3e4aa224fe84900e305584fe824e6,2026-09-15 19:39:30.180979+00:00,D,False,-1.0,2.7,2.75,0.0
17133486890ba05dcb93e3cc7b757f7a967c7fb17f7c9b0ff970fa087410963a,2026-09-15 19:39:30.180979+00:00,D,True,3.0,4.0,4.0,0.0
570f8099199205c91a1eff2abfc040031bac3b6afbfacd2b8cc94e06775df21b,2026-09-15 19:39:30.180979+00:00,D,False,-1.0,2.3,2.3,0.0
e359db1612203283685e873a7b951adfcee5ca013f215763d33c3522245123c5,2026-09-15 19:39:30.180979+00:00,D,False,-1.0,2.15,2.15,0.0
93466264ba22154fd97653ae06f284eb417e5da8e8ca246e25b4926ce879f94a,2026-09-15 19:39:30.180979+00:00,D,True,3.0,3.75,4.0,0.0
fb577acffde449dadd0a9f0ceb54a3d068891d922d99bf7eb5194ce390cd84c5,2026-09-15 19:39:30.180979+00:00,D,False,-1.0,3.1,3.1,0.0
5787058a322bb1ad65131733388a4a4608026eec5814a9f70bdb4cc8b4c981b4,2026-09-15 19:39:30.180979+00:00,H,False,-1.0,1.53,1.57,0.0
e5194755c8b7c0a3e97b0168d62a063999746f81f859bd86b055b6aeb93b4167,2026-09-15 19:39:30.180979+00:00,H,False,-1.0,5.0,5.0,0.0
2215b1e255a7ca8c7566a4c04e104932c490154490bcd80484d96c3823e7cde4,2026-09-15 19:39:30.180979+00:00,H,True,4.25,5.0,5.25,0.0
2a499981d39e9f00029b6a25171f0975439672339f6e72fa04100fd0f90b7b73,2026-09-15 19:39:30.180979+00:00,A,True,1.65,2.65,2.65,0.0
9442220f737bb0210e37eaca2f7e59000a59fa06fda8e6bef88c8d4e5494804a,2026-09-15 19:39:30.180979+00:00,A,False,-1.0,3.4,3.4,0.0
28958caa64224ff25d58e07ff97a0063f40f0068af37eab56b0eefaa6d543fea,2026-09-15 19:39:30.180979+00:00,A,False,-1.0,2.57,2.6,0.0
f7cc02f7af917e72dfbbd2f39974ac13ea16af63ee35dfa3cab0d9c8000157e1,2026-09-15 19:39:30.180979+00:00,A,True,0.26,1.22,1.26,0.0
6584f4566c389a64d2e15ae6ad2fe9fe9b5721f43d40521bd6d4f12fb783a022,2026-09-15 19:39:30.180979+00:00,A,False,-1.0,6.0,6.0,0.0
53a68c5aafd167f30d8dd8b1ddbe289d21eabea48987975cbafbd4a3ebe0409f,2026-09-15 19:39:30.180979+00:00,A,False,-1.0,10.0,11.5,0.0
58a8b44149fe419763b31de677f93c88f08044eec4aea30024a2a477b81efca8,2026-09-15 19:39:30.180979+00:00,H,False,-1.0,2.01,2.05,0.0
06c999d93383052cc30f9bb90f710537069c1e862e1be31f285948f451fd0ae2,2026-09-15 19:39:30.180979+00:00,H,False,-1.0,3.4,3.4,0.0
6793e4f1a95b3d8ce52b57442f772ed8bf232401133e03acb0ee2a69a7d78cb4,2026-09-15 19:39:30.180979+00:00,H,True,2.7,3.7,3.7,0.0
4c1754bd5a3e2b1f692e640a70efdd3760470cbeb673dd8d2566cbd5bdcb7b95,2026-09-15 19:39:30.180979+00:00,H,False,-1.0,11.0,11.5,0.0
0d554a33104b455d0ffcf581df26826d7ce3600f28cf1204ff111ac04b3bea66,2026-09-15 19:39:30.180979+00:00,H,False,-1.0,7.0,7.0,0.0
707437182d633fa103cbded06120b15e2bd6ec5a99563c29e3d55b49e6adf111,2026-09-15 19:39:30.180979+00:00,H,True,0.26,1.22,1.26,0.0
b12f30711662725e215f40f9f4b8cdb883413667b78b97817b291ce4d80c6ecf,2026-09-15 19:39:30.180979+00:00,A,True,0.4399999999999999,1.44,1.44,0.0
76abcc9911a3c400bf3917fd0d948cc980df12859671fd3dfbef5cd15a425c46,2026-09-15 19:39:30.180979+00:00,A,False,-1.0,5.25,5.25,0.0
d83bc19f3cee9c4b8aae37358b897d51e0c762a01716a1dc371699dc0530cea7,2026-09-15 19:39:30.180979+00:00,A,False,-1.0,5.75,6.5,0.0
797cb21b07bccd5b0331f1eb7da011b1111d5621adb7c98fa2fe40ea5c443ba6,2026-09-15 19:39:30.180979+00:00,A,True,2.25,3.25,3.25,0.0
f76ad6c819da2216e6f4779a75eff01742a1b1d7b83560c49fa52fa83b451d39,2026-09-15 19:39:30.180979+00:00,A,False,-1.0,3.4,3.5,0.0
90f1311837283a73d79419b489f713b9e862c13dd1ee3e65780b79b985e26198,2026-09-15 19:39:30.180979+00:00,A,False,-1.0,2.2,2.25,0.0
0b5a229dbc12d84d0a002a1047d45f2f2205095c530150009a9b5833d77a76df,2026-09-15 19:39:30.180979+00:00,D,False,-1.0,2.7,2.75,0.0
a6e32c5c501181b043a59bc5ee297025d99b323fa9ceeea7ccf1c2686e751fe3,2026-09-15 19:39:30.180979+00:00,D,True,2.75,3.6,3.75,0.0
1f036dd9c5c105903c83de3b2e51fd91ae98cee3a9e87e189ff44eaf47077765,2026-09-15 19:39:30.180979+00:00,D,False,-1.0,2.5,2.5,0.0
9446b899fb0313009c2f1847555e24c06bcb1f3388c52857ad087ea0d43e7625,2026-09-15 19:39:30.180979+00:00,D,False,-1.0,11.0,13.0,0.0
5c9f19214d51ec1c5da4b87322e67b1ca12c83a6bbdb8fe7fb3f31d19049d053,2026-09-15 19:39:30.180979+00:00,D,True,6.0,6.5,7.0,0.0
7881e77a30bd1e5cdd399b6f94ad740302168cef2b84a4edd36b6e4af78a82a3,2026-09-15 19:39:30.180979+00:00,D,False,-1.0,1.22,1.23,0.0
25d443fe1898b649ebfae60e81da7ad5b283308a7236a3042c134b3dc318a8da,2026-09-15 19:39:30.180979+00:00,A,True,3.1,3.9,4.1,0.0
ec74d7f5542296b2d8bfa33471d52fdf0a01460800e0376bf3b3ae5789bfb4ec,2026-09-15 19:39:30.180979+00:00,A,False,-1.0,3.8,3.8,0.0
09523e2da6097c4802b09583a17b93e6a13c58fd6de3623907d4e2113315a91a,2026-09-15 19:39:30.180979+00:00,A,False,-1.0,1.85,1.88,0.0
38405d40f0b3ddd71b830e2ea10aa639e35830c243f8c312a89bb2801ce411fd,2026-09-15 19:39:30.180979+00:00,A,True,0.49,1.48,1.49,0.0
b2949d5dc028f7986a165024a0d21ac072f85d6493347097836fe82513065396,2026-09-15 19:39:30.180979+00:00,A,False,-1.0,4.1,4.2,0.0
275321cfe828ca2933c67ccecc67f25aa3cb6259a5bf1256de331dd3f685bb71,2026-09-15 19:39:30.180979+00:00,A,False,-1.0,7.5,8.0,0.0
5bc27e3808c9c558779e53d5c7c151e4c0125d8bc19c12ba31d14f232f73ca8d,2026-09-15 19:39:30.180979+00:00,D,False,-1.0,3.6,3.7,0.0
bb52ea8fac1e1e0b75972ddad8db56221b22b57490c8987d37c9c8aa729d3c2e,2026-09-15 19:39:30.180979+00:00,D,True,2.6,3.6,3.6,0.0
edea992b07111c5da3b8b20a29f417d7e671d8a386a7fc20d9f59e83550367cf,2026-09-15 19:39:30.180979+00:00,D,False,-1.0,2.0,2.05,0.0
d1580e8b35e06675dd84d606a5b1a816f2846aaf8d976092773339f9aa89dd6a,2026-09-15 19:39:30.180979+00:00,D,False,-1.0,6.25,6.5,0.0
2fbe8feb1bf34afb863a86c8a8acd37500a1da72607bf081f2755d77f9e76fbf,2026-09-15 19:39:30.180979+00:00,D,True,4.0,5.0,5.0,0.0
b3c41d245421a98599007813a51ff8edd99e213e4f428cbd46c34b2e321758ae,2026-09-15 19:39:30.180979+00:00,D,False,-1.0,1.42,1.46,0.0
07c4345cb098126b8e9228ee338e09c79da38065d9235ca8439bdb9944089f30,2026-09-15 19:39:30.180979+00:00,A,True,1.75,2.7,2.75,0.0
f4ee5ec1de1d34da8b029920e4fb693ad21ab1c55ce6914024f177164214b44d,2026-09-15 19:39:30.180979+00:00,A,False,-1.0,3.2,3.2,0.0
d5eb6f8e871902f4986f33c52270336968b2101763d3ff92cddd0d0a0dece728,2026-09-15 19:39:30.180979+00:00,A,False,-1.0,2.57,2.6,0.0
3a9cef808efb1592aff1d85a2fea0273aaae9361d68225069b5c2d999fce1149,2026-09-15 19:39:30.180979+00:00,D,False,-1.0,1.51,1.57,0.0
cbcd84227436cc4cf4426283304e747cdddcb35435df26b488a60aa48a3510aa,2026-09-15 19:39:30.180979+00:00,D,True,3.1,4.1,4.1,0.0
346eb639d71ff01a81f83752c5fd1b9a6c49be4bb6ffd8b965075dc2a7cc8d57,2026-09-15 19:39:30.180979+00:00,D,False,-1.0,6.0,6.0,0.0
be65053df48192a80483961095cb09823275e8540b03c44400ea9e2c64e0fd6d,2026-09-15 19:39:30.180979+00:00,H,False,-1.0,21.0,21.0,0.0
2ba9e8368fcf08aad3910873554a0f4034ed4a5caa47784618f8488bca821af1,2026-09-15 19:39:30.180979+00:00,H,False,-1.0,7.5,8.25,0.0
22cb9437989b9a9946ae2333482b0503bd529ca09e387a3740cfc09238afa671,2026-09-15 19:39:30.180979+00:00,H,True,0.1499999999999999,1.11,1.15,0.0
9ebc7b10449652c97f5fb8592f599de4f5707606bc2d70158a1b52b4c8f3a4a3,2026-09-15 19:39:30.180979+00:00,A,True,1.15,2.1,2.15,0.0
85f1823ca57fc5cbba0ac59af06083253b1e808cdec1ba59c6edad0c3d9371f9,2026-09-15 19:39:30.180979+00:00,A,False,-1.0,3.8,4.0,0.0
f8c738e9b75f318e274ac1e3dad78b02d422e494738e7a02e3ac946f710647e9,2026-09-15 19:39:30.180979+00:00,A,False,-1.0,3.25,3.25,0.0
6f179a9bdbae2f133c8995e8f90248f3bc1c163d923557ee4d0af5d9d0274924,2026-09-15 19:39:30.180979+00:00,A,True,2.0,3.0,3.0,0.0
e8aae07102be40c2839a3d925470b7a1fa0fc6f772b9b531fe799ac51391d9d1,2026-09-15 19:39:30.180979+00:00,A,False,-1.0,3.75,3.75,0.0
c2011ee484c94d2051d3571646afb76bff5ecd09fe57297fe36c1b2141c4ba75,2026-09-15 19:39:30.180979+00:00,A,False,-1.0,2.2,2.25,0.0
8d8ea10edd054d1b17f3b0a72d965c01a149096bf56e1fc0e9e10bf47c735e48,2026-09-15 19:39:30.180979+00:00,A,True,0.47,1.45,1.47,0.0
490da8e3e9496269b241311aa4a08e84e684dce3ddebf4dbca1a894b5256ae23,2026-09-15 19:39:30.180979+00:00,A,False,-1.0,5.25,5.25,0.0
2b34afa28608705f4010a138a19369d7f997d758091369217a2df589ad35c931,2026-09-15 19:39:30.180979+00:00,A,False,-1.0,5.75,6.5,0.0
e4494e1906fa6607e6ed1110ddd43a036292dc9db08dd5368a88fc1d002e59c0,2026-09-15 19:39:30.180979+00:00,H,False,-1.0,7.5,7.5,0.0
6557c9fb3a7bd6d2cd3960d6d1f03f4e39ea42b81b0a1740f1e3ed0f2206185e,2026-09-15 19:39:30.180979+00:00,H,False,-1.0,4.75,5.0,0.0
cc695e7ffa065b1f344dbd8c9a0b1b404400cfdf324ec3d93c515244c513b7da,2026-09-15 19:39:30.180979+00:00,H,True,0.4099999999999999,1.4,1.41,0.0
afb3c0ef1f8dbfb97c4ce90c8d5e9583110becf71705919b379128982f95508a,2026-09-15 19:39:30.180979+00:00,A,True,0.29,1.27,1.29,0.0
bb94a07e3c8e4b0e697b7ec32d8b1e2c8fe0be28fc4a846a1c189f2e254ea756,2026-09-15 19:39:30.180979+00:00,A,False,-1.0,5.75,6.0,0.0
a62be289130b205e17606d5973370d47af7b4d619cc21834862ac899ed65c6d8,2026-09-15 19:39:30.180979+00:00,A,False,-1.0,11.0,11.0,0.0
9acb7f7a58b536e40874b42868b37a9491e19f19ce24bcbbde5010f7087ce0ec,2026-09-15 19:39:30.180979+00:00,D,False,-1.0,1.37,1.41,0.0
64c46e71beecc3187519ccfb2736f726166361c7a4141fce13754ec8bd4b69a1,2026-09-15 19:39:30.180979+00:00,D,True,3.5,4.33,4.5,0.0
f96a36e6a23d4307a79666348d8298800535c4f425c20ff33dbf4c2a27e35e38,2026-09-15 19:39:30.180979+00:00,D,False,-1.0,8.5,8.5,0.0
961d022ba882bd20f44cb05b6cfa010ad350ec2fdbcb21ab811dc65a2bdb6bef,2026-09-15 19:39:30.180979+00:00,D,False,-1.0,3.0,3.0,0.0
8e3df3e6acd606ab1018a3d33e39848733dc7d43a2a00f6d6e47e53eb6d1c90b,2026-09-15 19:39:30.180979+00:00,D,True,2.2,3.2,3.2,0.0
180d867ebdfb20fee311f723da9a79056caaa10f22fb6da266bb8b5540524673,2026-09-15 19:39:30.180979+00:00,D,False,-1.0,2.35,2.4,0.0
388e7e47d8503f22fb0a07fa7caf7f9ff89bbf02a8a30d34ad33277e841c775a,2026-09-15 19:39:30.180979+00:00,H,False,-1.0,5.75,6.0,0.0
98e0160b5d7b7ed745b88051a436ee10a1eb1dc5d5ccf0afc21f41f7dde47ae7,2026-09-15 19:39:30.180979+00:00,H,False,-1.0,4.5,4.5,0.0
c98f311d59d0572bed4c80d7bf59c1d1e5c325cbbf746eca0e473a1fcb133492,2026-09-15 19:39:30.180979+00:00,H,True,0.5,1.46,1.5,0.0
8d7010b959e48dd63bbcbfc46706304125112f9012e229647d3ad852865f468a,2026-09-15 19:39:30.180979+00:00,H,False,-1.0,9.0,9.5,0.0
98603e33cf343860264975bd90dc01479e766184fd75235aa4bbe5d1bddf5085,2026-09-15 19:39:30.180979+00:00,H,False,-1.0,5.0,5.0,0.0
3bc6d5d90cd263d12d0f2ee2f1300ed7407cd65489f24359d1e04de8863afa90,2026-09-15 19:39:30.180979+00:00,H,True,0.32,1.3,1.32,0.0
abda2bb874d96f61adae1ad1d3df12536d81cb7e609dfc87b7588144dd0bac9d,2026-09-15 19:39:30.180979+00:00,H,False,-1.0,13.0,13.0,0.0
1f4a3981aefba4963cd3e51d44328e39993eeca48824e6672c6946b1aeb1ac81,2026-09-15 19:39:30.180979+00:00,H,False,-1.0,7.5,8.25,0.0
34948a49d7df440e820b9f45f71ee53d9e1a92060725c5a39cd3420a08c70fb3,2026-09-15 19:39:30.180979+00:00,H,True,0.1999999999999999,1.18,1.2,0.0
60b76db86af9ed5ed55161c162d57361cb0280c79f02e3669ee3746bf89ac792,2026-09-15 19:39:30.180979+00:00,D,False,-1.0,4.75,4.75,0.0
774297a255a84184a290deda5cdb31121499fe98f545f092c2f47ee4098ba1cd,2026-09-15 19:39:30.180979+00:00,D,True,3.5,4.5,4.5,0.0
dc09c523594dbff22575545e2eba6b5b7f44618d49dbc04997db5af89dc13bb7,2026-09-15 19:39:30.180979+00:00,D,False,-1.0,1.6,1.65,0.0
0f61c1eb67e03e97edc30fd4afd69329a368f591c8b44fb2bcfcd8bb47f95014,2026-09-15 19:39:30.180979+00:00,H,False,-1.0,6.5,6.5,0.0
6a4502f59557182f1c8162ca0e5fc49c57e77e059e9d9a96263f0a6e4e0bd0de,2026-09-15 19:39:30.180979+00:00,H,False,-1.0,4.1,4.5,0.0
d72e7b900a46008d749c4b878fc628fed2f1b7d39285543062d0b1e979eb59b0,2026-09-15 19:39:30.180979+00:00,H,True,0.47,1.46,1.47,0.0
3df434dd3f1cd46e2bd8ab9a5da313a93db18a08a2c482e1b0d85cd3c36a342b,2026-09-15 19:39:30.180979+00:00,H,False,-1.0,2.85,2.88,0.0
a7c732751c752acd5b25a2b581aa514d62392521d29f744944bf1dd58494e3d7,2026-09-15 19:39:30.180979+00:00,H,False,-1.0,3.2,3.2,0.0
5c3519e74240ae1485c8271eb61c7459adb8caa2a6ff3460cd32336574894e22,2026-09-15 19:39:30.180979+00:00,H,True,1.5,2.4,2.5,0.0
3e5171e91dd919b6f3bf463e5727935b3a2743d3b0a1e75f79f44cb50824e044,2026-09-15 19:39:30.180979+00:00,D,False,-1.0,2.45,2.5,0.0
533abc2f16705f3215f23074596dfd863a540b9509b38746d8b48c055281b2e8,2026-09-15 19:39:30.180979+00:00,D,True,2.25,3.25,3.25,0.0
9d8bdfb7f5725f041a33d5bfc3090a8be878af9c62e0c6bd961045f1ac49f941,2026-09-15 19:39:30.180979+00:00,D,False,-1.0,2.75,2.75,0.0
0941c64db8f7b42a2245c6394b09cb4e8570895e0eb3c0e1d51710a8610c7fe9,2026-09-15 19:39:30.180979+00:00,H,False,-1.0,2.88,2.88,0.0
784c2a107552ce70676a289059855a06ca66cfc18e3c9971f0285588de510a48,2026-09-15 19:39:30.180979+00:00,H,False,-1.0,3.5,3.6,0.0
7c42269f3e6ea65a49346fa5eb7f771a606f1ae403630841c3067b518d63cbeb,2026-09-15 19:39:30.180979+00:00,H,True,1.4,2.38,2.4,0.0
d4bb9b2b8ec6c6fc4ad90628ff0776bb0ce31d756f34a45bb3c74e60a6619046,2026-09-15 19:39:30.180979+00:00,D,False,-1.0,13.0,15.0,0.0
6f28826b7391be6dd3cfe5e74cb31ae933d25a60f7435c4b6e7e5000fbdf9ee9,2026-09-15 19:39:30.180979+00:00,D,True,7.5,8.0,8.5,0.0
0a9ef7bbfd2f0539f350030c35342a19969d22bd44d42a4eec2f3946ad9726ae,2026-09-15 19:39:30.180979+00:00,D,False,-1.0,1.17,1.17,0.0
91017529779aff476be02baab475b7e97edc24ece8e0a5304754476c5adcb821,2026-09-15 19:39:30.180979+00:00,H,False,-1.0,3.2,3.2,0.0
4c63fe48db2567f69dbf4f19cf00122869f3d661773fbd8304c53ab244ce184a,2026-09-15 19:39:30.180979+00:00,H,False,-1.0,3.8,4.0,0.0
88896599eecf4a1f7ce8a258ecf29549db8730f383b4d961b9ca63cbdfd6c8dc,2026-09-15 19:39:30.180979+00:00,H,True,1.1,2.1,2.1,0.0
9efa8d86ca31d513348989791c203fa8a8cb70a7a5bd58a28fb46c526b7acde3,2026-09-15 19:39:30.180979+00:00,H,False,-1.0,2.75,2.75,0.0
b6a9170b6c1a3b70a0b0bda768d1c6e153cbbded811171805930099343c96b66,2026-09-15 19:39:30.180979+00:00,H,False,-1.0,3.3,3.4,0.0
d1272e720c84f1481b28714a4aa91921935f0a5a65eb122757b80ea99c1ca5f0,2026-09-15 19:39:30.180979+00:00,H,True,1.63,2.63,2.63,0.0
dac3b9f7be3a0f68f9f9c3a5e4092920973629cb0f44f0e587c6e071868260b0,2026-09-15 19:39:30.180979+00:00,D,False,-1.0,2.88,2.95,0.0
84f2cceb0ed5008e7c0561c3fe04ae91e44f9d64bbbb43498e393b4380e4a0aa,2026-09-15 19:39:30.180979+00:00,D,True,2.4,3.2,3.4,0.0
52859446b70f887363d8d5fff36a6bb28a8dd314aae990fb57ae60f755aeafdb,2026-09-15 19:39:30.180979+00:00,D,False,-1.0,2.55,2.55,0.0
838a27a72ac067630da81863cfea5b7fb082f502154d0ce3c98ac1156c902555,2026-09-15 19:39:30.180979+00:00,D,False,-1.0,2.75,2.75,0.0
fe13e414825936e4fb40bbc6d5a8f6f472e9e9599ef0c46e002f73c5a51f55c4,2026-09-15 19:39:30.180979+00:00,D,True,2.4,3.25,3.4,0.0
b597846511203fcb1790d776aae54257c971491560c40f93cffe4efe82cc92dd,2026-09-15 19:39:30.180979+00:00,D,False,-1.0,2.63,2.63,0.0
9cc7a1fc88cbbf555e5eb02012b849cd494765bac39469ec1b7c583df9f0d76a,2026-09-15 19:39:30.180979+00:00,D,False,-1.0,2.55,2.55,0.0
c396d7f9346e6bf7a6b0377314bb47caaaa28d0385e7c0c2e41fca835a47d1d7,2026-09-15 19:39:30.180979+00:00,D,True,2.75,3.6,3.75,0.0
2c4ca067361d97ac93461c42622fca557edd5b86c3ddf1806cfa9ca9a810aafb,2026-09-15 19:39:30.180979+00:00,D,False,-1.0,2.55,3.25,0.0
0087ca9a7016a905e95b9bf70960babbd251393c1fa2eccdcf7c8cca255edb21,2026-09-15 19:39:30.180979+00:00,A,True,10.5,11.0,11.5,0.0
d0003c6f8e1108c4d8fedda94d352489260605d4304e32904cd0f26ad70873a1,2026-09-15 19:39:30.180979+00:00,A,False,-1.0,6.5,6.5,0.0
fd8d92574f00c4cc7893b672d686dec5b589c2bdff91fd8a5a86c968bd1c15f6,2026-09-15 19:39:30.180979+00:00,A,False,-1.0,1.19,1.22,0.0
8a60bbe3e39f27da5fe0c6f063f44f46b655c310962bf5ba7d42c0d7acb40a16,2026-09-15 19:39:30.180979+00:00,D,False,-1.0,2.7,2.75,0.0
660d60095e32abb5f6071d43ea29380250f96fdd6deb5cc77766d90136acefed,2026-09-15 19:39:30.180979+00:00,D,True,3.0,4.0,4.0,0.0
e5fc8760b0145890bcd03ce144d2cb62cab25740b775da53d09a288c60a797fa,2026-09-15 19:39:30.180979+00:00,D,False,-1.0,2.3,2.3,0.0
80d9bcddcc2dc35ef7c9b1f063f31744dbb369af86b0ebb6b676e53519d27b4c,2026-09-15 19:39:30.180979+00:00,D,False,-1.0,2.15,2.15,0.0
053f2ddeb4f6c8a2719672fb6ecc0c971c0ecb57e1fef409e81bee480c213f16,2026-09-15 19:39:30.180979+00:00,D,True,3.0,3.75,4.0,0.0
47a076dd2f2496513287b2aef56c0d069b72eb904efa21ec9612709e745f38c2,2026-09-15 19:39:30.180979+00:00,D,False,-1.0,3.1,3.1,0.0
8b9d2067602b587e551a81b0d8fbeb9df2da2d3e4919f5cc7cc730cec3bda30d,2026-09-15 19:39:30.180979+00:00,H,False,-1.0,1.53,1.57,0.0
6ee48aee683dfdc61e56581e9ee76becd5fbfc2153fae61bdba8a21510d26a08,2026-09-15 19:39:30.180979+00:00,H,False,-1.0,5.0,5.0,0.0
c0b055951aa2bfe3c5663bf24c1e331de2f6084eb11d0ffe307cf43dbde44de5,2026-09-15 19:39:30.180979+00:00,H,True,4.25,5.0,5.25,0.0
59d754a374d891d3f0dd1f23a38a001f661e98ed63b27502394569a82422b40f,2026-09-15 19:39:30.180979+00:00,A,True,1.65,2.65,2.65,0.0
1135bdd35b06350c062dda156727050c0b908196832b982e2f2ddb41682f7c3f,2026-09-15 19:39:30.180979+00:00,A,False,-1.0,3.4,3.4,0.0
aa0c9a7ee1c20776d22a4e285a326762921ed9da99bbcadc8d4a24121872ce46,2026-09-15 19:39:30.180979+00:00,A,False,-1.0,2.57,2.6,0.0
af7b694e8ee60deeacea9a377850c03b498f139c54c97e07e70ee609343864a1,2026-09-15 19:39:30.180979+00:00,A,True,0.26,1.22,1.26,0.0
19be145cefc8c235f110a9063fcd9f3a1565864ddfaba44d6936c913cdfc0d7f,2026-09-15 19:39:30.180979+00:00,A,False,-1.0,6.0,6.0,0.0
7a2bf60d0f820c33a3323ed401702938e91465f634c72add4ca2f654241bc23c,2026-09-15 19:39:30.180979+00:00,A,False,-1.0,10.0,11.5,0.0
94831c7007a1892394060f22f8635b92c91ca09288fab863e8d7418435a017d1,2026-09-15 19:39:30.180979+00:00,H,False,-1.0,2.01,2.05,0.0
d0f8a4ed195844c4dd360486965fc886a564ac993ed90faa95519193707d18a0,2026-09-15 19:39:30.180979+00:00,H,False,-1.0,3.4,3.4,0.0
8cfcebddfe9a4836836d91b834acdbcea7f03921ce43ee98fbb722d1902f8dd8,2026-09-15 19:39:30.180979+00:00,H,True,2.7,3.7,3.7,0.0
48121f5bb5133c651489f352f89c1713c62454d7f512c60a191cad8f79e580c1,2026-09-15 19:39:30.180979+00:00,H,False,-1.0,11.0,11.5,0.0
ae617042c257986b6820f9ebed0ad98518c8f57fbf9498e931583efde80e2c9d,2026-09-15 19:39:30.180979+00:00,H,False,-1.0,7.0,7.0,0.0
a4c959270773778fe47cab378d0fa1dbf140853d799ac8d9498562419c569b37,2026-09-15 19:39:30.180979+00:00,H,True,0.26,1.22,1.26,0.0
aace45bc71f5f57b7c7edcdfd928b34a0111fac7a605c56d89cee2c92d63e118,2026-09-15 19:39:30.180979+00:00,A,True,0.4399999999999999,1.44,1.44,0.0
7bf84490a2cbf6119bfd2bcc85179176f07ce0ae9b466cbed898ea20f8a52465,2026-09-15 19:39:30.180979+00:00,A,False,-1.0,5.25,5.25,0.0
075a6ba7b15163a441929f6cfcfa77a2d8157b9bef2228150d73120cdd4447b4,2026-09-15 19:39:30.180979+00:00,A,False,-1.0,5.75,6.5,0.0
4a5f37fd14ee47e74b81fa990978f1484c50937641c80756b689d122343c7859,2026-09-15 19:39:30.180979+00:00,A,True,2.25,3.25,3.25,0.0
00fef39bab52aca556849c0abd2d8429689310281b2f57b9663932b6bc7a1757,2026-09-15 19:39:30.180979+00:00,A,False,-1.0,3.4,3.5,0.0
0618585bd52c24ad46b2b7cb407e527d2ffa3ac1bcc4b850d515d7bb9b24bb1e,2026-09-15 19:39:30.180979+00:00,A,False,-1.0,2.2,2.25,0.0
dc9574e735f53272a9a95013695bf4db1e557de03450c1ac9d0a606c7249603c,2026-09-15 19:39:30.180979+00:00,D,False,-1.0,2.7,2.75,0.0
e32db57c90c6fab378a30ed95e20ff476fe01cdcce561b46c312a28a9ba86f88,2026-09-15 19:39:30.180979+00:00,D,True,2.75,3.6,3.75,0.0
738f468db82264912de6198dceb392f495695d40af604513e8c925707553647e,2026-09-15 19:39:30.180979+00:00,D,False,-1.0,2.5,2.5,0.0
c1aa6f5f7d227916cd0efa2899155a3481b9fce67c64f8694eeaa7b87af502ce,2026-09-15 19:39:30.180979+00:00,D,False,-1.0,11.0,13.0,0.0
eb2b545cb7c45cf46c3f1b4530bb963156a1533d405eb2cd972724f417406445,2026-09-15 19:39:30.180979+00:00,D,True,6.0,6.5,7.0,0.0
6d0e4f1c83a0e82b5d465bc398c58a566097bc8a8c77ad9a3375e6cce8c357ad,2026-09-15 19:39:30.180979+00:00,D,False,-1.0,1.22,1.23,0.0
7773727071c5740fb2b6ce3dbff6711c7e318c3e4884fee1b83a3706574ccc5a,2026-09-15 19:39:30.180979+00:00,A,True,3.1,3.9,4.1,0.0
f831a337aaf569cdb3f3557aef03a9f824b1050b83d3ea472b34bd4ca312ab60,2026-09-15 19:39:30.180979+00:00,A,False,-1.0,3.8,3.8,0.0
a0021b8b605668ff7e15500d0160119807f4da9b2d7b8d61022c5a82ef293f01,2026-09-15 19:39:30.180979+00:00,A,False,-1.0,1.85,1.88,0.0
400cba8cd0bd9e598529983464880ea053974dbe6ed3eb1626f8bf13bf4440df,2026-09-15 19:39:30.180979+00:00,A,True,0.49,1.48,1.49,0.0
108909c3c6161a8cf98c0822fc338bc963b639d27d3b80a7bf0233fa266c600f,2026-09-15 19:39:30.180979+00:00,A,False,-1.0,4.1,4.2,0.0
c8e547b3b8c4bee4dc0907bf44912cf7adb59c67cbee06f20b6606a8f378bf78,2026-09-15 19:39:30.180979+00:00,A,False,-1.0,7.5,8.0,0.0
5aed3661f3438693b5deafc5fcaafe34ca29a79113fefd09468cdad9f6b3a60a,2026-09-15 19:39:30.180979+00:00,D,False,-1.0,3.6,3.7,0.0
e9dfc42397e8581f23caa724d1efcea3280a343ffe61bcbe198b77000c7a7c1b,2026-09-15 19:39:30.180979+00:00,D,True,2.6,3.6,3.6,0.0
ea92545db44d8726e8b5273ee389023f293f517d73329c7a7937d06aa1ea6540,2026-09-15 19:39:30.180979+00:00,D,False,-1.0,2.0,2.05,0.0
19a963a2a4ac21b9a460a88b7e1b059259505b8336ea448216b2d9db39fbd1fe,2026-09-15 19:39:30.180979+00:00,D,False,-1.0,6.25,6.5,0.0
b88eaef3aedb3912d98d3b27513c1b695b17e5b1e2a46fe89bc591c1f35f432b,2026-09-15 19:39:30.180979+00:00,D,True,4.0,5.0,5.0,0.0
72be63f48902f1b0882570707dba9e70b83609c3d659204a52bbedeeeabce0fd,2026-09-15 19:39:30.180979+00:00,D,False,-1.0,1.42,1.46,0.0
3c10447a54e8ec5ce9787c5a3b05266fe673a3cdbffa69769964f4cbda28d5bc,2026-09-15 19:39:30.180979+00:00,A,True,1.75,2.7,2.75,0.0
0f3dc1db6daa6ad825289668b5e1778061a35d06382834e193c5ae636825a762,2026-09-15 19:39:30.180979+00:00,A,False,-1.0,3.2,3.2,0.0
9c84518b0e1afd33cdd8e0b85b200f5e6daacf9abad44ef950082ef06648554d,2026-09-15 19:39:30.180979+00:00,A,False,-1.0,2.57,2.6,0.0
ac56bbbfb694bd42c2812b47b898baa7dbd700e82062d000d510a9d8dcb49f39,2026-09-15 19:39:30.180979+00:00,D,False,-1.0,1.51,1.57,0.0
b3aff1fc8a4ba5e08ae8325cab4d2592e4ef46d2f9c13ef7739a50faad860a14,2026-09-15 19:39:30.180979+00:00,D,True,3.1,4.1,4.1,0.0
66a7b0177d67acb595626586820e68c916da24fe174ca37e50a833285674c8e1,2026-09-15 19:39:30.180979+00:00,D,False,-1.0,6.0,6.0,0.0
738feccaca19ff019182c3136f078828303d1a8085e29bcb9e84bebc9fe1416b,2026-09-15 19:39:30.180979+00:00,H,False,-1.0,21.0,21.0,0.0
e25f572dd57e8e1be58efba76d0db7b465c13a56478f5bc0039c038fd0db44f8,2026-09-15 19:39:30.180979+00:00,H,False,-1.0,7.5,8.25,0.0
0616103b8ea84a053f4fa1ca3fb25cf14e2e6094e2f727b1644b9986ecd794f4,2026-09-15 19:39:30.180979+00:00,H,True,0.1499999999999999,1.11,1.15,0.0
b85c5067a09eb2c9071c07a09b2e087dda3c732b75eff568490d2019f4f4c827,2026-09-15 19:39:30.180979+00:00,A,True,1.15,2.1,2.15,0.0
ff1d6c2eb592548ab4f3d4ad00c501b75e48e6d472ef026c7458c971810cf8f9,2026-09-15 19:39:30.180979+00:00,A,False,-1.0,3.8,4.0,0.0
6ea62a5812ce39baeb21d93414aca65b062f948780942667a0a5778fb4fb56b5,2026-09-15 19:39:30.180979+00:00,A,False,-1.0,3.25,3.25,0.0
948d236566edfad1ccce3b205209f20b77ccd77596e0c65b36242c8485fa8ab4,2026-09-15 19:39:30.180979+00:00,A,True,2.0,3.0,3.0,0.0
3bf3f58f7a1f4357c6959e591ac88a5485a6f8fd8d3c01911db7d355ae22cb71,2026-09-15 19:39:30.180979+00:00,A,False,-1.0,3.75,3.75,0.0
7b77201e49b82c3820f12f625224cb5b1c656127b8875db25cca8bdccfc73626,2026-09-15 19:39:30.180979+00:00,A,False,-1.0,2.2,2.25,0.0
5c8025a8267978b03e0fe0d913133664e4b7b23276a9814192b1dbdd05176e52,2026-09-15 19:39:30.180979+00:00,A,True,0.47,1.45,1.47,0.0
1294b6c00d13963767c94db5926c5fe9caafc1f2b437e1b6a5391703e08ddfcd,2026-09-15 19:39:30.180979+00:00,A,False,-1.0,5.25,5.25,0.0
0f88da6b240a43fa8edf1b126a59765cfa976c02f8387ae585661dcf13d1703f,2026-09-15 19:39:30.180979+00:00,A,False,-1.0,5.75,6.5,0.0
93a0669631e3c5da96af999fd32e92d5c0b72acea29a4f91623fab5e331aebf3,2026-09-15 19:39:30.180979+00:00,H,False,-1.0,7.5,7.5,0.0
b1754ee504a244545b118d31c77be48da2f0096d382a9c65b3bea4ba853fcc69,2026-09-15 19:39:30.180979+00:00,H,False,-1.0,4.75,5.0,0.0
3d4e5bda6b1bda7f1cc570fc3b0ed863c46d2dfdce5700394d956d28ce230ec4,2026-09-15 19:39:30.180979+00:00,H,True,0.4099999999999999,1.4,1.41,0.0
ba13af18c33659f31c6a16c57bf1fc5c32ccefcd263daa49f699f012fc7eaaf7,2026-09-15 19:39:30.180979+00:00,A,True,0.29,1.27,1.29,0.0
367b43c06e5e7c10aaf01793f609c717c985487d5a72717f6470ff9c4705a553,2026-09-15 19:39:30.180979+00:00,A,False,-1.0,5.75,6.0,0.0
8c6779a3afcd946e2e3c6bfdd65a77d2d8f9b14c741df214421282d0a1e3be16,2026-09-15 19:39:30.180979+00:00,A,False,-1.0,11.0,11.0,0.0
41395dd3b4c48212374991942c77dd35240494da6f6a4b81109471b8fa8c1a5b,2026-09-15 19:39:30.180979+00:00,D,False,-1.0,1.37,1.41,0.0
6a82739b5d84b92dd1064a944c9d607834bef09c98b82c96eac620a619b24cf2,2026-09-15 19:39:30.180979+00:00,D,True,3.5,4.33,4.5,0.0
eff27d754a38910dafeb939528e07b5581364e93d3bf6efdea28f409ca2aa537,2026-09-15 19:39:30.180979+00:00,D,False,-1.0,8.5,8.5,0.0
e36ed67bb3b3b741fb2e58d260cd6b8f90e70f0ab35feb0b1125077be0935495,2026-09-15 19:39:30.180979+00:00,D,False,-1.0,3.0,3.0,0.0
7ee37da70acc281075aa908f89fe13b31d3b5f2c890e1e0d923e5a1ba9f5ec2c,2026-09-15 19:39:30.180979+00:00,D,True,2.2,3.2,3.2,0.0
fc2e9f619559f193797e0601664b741939e819412562ea2fabfb9bb2703d7dd1,2026-09-15 19:39:30.180979+00:00,D,False,-1.0,2.35,2.4,0.0
929a0df2d75cd791fa25879ec73f3d06d945455b74af011fa2af168645d4d117,2026-09-15 19:39:30.180979+00:00,H,False,-1.0,5.75,6.0,0.0
7d9eee28a6262823a42b7cac988dd0e22efd08a163704c8ce5dcfdba295637d8,2026-09-15 19:39:30.180979+00:00,H,False,-1.0,4.5,4.5,0.0
45394d9efcc1e6029c37cc72c9ef44bba84d5ef3d5c847ba7aced50ff4749298,2026-09-15 19:39:30.180979+00:00,H,True,0.5,1.46,1.5,0.0
242d33c196e25c8d73f4b7a7d46ee19f03d94fba328871d5f383c7ea8a9908ce,2026-09-15 19:39:30.180979+00:00,H,False,-1.0,9.0,9.5,0.0
3fecbb87ddf431b546ac8f111ce4cfcda12c7f30b9b24a0b2ea371a3cf09cc14,2026-09-15 19:39:30.180979+00:00,H,False,-1.0,5.0,5.0,0.0
0253dd5b2488f4259971e5cfd537652393d190fc3dc95274d29fb7ce459a3cd6,2026-09-15 19:39:30.180979+00:00,H,True,0.32,1.3,1.32,0.0
126ac8dead81e9ef461b15330a3d49a2f1f5b96b513a8f5b3baa2755733bf97d,2026-09-15 19:39:30.180979+00:00,H,False,-1.0,13.0,13.0,0.0
8f8d254b3adcf4a96f2288ffa6c9c7acaa3c29406651b6a8a636cc751f6dce14,2026-09-15 19:39:30.180979+00:00,H,False,-1.0,7.5,8.25,0.0
83ba8977fada8cc9d52018c3d1fbbd0fc9c5684c5b9af19bbe69cc4274101686,2026-09-15 19:39:30.180979+00:00,H,True,0.1999999999999999,1.18,1.2,0.0
43e6efeef396366b2e1e2bb00955c5719b09c95c050715ec3a65c06a05998383,2026-09-15 19:39:30.180979+00:00,D,False,-1.0,4.75,4.75,0.0
9a289547588a1291005a332765bce77fe9653ac1baca2fbabdec230c6d6145e5,2026-09-15 19:39:30.180979+00:00,D,True,3.5,4.5,4.5,0.0
d9ab3ba678c6d5835c424bab7c09f275f2b7fb80f25c8eb4813c14d9d1a66662,2026-09-15 19:39:30.180979+00:00,D,False,-1.0,1.6,1.65,0.0
cf740c8dc8472f1001ca54b7201651561be28e0cdb593c9b06328a6fbe5cc320,2026-09-15 19:39:30.180979+00:00,H,False,-1.0,6.5,6.5,0.0
dd4527f37ec3bf3f3b3e2636880e304d192a2971cd2b545baed107b963b6be06,2026-09-15 19:39:30.180979+00:00,H,False,-1.0,4.1,4.5,0.0
5982db59228dafcb20906202fcc87b8599b7432e7e9706c74fe9eee2eb2547b8,2026-09-15 19:39:30.180979+00:00,H,True,0.47,1.46,1.47,0.0
ab98395e59e93ab4ef9dcb58745d405ae677f29e9e8b900093ca27978b9b678c,2026-09-15 19:39:30.180979+00:00,H,False,-1.0,2.85,2.88,0.0
302006abbcf1c0c5eb76eaf00062abbb3a6a598eb39c6f1350b866d865736307,2026-09-15 19:39:30.180979+00:00,H,False,-1.0,3.2,3.2,0.0
a075d500acee96140567b480bcdb651785298be5c4fe256ae95849094d8045a3,2026-09-15 19:39:30.180979+00:00,H,True,1.5,2.4,2.5,0.0
bed8df1952629d29a1040fe17e01108da26027222f3a20a1a76640a4d69a2982,2026-09-15 19:39:30.180979+00:00,D,False,-1.0,2.45,2.5,0.0
d3285ab7997db68ee7c0fe23d2a0a7582c703c0f9ec1e067d522767fbb28d581,2026-09-15 19:39:30.180979+00:00,D,True,2.25,3.25,3.25,0.0
017d86285b6b5c0aac950010801677533624b10e96970326d8aad25691537abc,2026-09-15 19:39:30.180979+00:00,D,False,-1.0,2.75,2.75,0.0
6392ebcd0d7bcadda82974ddb902d3540d5b9f7bab994e4db140f362a70d6c16,2026-09-15 19:39:30.180979+00:00,H,False,-1.0,2.88,2.88,0.0
c48f00abbe247342e203e47f67912fab8a3201dc0597f8475a56730c22950f7a,2026-09-15 19:39:30.180979+00:00,H,False,-1.0,3.5,3.6,0.0
8f741ec22d18fc1661c99c4143c1c6d5f6409aa6f08a8864d7446d0afbd67a25,2026-09-15 19:39:30.180979+00:00,H,True,1.4,2.38,2.4,0.0
17bb18b97dbb95111e0fd5a23df404ca23d8e1b959cd165a792d329d4547f8ff,2026-09-15 19:39:30.180979+00:00,D,False,-1.0,13.0,15.0,0.0
3fb2f475acbd33242b27e0dec0983f3188c3cd16f5410a1e11176cdaa0070f0c,2026-09-15 19:39:30.180979+00:00,D,True,7.5,8.0,8.5,0.0
a608033c5dd001244e1fb33196c16aa23a238a1cadff0afbcfaf62d192dca52e,2026-09-15 19:39:30.180979+00:00,D,False,-1.0,1.17,1.17,0.0
401b4632567a1bf8dc0ec2d5b49b66740da15e7bef6e7f0a3ec055a637868ccb,2026-09-15 19:39:30.180979+00:00,H,False,-1.0,3.2,3.2,0.0
e7156451a6c52177cdee94fd269a8e3a1aab4c74dfd8b8a384c9c65444241b16,2026-09-15 19:39:30.180979+00:00,H,False,-1.0,3.8,4.0,0.0
aef79cce649c44077c013ab70515db43a6cbc2184765a06e7ea14e317090ad36,2026-09-15 19:39:30.180979+00:00,H,True,1.1,2.1,2.1,0.0
d750b7133091f22c2e4a639428f9455b2698ecdbe2751f65c89048887d4be77c,2026-09-15 19:39:30.180979+00:00,H,False,-1.0,2.75,2.75,0.0
3a0c7ff0844e80900c19da48e3513bac4647d3b91213df5324313a8807c8851d,2026-09-15 19:39:30.180979+00:00,H,False,-1.0,3.3,3.4,0.0
d4085c473cbda7edef63199045b122818f2733deed0930db3aa81fdd8e3367c8,2026-09-15 19:39:30.180979+00:00,H,True,1.63,2.63,2.63,0.0
d61d759a4c98a6024012efacc16bf84594bff29fe83bb32501ac0b96d64dbcf2,2026-09-15 19:39:30.180979+00:00,D,False,-1.0,2.88,2.95,0.0
e8a24ae17bb0bc8d5f5e2e8e70fae158cb7afe795ad79695f44cad3822cf67dc,2026-09-15 19:39:30.180979+00:00,D,True,2.4,3.2,3.4,0.0
99ed9ce68c25731e3d7fd849730236c44030b541e01b6616b86f2903c349ecd2,2026-09-15 19:39:30.180979+00:00,D,False,-1.0,2.55,2.55,0.0
37135b1f4e765ae4f945057dbeefafe900570207b052d7f8785f72b82bb484b1,2026-09-15 19:39:30.180979+00:00,D,False,-1.0,2.75,2.75,0.0
889cc0c53ac560d5e6b1c4e04533a432512888916bc54abf845d3817420c1e52,2026-09-15 19:39:30.180979+00:00,D,True,2.4,3.25,3.4,0.0
45484019ccbb439b76c90de1edcd47ae4a9434c3090c016b22d5ae2ca095abca,2026-09-15 19:39:30.180979+00:00,D,False,-1.0,2.63,2.63,0.0
eddf108cc9903fc78b517a80607562e5608d6eb9d7ba8ecb9c5e4b713eabe540,2026-09-15 19:39:30.180979+00:00,D,False,-1.0,2.55,2.55,0.0
7483cfef621372e1d73579513d5db356f82ad08da16e986933a0b102c8baac90,2026-09-15 19:39:30.180979+00:00,D,True,2.75,3.6,3.75,0.0
d97ee54e84567f0b1cbcee2f6745ac75447073b25621700bd72d7b8c44a55bc0,2026-09-15 19:39:30.180979+00:00,D,False,-1.0,2.55,3.25,0.0
3821a82f09b81f9265fddf367c08fb82716e572fc6bef319f6c4c48344e58303,2026-09-15 19:39:30.180979+00:00,A,True,10.5,11.0,11.5,0.0
ee740aeb73860ae74b5b8242bd2d910b9ec166d8766082502c28c1b13c03fa73,2026-09-15 19:39:30.180979+00:00,A,False,-1.0,6.5,6.5,0.0
96128d1c1885a1958811ada1571dd5ae5275c3452e51265bdd6d6eaf0b125787,2026-09-15 19:39:30.180979+00:00,A,False,-1.0,1.19,1.22,0.0
f212f3ec1ae8af864d9770a8ee20810716849168e165a7cdb1025015c6d5c9da,2026-09-15 19:39:30.180979+00:00,D,False,-1.0,2.7,2.75,0.0
29632d57ec88a929808130156be880c6eee154b09a7ca89d61735b9f284b90b9,2026-09-15 19:39:30.180979+00:00,D,True,3.0,4.0,4.0,0.0
b6a863cc7f5d9d86409e8ea92912df31760903311e91bcc89aa2f1c230fcf859,2026-09-15 19:39:30.180979+00:00,D,False,-1.0,2.3,2.3,0.0
fc7b8cb1d1be87f0edb3bdd142b1fc795863fc52171b777ebcffacf6520b9ef0,2026-09-15 19:39:30.180979+00:00,D,False,-1.0,2.15,2.15,0.0
377bee20e57616b94c3ed24af018176c940c29e73fdc993058c1ff49ca654a43,2026-09-15 19:39:30.180979+00:00,D,True,3.0,3.75,4.0,0.0
de388ce80716b2b5c87c83276ad240496bdfc63e1840ec12a81d749c52f6463e,2026-09-15 19:39:30.180979+00:00,D,False,-1.0,3.1,3.1,0.0
1418516d093199ddf681004ab50e575dbefe90267a1645160fc5955b9b022095,2026-09-15 19:39:30.180979+00:00,H,False,-1.0,1.53,1.57,0.0
e05dcdc821616472e67a43692af73a495c65d89d279014c213d694971931145a,2026-09-15 19:39:30.180979+00:00,H,False,-1.0,5.0,5.0,0.0
99482fdd14828f94ef2af4c1d085db6b45a5b88380fa5de64361efeb94b262e8,2026-09-15 19:39:30.180979+00:00,H,True,4.25,5.0,5.25,0.0
a264c69828b2d39916f398871b1011794e16db9739e687738c26681860329faf,2026-09-15 19:39:30.180979+00:00,A,True,1.65,2.65,2.65,0.0
d366762c5eef8a4c2caa812c71e98df1b79dcc7a1eacde78b41fa309dadfc0f7,2026-09-15 19:39:30.180979+00:00,A,False,-1.0,3.4,3.4,0.0
7c05a217b356a0f8968c8b9f75b698f29969f3fa51c0ebc8e412dd3cda894589,2026-09-15 19:39:30.180979+00:00,A,False,-1.0,2.57,2.6,0.0
e2f677fb1b70f4aeec7d0d16a98762703b81f0b9dd0660e1de1efe4699508c96,2026-09-15 19:39:30.180979+00:00,A,True,0.26,1.22,1.26,0.0
33e136907deb3c5e9533e61179d6bca3f9bc74e3b1ecf43a78a206e6ac564604,2026-09-15 19:39:30.180979+00:00,A,False,-1.0,6.0,6.0,0.0
5db7861d2829d20ae1f99ee0e69466277ea782ab43a42a5348c745935b33eb71,2026-09-15 19:39:30.180979+00:00,A,False,-1.0,10.0,11.5,0.0
b81abf56d2747b1ee0cb5001748e33e1ea493897d78ea064cf4520a72fbd22b2,2026-09-15 19:39:30.180979+00:00,H,False,-1.0,2.01,2.05,0.0
09199d8a4a2e8109c25ab77ef204b809b7b95cb7118084a85698d75dacfd01fb,2026-09-15 19:39:30.180979+00:00,H,False,-1.0,3.4,3.4,0.0
94708a2c974b71de7cc8aa10bee0ef187e1b8b1f56babd422f80a2ba16b9441d,2026-09-15 19:39:30.180979+00:00,H,True,2.7,3.7,3.7,0.0
b5f19bcc66c6a38b140ca28aff8e3c9e8b463e2d18a402d93aa6f4363c642cc9,2026-09-15 19:39:30.180979+00:00,H,False,-1.0,11.0,11.5,0.0
c1152eb35ea41b636ca56ae9f56bb41e0120f77df48bd59adaa48f1c55ac66de,2026-09-15 19:39:30.180979+00:00,H,False,-1.0,7.0,7.0,0.0
347b159e88ba1f60ce841b76029ee302d976fab7ff6bd04d979970926b9a325a,2026-09-15 19:39:30.180979+00:00,H,True,0.26,1.22,1.26,0.0
01abea168655c590262da5963dc956f1e5f089d8b612255ba2fe4b28c7df70a5,2026-09-15 19:39:30.180979+00:00,A,True,0.4399999999999999,1.44,1.44,0.0
e64dc4d2a80f9ceb0c55d103e86ad5413f313dee2db52bc98503db4309a0e6f9,2026-09-15 19:39:30.180979+00:00,A,False,-1.0,5.25,5.25,0.0
eac85164401a33a909d42fbf8604860c3a136d83b5235b117dc671f561c7690f,2026-09-15 19:39:30.180979+00:00,A,False,-1.0,5.75,6.5,0.0
83a050b9b9e4cf1c2728da590eba6372fa3cdbe33367e57bdcf9a619fbf2f74b,2026-09-15 19:39:30.180979+00:00,A,True,2.25,3.25,3.25,0.0
dc61e0e60a62a2242c40e3679b7590347b5bc2685e1b1055db64a720374f425e,2026-09-15 19:39:30.180979+00:00,A,False,-1.0,3.4,3.5,0.0
bd6fbd306589f7396bedaa4f5d0af8e8c749ce07a3f72b9cf2835b1b52a1a346,2026-09-15 19:39:30.180979+00:00,A,False,-1.0,2.2,2.25,0.0
ca00cd04639e90f4da43fbbdc67bd62c2a4fb6468914e2544ad6c9f4e8da654f,2026-09-15 19:39:30.180979+00:00,D,False,-1.0,2.7,2.75,0.0
045db5012d404bc97caa4b56c8d8dfc1f015a7c837d2c429e459c888639c8afa,2026-09-15 19:39:30.180979+00:00,D,True,2.75,3.6,3.75,0.0
0c3eb6dc7ce8b391b245effaf9bf6a999bd659dd575060d0dc01eaf9a15587f9,2026-09-15 19:39:30.180979+00:00,D,False,-1.0,2.5,2.5,0.0
b6feb794771e96a312b9db5b7a497bb3f4092f228afe64a1bbba4a0038087bc1,2026-09-15 19:39:30.180979+00:00,D,False,-1.0,11.0,13.0,0.0
ddcc4fb0bd677da74b38ebac29792a2a89683e7fe38a428b022556b7a5016ca1,2026-09-15 19:39:30.180979+00:00,D,True,6.0,6.5,7.0,0.0
97f9e91bd6673920c7e054799f2ac5b899b714e59dbec5cf78bc892836cb5461,2026-09-15 19:39:30.180979+00:00,D,False,-1.0,1.22,1.23,0.0
4da2b0e0f2e71e26e68706a05307fbb51ff856009d8569fb403be0b56cac2ae9,2026-09-15 19:39:30.180979+00:00,A,True,3.1,3.9,4.1,0.0
6890d649bbfca5f89e847feb119ecdc607da981987e71fab775fa19e7bc1bf25,2026-09-15 19:39:30.180979+00:00,A,False,-1.0,3.8,3.8,0.0
89443d2422f00ea9836c1a6e4ff6e744767b88e2c23180b009c0d2e17311d003,2026-09-15 19:39:30.180979+00:00,A,False,-1.0,1.85,1.88,0.0
854c51bc6f974068044e8face15895a52e8403d7cabef778f4cd36eee42ffac8,2026-09-15 19:39:30.180979+00:00,A,True,0.49,1.48,1.49,0.0
6b896385c9ed2a3e293a581e409fcf6629abe5aaa365464b1c1f3dbdbf76c3c8,2026-09-15 19:39:30.180979+00:00,A,False,-1.0,4.1,4.2,0.0
0d7bd696c54519dcf7f4531aa2abbc224c7838091f4d4a891cac0b060dcb1ccf,2026-09-15 19:39:30.180979+00:00,A,False,-1.0,7.5,8.0,0.0
50adf366c6a5ce444bb597ab92ad9db163f0fd178cff4543da5dc77fa7d4b1fe,2026-09-15 19:39:30.180979+00:00,D,False,-1.0,3.6,3.7,0.0
47a3baed5dd675248857c649068bc782be19cda2d93a99e693b69e1d27cb3cf5,2026-09-15 19:39:30.180979+00:00,D,True,2.6,3.6,3.6,0.0
6e939ea8c4605f312fa5a8b6fa09e2ece1ea6b5d647c71fe309e2e60d30e97fb,2026-09-15 19:39:30.180979+00:00,D,False,-1.0,2.0,2.05,0.0
a2c23a52805afa6557099befdd68c35f7dd9d19765e6185b921621402a23c855,2026-09-15 19:39:30.180979+00:00,D,False,-1.0,6.25,6.5,0.0
a528bc5a506f8462e3712492fb80eba7848f9cd06ed9ec831ab314c5954407e6,2026-09-15 19:39:30.180979+00:00,D,True,4.0,5.0,5.0,0.0
beabefe380352b1b8c845d74e435645b10e1cd42af1558632b6744eac4fc2a66,2026-09-15 19:39:30.180979+00:00,D,False,-1.0,1.42,1.46,0.0
816a76b026b79fe366308fb6c080a114fd74927bfa974186481705d9386bd42d,2026-09-15 19:39:30.180979+00:00,A,True,1.75,2.7,2.75,0.0
cfb16ff241e271978b0c2a65e1a0022725c41d57906309fb000687dc53094b60,2026-09-15 19:39:30.180979+00:00,A,False,-1.0,3.2,3.2,0.0
405138b5edc1f1bf343a6a86dde77ab88d6ff47855b11379f3ebd1ff3b5ffb85,2026-09-15 19:39:30.180979+00:00,A,False,-1.0,2.57,2.6,0.0
1268d66f1bd37d61a25e154eff9ea5448e1b0ed259db8f92504a0d1d4ad80fde,2026-09-15 19:39:30.180979+00:00,D,False,-1.0,1.51,1.57,0.0
a93d06e2c5a8795ca7ce92817c3053d85507babdfd4c1777332804b9553b1ffb,2026-09-15 19:39:30.180979+00:00,D,True,3.1,4.1,4.1,0.0
b7a9680486f4b4a6565ee3f60029468797de207971eddb0a2adc30d52e3b1a9a,2026-09-15 19:39:30.180979+00:00,D,False,-1.0,6.0,6.0,0.0
f99a1ee9e31aa378f3c3bb387c1df42eca9fffbbb6c0afbe020af5bcbffa9a17,2026-09-15 19:39:30.180979+00:00,H,False,-1.0,21.0,21.0,0.0
e8cd12416b9fd8f04a982de97f1372448966a4a4480cdf8b82fbbf4fa2a10621,2026-09-15 19:39:30.180979+00:00,H,False,-1.0,7.5,8.25,0.0
c3de96c61fc7ec57d71747aaa4d07c8e5247c9f9a7b4f17fb9be8354cbaa0275,2026-09-15 19:39:30.180979+00:00,H,True,0.1499999999999999,1.11,1.15,0.0
8fed485412e2f82b284b2cc5dfb88d807e48d67149bf0aea7e8906795d6035dc,2026-09-15 19:39:30.180979+00:00,A,True,1.15,2.1,2.15,0.0
1ea3ee4310ab7ef4ac73ef9e72152e7e51a153ffe5edf2e2d440ef89ad78a37d,2026-09-15 19:39:30.180979+00:00,A,False,-1.0,3.8,4.0,0.0
cec79b4d4908bb1ae412b340ec0032af3e59f03be5f96331105f1ad9d10b701e,2026-09-15 19:39:30.180979+00:00,A,False,-1.0,3.25,3.25,0.0
e5f2bb8733d838846dcdc20620db92e6497a612a5354da76d327209694f986a6,2026-09-15 19:39:30.180979+00:00,A,True,2.0,3.0,3.0,0.0
9bbc566af4643b788bd5a019dfe86ebb03ec72805efa86e708e11a07ca8132c6,2026-09-15 19:39:30.180979+00:00,A,False,-1.0,3.75,3.75,0.0
6af79ec628e14d407b56d1eaa13f059df22900ff770ce8fe407fa7cad8a38067,2026-09-15 19:39:30.180979+00:00,A,False,-1.0,2.2,2.25,0.0
09605cc57aa2e3e5a2ce94d02f2c1c299400f1718c60c316ab3aedcf80418d4e,2026-09-15 19:39:30.180979+00:00,A,True,0.47,1.45,1.47,0.0
316bc078bcdd0e043c5ecd6cb228912ce71bc2c6fa69803f3361e7775bd7e6e4,2026-09-15 19:39:30.180979+00:00,A,False,-1.0,5.25,5.25,0.0
bf4fdca74ce305bb4533fc6a1728722df43f12daa4b8dd924225c40a688d358c,2026-09-15 19:39:30.180979+00:00,A,False,-1.0,5.75,6.5,0.0
39c5329f75833ad4286e884913d7e705904cc8f9c364d33dc34f4beace9d1d7e,2026-09-15 19:39:30.180979+00:00,H,False,-1.0,7.5,7.5,0.0
cc63badcef199edccc6fadb71da4a1b21e37e82e61b7db6745f1633915317796,2026-09-15 19:39:30.180979+00:00,H,False,-1.0,4.75,5.0,0.0
48d28f9937d0ccb0f7a97be08ee32ea9f7e297f45cffaea38cd09d0dc8a5ba25,2026-09-15 19:39:30.180979+00:00,H,True,0.4099999999999999,1.4,1.41,0.0
16f2a926495c5966d2ac37ef6dce976906cf3c3dbda53330cd99bab7693d96cd,2026-09-15 19:39:30.180979+00:00,A,True,0.29,1.27,1.29,0.0
2dac0b4b0b8e7419b168c18c58cf12cf72092a87b1acf88dd0057fb8f470573d,2026-09-15 19:39:30.180979+00:00,A,False,-1.0,5.75,6.0,0.0
86967decff64cf8939065280026da1f23512e3644544d2a021875e5d9753298b,2026-09-15 19:39:30.180979+00:00,A,False,-1.0,11.0,11.0,0.0
99b49bf9eeb5f5fef0e298f13bb3cb3e3a8248fd77058ccc91943e4fefd23b42,2026-09-15 19:39:30.180979+00:00,D,False,-1.0,1.37,1.41,0.0
403e396c9a0a44055be4a150e95dea43349b4ae302276075784fda981cb1f430,2026-09-15 19:39:30.180979+00:00,D,True,3.5,4.33,4.5,0.0
c1db568bc6f98c945ce9a4d24004b2d80bcd0c31ecb6507f2760f705f314608c,2026-09-15 19:39:30.180979+00:00,D,False,-1.0,8.5,8.5,0.0
85cfdd469842ab7e181da77f203ea937c62197794990e362780421afa9016098,2026-09-15 19:39:30.180979+00:00,D,False,-1.0,3.0,3.0,0.0
c191c0a9bd9169767d1f365764691127942af9e6470e82302213e8b1275b1bad,2026-09-15 19:39:30.180979+00:00,D,True,2.2,3.2,3.2,0.0
9694a12ac11a7ad27604f241eefbf2a8f6ec8de2fef00521f53d71e29472e83d,2026-09-15 19:39:30.180979+00:00,D,False,-1.0,2.35,2.4,0.0
ad695691a4011d71e41d0e6d6b846c57fb05aff76e2af809a74ea3c6a3393eeb,2026-09-15 19:39:30.180979+00:00,H,False,-1.0,5.75,6.0,0.0
4479614e123cc08be1cf57e1143307b699a3513e24b131be98298b64056a5d44,2026-09-15 19:39:30.180979+00:00,H,False,-1.0,4.5,4.5,0.0
8c4594a7ac2909f754d056ad3cef0cf49fb3a3c9d21a86978c6010ffb002775e,2026-09-15 19:39:30.180979+00:00,H,True,0.5,1.46,1.5,0.0
81a30d3d243cb478f056f0f69e053ad99e73f2c75654f688ae3125222c5363c6,2026-09-15 19:39:30.180979+00:00,H,False,-1.0,9.0,9.5,0.0
d333accf133b750500d50f134cd72c188f50f8c8f319d96a7f13e165ee40ad44,2026-09-15 19:39:30.180979+00:00,H,False,-1.0,5.0,5.0,0.0
151495c331657b57116d8fe0cbe380b85aac4ef6d4aeebd6d59736e674bb137a,2026-09-15 19:39:30.180979+00:00,H,True,0.32,1.3,1.32,0.0
b7eee23af185f1de64b3022866802e71bf8e47b9beac64e47a09e83dfdd37b8d,2026-09-15 19:39:30.180979+00:00,H,False,-1.0,13.0,13.0,0.0
2ed0a11df8a7999c075045185294e5675f7ff4b8be67b6edfc437662cf1da741,2026-09-15 19:39:30.180979+00:00,H,False,-1.0,7.5,8.25,0.0
b4534d28af4cd9977d23637fb8f804182c734c681acb777fdac64fccdb8d925e,2026-09-15 19:39:30.180979+00:00,H,True,0.1999999999999999,1.18,1.2,0.0
74a60857a9029aa5be44793a0deb0b7b5a43c7ebcd786c93450385fd2779bb9e,2026-09-15 19:39:30.180979+00:00,D,False,-1.0,4.75,4.75,0.0
e3e4e1f53a0895d4d0bec4a81d8b228a37609e3dc2ddf03ca1bae40c35bf8af0,2026-09-15 19:39:30.180979+00:00,D,True,3.5,4.5,4.5,0.0
66a3f1fb10db111956c23ecd79e4bf7512667f690039777dec1db556392fb3a7,2026-09-15 19:39:30.180979+00:00,D,False,-1.0,1.6,1.65,0.0
76976061e8580a049b6e0a8cddd0186623288664c4515e0e148064664adb79a7,2026-09-15 19:39:30.180979+00:00,H,False,-1.0,6.5,6.5,0.0
f4ff1ce44442383b21fd0d2d9ae44c0fe668956f757d5e60dc1efcba3a648b42,2026-09-15 19:39:30.180979+00:00,H,False,-1.0,4.1,4.5,0.0
3a84d861fed06d7eaf412ab9387e6506f9605210a45a3ea2b660cc1d34b20548,2026-09-15 19:39:30.180979+00:00,H,True,0.47,1.46,1.47,0.0
ff606577faca74ddb509fd8199a22af88e2e911e7ece48134f11ee84c4c190bf,2026-09-15 19:39:30.180979+00:00,H,False,-1.0,2.85,2.88,0.0
f5c2dadf66e8b0f6b8768df30afe9609fee0dd61ab48107d3224bd668ed602d0,2026-09-15 19:39:30.180979+00:00,H,False,-1.0,3.2,3.2,0.0
8e7973cf862516b5db5c16ca3f37d8eb9684e75ff91adc82be589d0ba29bd075,2026-09-15 19:39:30.180979+00:00,H,True,1.5,2.4,2.5,0.0
d0cb14f2c0a1b09fa38dbc0e3e16b4765fa8cb511f81cf22cc5a57b7147f7e93,2026-09-15 19:39:30.180979+00:00,D,False,-1.0,2.45,2.5,0.0
c2d858e7e9dc9c7f24431da96f8822218874a120ce472ad9d37e126ae80d477b,2026-09-15 19:39:30.180979+00:00,D,True,2.25,3.25,3.25,0.0
0e62a329a7891644334349639362222add3ecb25b222d96de8b9add5621683fd,2026-09-15 19:39:30.180979+00:00,D,False,-1.0,2.75,2.75,0.0
9fc21f8d80607a7927208f45f1779a7902783f8ce1476a55578fee6cad8db206,2026-09-15 19:39:30.180979+00:00,H,False,-1.0,2.88,2.88,0.0
ac1c5765fe11ba51c80d8612b31848f572724313305f46c7a19c53f68c9d3982,2026-09-15 19:39:30.180979+00:00,H,False,-1.0,3.5,3.6,0.0
ce5fe1c0a067e9f24145b8e547d6eaa625b38d5956dfee4ea77d8dd2f14160e1,2026-09-15 19:39:30.180979+00:00,H,True,1.4,2.38,2.4,0.0
e4923ae2e5fa84c4c62adabf588e6bf793e8274550c35185b1ce1d6a76f25d79,2026-09-15 19:39:30.180979+00:00,D,False,-1.0,13.0,15.0,0.0
8d1673baac74caa43f10cf78b9528d0940aaff7dd06f27ee7ebb06e66b0cb65c,2026-09-15 19:39:30.180979+00:00,D,True,7.5,8.0,8.5,0.0
24724f5082cbeef244990fa788739be99ee26edb3031e38d6b5d7ff8cea61d15,2026-09-15 19:39:30.180979+00:00,D,False,-1.0,1.17,1.17,0.0
31405c8d545391f4f0ee398c350f64dc2fe6522f7a411ca89a9275e0ee4937b4,2026-09-15 19:39:30.180979+00:00,H,False,-1.0,3.2,3.2,0.0
33cda07f164f7ae09ea8d4bacfe69ec4551b76e1085694811f0ffa11e5e62b3a,2026-09-15 19:39:30.180979+00:00,H,False,-1.0,3.8,4.0,0.0
fafb332ca64fea4d4006dced5cd2d31650bdd01cdec05b1ffea5222a731fbc3c,2026-09-15 19:39:30.180979+00:00,H,True,1.1,2.1,2.1,0.0
ea3cfaa26ac0e0d6e2b76b7f16e5d4a8797ae7ddd53c1c9b3989173658a3197f,2026-09-15 19:39:30.180979+00:00,H,False,-1.0,2.75,2.75,0.0
3705d30ab2ec2ae2c5fe1da49b444356bc900a5c9fd1496d1704c35d97ffbc38,2026-09-15 19:39:30.180979+00:00,H,False,-1.0,3.3,3.4,0.0
5dbcdcdfa1b2c190cf103615f21a6cbd92f1087079283516337c647172f85f72,2026-09-15 19:39:30.180979+00:00,H,True,1.63,2.63,2.63,0.0
44d3901534988124308f7ec2a1497b8f60026a030a4daa46e503af21a574599e,2026-09-15 19:39:30.180979+00:00,D,False,-1.0,2.88,2.95,0.0
f37feca52006e5b07a443f13e5f0e13094e939c6ae9f375d772d2ad40296e0e7,2026-09-15 19:39:30.180979+00:00,D,True,2.4,3.2,3.4,0.0
6cca3141213cca824df79bda469d091c037e088bbf870899a94f2d2b181bc4ed,2026-09-15 19:39:30.180979+00:00,D,False,-1.0,2.55,2.55,0.0
9ce86e69f98ac22c63a13a3330f40dfdb45f87c004105c20770d7906823eb415,2026-09-15 19:39:30.180979+00:00,D,False,-1.0,2.75,2.75,0.0
dde3071b49201e0dbfdb892edbf81d449604bc140451f20fb8add7260483e1a4,2026-09-15 19:39:30.180979+00:00,D,True,2.4,3.25,3.4,0.0
843736268f075eeb4fd5ebdc86d0e9850d479abbe83da0ec04fc13260877df67,2026-09-15 19:39:30.180979+00:00,D,False,-1.0,2.63,2.63,0.0
cc1782c456abe01043925fd4f31ef669e7a515fb8d50b38ce6f6e90aa2a2f53e,2026-09-15 19:39:30.180979+00:00,D,False,-1.0,2.55,2.55,0.0
aa357ecc130f1c50054ec8c19b81eb6b6c931dd72162bb851dae504562ff83d8,2026-09-15 19:39:30.180979+00:00,D,True,2.75,3.6,3.75,0.0
ae5bee1b521b6686c664b81cc31e8390440561724a7ee7c881bc35abe38a8268,2026-09-15 19:39:30.180979+00:00,D,False,-1.0,2.55,3.25,0.0
38c7783ba64b2917d26be73103a1bcadd9175f3df2864dcb292c9d81b2beddcb,2026-09-15 19:39:30.180979+00:00,A,True,10.5,11.0,11.5,0.0
3ad6f24aa7914cbbc5f1a7695c51a13a9cff51e164ce917e107e5bf9cccb2865,2026-09-15 19:39:30.180979+00:00,A,False,-1.0,6.5,6.5,0.0
35199c747b84d0e0e30463b0323aa1a8fba4015653b2b01e2e7cf5a96eb0ab16,2026-09-15 19:39:30.180979+00:00,A,False,-1.0,1.19,1.22,0.0
b9bc3e66adb8a545c1f93e5614163a4f5d03c0a508385e0233804ac776e2ea7e,2026-09-15 19:39:30.180979+00:00,D,False,-1.0,2.7,2.75,0.0
aa90c6d3117d365218b890092422a4b6f8ad81b57c4109c67d0668dfb4c5362f,2026-09-15 19:39:30.180979+00:00,D,True,3.0,4.0,4.0,0.0
8961099e1e17bbed05829da27a5384f63b179f6326ecd8b66dbee98bddd502cf,2026-09-15 19:39:30.180979+00:00,D,False,-1.0,2.3,2.3,0.0
d6300bcd7f9f70b5c98faf19ff2ced82b0d050ca81da3cee2a41de11c007f7b1,2026-09-15 19:39:30.180979+00:00,D,False,-1.0,2.15,2.15,0.0
d7260daacb187b67433b7754505b9d0539276b49c4f52612b0a76b78d406942e,2026-09-15 19:39:30.180979+00:00,D,True,3.0,3.75,4.0,0.0
f0221941bcb1b9002d162092915aae0d4364c0d131fe3203af8fa07b76de44de,2026-09-15 19:39:30.180979+00:00,D,False,-1.0,3.1,3.1,0.0
b3bff87100e4be32557da0360b4fe2e592ebf3eebf91fcd996e85e415b141d98,2026-09-15 19:39:30.180979+00:00,H,False,-1.0,1.53,1.57,0.0
f1851ed677bfdd3dc76575678b21a5ec37d864beb8a51a833af880807b628957,2026-09-15 19:39:30.180979+00:00,H,False,-1.0,5.0,5.0,0.0
9f1677bee3f96bc9ca046bb5bc839efa389650a5d1e077a9ce98ec95b156ae9e,2026-09-15 19:39:30.180979+00:00,H,True,4.25,5.0,5.25,0.0
196d4ef851eba472221286454afa400b2131aede9cc36231e996986cce777580,2026-09-15 19:39:30.180979+00:00,A,True,1.65,2.65,2.65,0.0
015e1d0a4e67ecab979fd32e78e32e4fbe12649969b5c5e659506915eee96112,2026-09-15 19:39:30.180979+00:00,A,False,-1.0,3.4,3.4,0.0
699af0a6c2bb2f5af8deb8ba30993a6bfb2fd29d32088217abda4f13753f71af,2026-09-15 19:39:30.180979+00:00,A,False,-1.0,2.57,2.6,0.0
30847331b76fcf804a2e13520cbe087bec2be907f70ea2a321170686604c2d1f,2026-09-15 19:39:30.180979+00:00,A,True,0.26,1.22,1.26,0.0
3a4625d07271a29a14ebba49dbc19c0ccf38d7aa0bdb195b8ed2bf1e02e37e0c,2026-09-15 19:39:30.180979+00:00,A,False,-1.0,6.0,6.0,0.0
a5855330d5a0fd7872b17f6631f1453bb26d4e5d635b2d86bda735f6479fecfa,2026-09-15 19:39:30.180979+00:00,A,False,-1.0,10.0,11.5,0.0
41fbb589f05b7a2838d463725ad94d36c1dd81f7d2d0356db4123b08e05a21cd,2026-09-15 19:39:30.180979+00:00,H,False,-1.0,2.01,2.05,0.0
ad3c7fd372719f90274eba749cc52de91f67184d323af299f8b5e3645f7d83e4,2026-09-15 19:39:30.180979+00:00,H,False,-1.0,3.4,3.4,0.0
05d2e928155eecec95b37fb91c827cba3688d45f50a0e99037afaaf65880d8c1,2026-09-15 19:39:30.180979+00:00,H,True,2.7,3.7,3.7,0.0
eb7bf7a41ff2d8bf224ed7acb9d4f4f55a82eb300b494cc1fa46f1814b1bce70,2026-09-15 19:39:30.180979+00:00,H,False,-1.0,11.0,11.5,0.0
9cd182593aee4d912be9e0f3a92af7405e506a9112f75333d9541f457f77b119,2026-09-15 19:39:30.180979+00:00,H,False,-1.0,7.0,7.0,0.0
6f8335324e16bdb978549d2212b8e4397851183a865ee0a5fa4913b7f4b0cc80,2026-09-15 19:39:30.180979+00:00,H,True,0.26,1.22,1.26,0.0
66df0f7c2246399c058029a94e130d39417f5e2b62b602e4b7e8cb27cc6a6844,2026-09-15 19:39:30.180979+00:00,A,True,0.4399999999999999,1.44,1.44,0.0
b912a7675c29e137193301737a02d61ea8c066ccc04dd16837f78a18aef94e76,2026-09-15 19:39:30.180979+00:00,A,False,-1.0,5.25,5.25,0.0
a0ae32aa4dcbb0660f137ce0c60d6f32e889b4bfb851d6deb9095836797953a4,2026-09-15 19:39:30.180979+00:00,A,False,-1.0,5.75,6.5,0.0
0850332fb64a54e5fa2f17402244411e7f92d201b4cac01014e6cdccb8d3da64,2026-09-15 19:39:30.180979+00:00,A,True,2.25,3.25,3.25,0.0
9c53b75075e736062525986badb882b9e0bda26d40206780e16a57fff71bc936,2026-09-15 19:39:30.180979+00:00,A,False,-1.0,3.4,3.5,0.0
04a318f0786d814b9a482185775b4a37d6e4259d4df417922069c0b918c245ce,2026-09-15 19:39:30.180979+00:00,A,False,-1.0,2.2,2.25,0.0
f5f901262a8b3f34b982021be9b3b0c7b058c42654fa13843a0573de85d8ff92,2026-09-15 19:39:30.180979+00:00,D,False,-1.0,2.7,2.75,0.0
babf8c7aca2f2688a007e07fd630f6a93e7a218d9621a06b907491482b949316,2026-09-15 19:39:30.180979+00:00,D,True,2.75,3.6,3.75,0.0
a27787119173969dc666fd84c39c7e523de006283a68f14a2a8b14ec40017066,2026-09-15 19:39:30.180979+00:00,D,False,-1.0,2.5,2.5,0.0
beb4ad4568e992e074dc8501d638b54644c98d0574434bab80dd73d137c65311,2026-09-15 19:39:30.180979+00:00,D,False,-1.0,11.0,13.0,0.0
f1420c12aff455ad8e7d2424fd3f6ff6651288463a883a4308169628aa618501,2026-09-15 19:39:30.180979+00:00,D,True,6.0,6.5,7.0,0.0
e28c1807b804f7c83f3d11104253f3de4f880fa82539e1307a61e029fc5a15c8,2026-09-15 19:39:30.180979+00:00,D,False,-1.0,1.22,1.23,0.0
f4508f352562c627ab122a5665a0f0458df52f0389b3ca10c44de7821a96982c,2026-09-15 19:39:30.180979+00:00,A,True,3.1,3.9,4.1,0.0
b26735b257ecbf8616978cdb59ee1970b7be165957e762e8d7c859a0c8743050,2026-09-15 19:39:30.180979+00:00,A,False,-1.0,3.8,3.8,0.0
1766854d09bf5be7439e817206d0154e5480f3b43f0fcbfe4790e5175f7737c9,2026-09-15 19:39:30.180979+00:00,A,False,-1.0,1.85,1.88,0.0
ba4ca38ef9ab57b45d2a6f0a753e50b7d94a76a86f31bfe6112518218474b7c3,2026-09-15 19:39:30.180979+00:00,A,True,0.49,1.48,1.49,0.0
dd1679b76bae92be17c5ba716b7db89f115ba651bcad2b10b8eefa4e19969c6c,2026-09-15 19:39:30.180979+00:00,A,False,-1.0,4.1,4.2,0.0
76a3054e801d35bce0c893ed08e5eefabd405adc14b901227b022a6044422083,2026-09-15 19:39:30.180979+00:00,A,False,-1.0,7.5,8.0,0.0
4a3e91d135645b4693ab3b835fff35e9b106d1b363d10a96f438c1706f94c83c,2026-09-15 19:39:30.180979+00:00,D,False,-1.0,3.6,3.7,0.0
fd22a7b7f39038f4e7b7c6b4e10000f56f51f3d90cdf12d6df84619f46c40941,2026-09-15 19:39:30.180979+00:00,D,True,2.6,3.6,3.6,0.0
0a918d8e9eafb92ff8df4dc52de32e8296a3854d8891bf329d0cbb4e6a1f0ef8,2026-09-15 19:39:30.180979+00:00,D,False,-1.0,2.0,2.05,0.0
588faaf26ea3b02a5ab7ce0fa4f1b5447a89099d7f034b09d4460a61405ead02,2026-09-15 19:39:30.180979+00:00,D,False,-1.0,6.25,6.5,0.0
eaacec2677492ceb4ee348ecf15279f15454aa219a479d0f34a7f008d9c9bc85,2026-09-15 19:39:30.180979+00:00,D,True,4.0,5.0,5.0,0.0
20ea2cf9453fe193a3b0dc754456864989d6b0ec0310a2652ef8da3e30e6b6a7,2026-09-15 19:39:30.180979+00:00,D,False,-1.0,1.42,1.46,0.0
7b8aeeea269686aa7b14e613175119121c5cd5af2b164a9d3c38061129c6341d,2026-09-15 19:39:30.180979+00:00,A,True,1.75,2.7,2.75,0.0
792fea9288d5dc4c1016072e133e1cc264777adc3fa53b021f3bf99edcbf8cfe,2026-09-15 19:39:30.180979+00:00,A,False,-1.0,3.2,3.2,0.0
d78c8f205170cbc5ab7edd0673326913adf3b610b8aa977a80fd48e31f9cfe48,2026-09-15 19:39:30.180979+00:00,A,False,-1.0,2.57,2.6,0.0
24d5f1088314d7b63f93103e3f919565a818c1bc2444f95cdf5713d05b59ddcc,2026-09-15 19:39:30.180979+00:00,D,False,-1.0,1.51,1.57,0.0
7b9abfbe115f64f54760432991abda78288db044a3bcedb4b6dd52a5059961a5,2026-09-15 19:39:30.180979+00:00,D,True,3.1,4.1,4.1,0.0
d7ab3769687626918900dde2c0a7a5ab3fd1d9a3bf00ef069e841a796cf35b71,2026-09-15 19:39:30.180979+00:00,D,False,-1.0,6.0,6.0,0.0
819c552e4e81cc3f672f37bb207bc7fce6695dd26e4970358e3e990f2d8eb539,2026-09-15 19:39:30.180979+00:00,H,False,-1.0,21.0,21.0,0.0
adb217352bedcdce879d76756ea41aa6972c3bee742f475878a10094492ab498,2026-09-15 19:39:30.180979+00:00,H,False,-1.0,7.5,8.25,0.0
7c21cd586a04ea4b0516c3d23bcde53d14cfb79bb46779c85cde80bb8db2c6a0,2026-09-15 19:39:30.180979+00:00,H,True,0.1499999999999999,1.11,1.15,0.0
433a4944988f3b0f9d4492e2311fa81683afc2f7dd89ba1d4225d55531e493c7,2026-09-15 19:39:30.180979+00:00,A,True,1.15,2.1,2.15,0.0
7312ff841cb0f6475595b92b93cf7370fee129f18ea66c7f605449b617245e17,2026-09-15 19:39:30.180979+00:00,A,False,-1.0,3.8,4.0,0.0
9c0ae8f5c1957883321286aa82cb5829b4548d8a43074ff1d3346371713105c9,2026-09-15 19:39:30.180979+00:00,A,False,-1.0,3.25,3.25,0.0
ecb496b537057e9613d15f6a095b2eac7820c862f3ccc653a8ef0180eca60824,2026-09-15 19:39:30.180979+00:00,A,True,2.0,3.0,3.0,0.0
0c6415b8c0f61836a0ca67e1e7c50f0cf0d32678d021010027e432336f999855,2026-09-15 19:39:30.180979+00:00,A,False,-1.0,3.75,3.75,0.0
66d3119ceaa57014f27c9d7c311722e0c31a3db18a9d5b9aa4e7baf0eccbca1f,2026-09-15 19:39:30.180979+00:00,A,False,-1.0,2.2,2.25,0.0
d368eef511cfb1a7f1733c589b40989e45103bc5894b4c60913a08b0755ed643,2026-09-15 19:39:30.180979+00:00,A,True,0.47,1.45,1.47,0.0
0f1fcf9baafe13a7229748b4f97e6ddd70f3eec5a870f368919e5461b286ed5e,2026-09-15 19:39:30.180979+00:00,A,False,-1.0,5.25,5.25,0.0
274241b16f59f375009f050771f2932ace1bb8d18f65611e97c0ee338f950726,2026-09-15 19:39:30.180979+00:00,A,False,-1.0,5.75,6.5,0.0
f96e381b5662ffdc74843dd437711a73aa7694775a9d70dc531eeea63aef2d0d,2026-09-15 19:39:30.180979+00:00,H,False,-1.0,7.5,7.5,0.0
ded7194c6a50bd67c7f70327e7dc21dec13b0fbc3c1663e4dd087e0f16033e5e,2026-09-15 19:39:30.180979+00:00,H,False,-1.0,4.75,5.0,0.0
85c4dd2d95d67de5c05fd9b1cc9ce4df022476a59f4c1ae24097b384304a8afa,2026-09-15 19:39:30.180979+00:00,H,True,0.4099999999999999,1.4,1.41,0.0
34774cab3490a146d32d57b60ef10d18bada09c2f9fadd487a98f13028ddb06d,2026-09-15 19:39:30.180979+00:00,A,True,0.29,1.27,1.29,0.0
81b275aeab235ba46e7ed41a4bbfe141a7e120639d27c0b39678737c3499d307,2026-09-15 19:39:30.180979+00:00,A,False,-1.0,5.75,6.0,0.0
8c878ce04fd786b385d0d8ca11848f8474931f27f1caff977c79349238d06b41,2026-09-15 19:39:30.180979+00:00,A,False,-1.0,11.0,11.0,0.0
7d695f9075d0136eab54f200319ce4a40d6036d22814e89fdbf64ae1ae3ec7b9,2026-09-15 19:39:30.180979+00:00,D,False,-1.0,1.37,1.41,0.0
0f63cce46d89465710adb138e8a236cccc8b893a857f605081641bc60d07b58e,2026-09-15 19:39:30.180979+00:00,D,True,3.5,4.33,4.5,0.0
d8b4a3028d180e67733d9177b0cbf5698ced0aaeffd9251133893d5641f17a9f,2026-09-15 19:39:30.180979+00:00,D,False,-1.0,8.5,8.5,0.0
9cdbad5a24304aa9a3dad7d510e376b54f4b241839a3289e5f1791ca1eed9e16,2026-09-15 19:39:30.180979+00:00,D,False,-1.0,3.0,3.0,0.0
ccc723999e8e815342e5ec9d0410317949be081f5c02127d774ba57503d0ab3c,2026-09-15 19:39:30.180979+00:00,D,True,2.2,3.2,3.2,0.0
6baeef4b77562aff98747bd6955fb99924c87ddf9ccf9a3b9ef5e8fe9575c790,2026-09-15 19:39:30.180979+00:00,D,False,-1.0,2.35,2.4,0.0
4e082cbd3e4b98d1dabb6d0fae5c4834ed069557c30a0661b07077ffb7134979,2026-09-15 19:39:30.180979+00:00,H,False,-1.0,5.75,6.0,0.0
6338895f706b014ee7da3f5f7848524f7b55e52b69cae9ea861ce40a82196581,2026-09-15 19:39:30.180979+00:00,H,False,-1.0,4.5,4.5,0.0
5be97b41f8e9aeb58ca9f9ad84d9b4ab875cd21e9a2276be7034a6697de2a42a,2026-09-15 19:39:30.180979+00:00,H,True,0.5,1.46,1.5,0.0
02577f68e3fa2590003dc683a1f6449e8ee3b32fe5f7db596f515914dec1a039,2026-09-15 19:39:30.180979+00:00,H,False,-1.0,9.0,9.5,0.0
ef1978bf626ab30097b0f9699220d23d1f8f68b66185cbd0d9705e4c0c66368e,2026-09-15 19:39:30.180979+00:00,H,False,-1.0,5.0,5.0,0.0
74d25cd0acca5715a5d9cc65cff38564f86c712fbdf1bb0a8caeefe934f01680,2026-09-15 19:39:30.180979+00:00,H,True,0.32,1.3,1.32,0.0
ef58155b15484974002f118296d0fdd1da7108cb0e0b037b93ac7ec889d0950a,2026-09-15 19:39:30.180979+00:00,H,False,-1.0,13.0,13.0,0.0
82f1fd202d973654be923b7bb5f15e1ca2be66e602576e23d775ce269ae1c2c0,2026-09-15 19:39:30.180979+00:00,H,False,-1.0,7.5,8.25,0.0
9c64d794801395cac292d6a4bd82b23ca65ce3070acce5e215d68eeb56a52e9d,2026-09-15 19:39:30.180979+00:00,H,True,0.1999999999999999,1.18,1.2,0.0
40f1177c8b9681c8f619282ae10035a1d45c2fc5b6066ea83a5ecb0452e5129e,2026-09-15 19:39:30.180979+00:00,D,False,-1.0,4.75,4.75,0.0
560109215b348123b2d6aed7e440ad58e80af279d09dd82fa330eec9a91a28a2,2026-09-15 19:39:30.180979+00:00,D,True,3.5,4.5,4.5,0.0
b0c8a20d100cb33ec85a22ca78c5b2624fff20a2a57c088af8043a51964ceee8,2026-09-15 19:39:30.180979+00:00,D,False,-1.0,1.6,1.65,0.0
a9ef74b73bda0618b3c5d7d13bc1f0e83c288e6c052e1c7431deb8158d0f1a04,2026-09-15 19:39:30.180979+00:00,H,False,-1.0,6.5,6.5,0.0
a61c0beb464a9a6c0d7feaa103172e7a4625b025a93199a71460a37e1dd5f9b4,2026-09-15 19:39:30.180979+00:00,H,False,-1.0,4.1,4.5,0.0
2793bd543debb84f7f74b592d2b8692133772cd146455017cda1688c05809dce,2026-09-15 19:39:30.180979+00:00,H,True,0.47,1.46,1.47,0.0
febaa7be6f6fa66188b113a5fe8af9e4a00867c1e3f02ffc772be1d8012e7cd4,2026-09-15 19:39:30.180979+00:00,H,False,-1.0,2.85,2.88,0.0
6610d9569b8fa132b714b90ff6eb93bb6c3ffc7c775f3895f1a3281b5692a529,2026-09-15 19:39:30.180979+00:00,H,False,-1.0,3.2,3.2,0.0
d3589877a7647c8078bebe58bd3c01325029b2ea8898657caae9b2719f1b8b67,2026-09-15 19:39:30.180979+00:00,H,True,1.5,2.4,2.5,0.0
2b7e7d7c6cb0764ddf1c93bbf550d2ac8f37277f9161437ca7230a65ccc695ab,2026-09-15 19:39:30.180979+00:00,D,False,-1.0,2.45,2.5,0.0
fdbb2d423e346c3c470cbd48e97b19f7707709bcc27ccb70a786e47b4d8142f8,2026-09-15 19:39:30.180979+00:00,D,True,2.25,3.25,3.25,0.0
98ed2d55cd7ed93b13d9073c3fc39db1b98ca88a10df214a75daf515054efb45,2026-09-15 19:39:30.180979+00:00,D,False,-1.0,2.75,2.75,0.0
453003148fe9bbd29fbdf516503d498d8a9e8983b393c62772f711a761b25851,2026-09-15 19:39:30.180979+00:00,H,False,-1.0,2.88,2.88,0.0
5daba63ffb7630f5a5afb3854e696607ad727d812d34c24c9faa49cf416c1178,2026-09-15 19:39:30.180979+00:00,H,False,-1.0,3.5,3.6,0.0
0774bfd18bc77f8305af930dcb65fcba30f360252866a6eb7dc0a50aa0198631,2026-09-15 19:39:30.180979+00:00,H,True,1.4,2.38,2.4,0.0
f35fd922f68f1c569e05fd213a5e058f537d1dd4c74bcde9b782d570b97ace2a,2026-09-15 19:39:30.180979+00:00,D,False,-1.0,13.0,15.0,0.0
76b42954f54419048ec2d1764ca39613a49743c4311c523eeb26274a8fa4b1c7,2026-09-15 19:39:30.180979+00:00,D,True,7.5,8.0,8.5,0.0
60ab15755488568afbeb1ae376bb225b5bf6d728252111db3c5dc1907d9174e2,2026-09-15 19:39:30.180979+00:00,D,False,-1.0,1.17,1.17,0.0
90bc1ef1cd1d6ba73da1bb7c55cc6b308c888c67ae32566ab4036366d419afed,2026-09-15 19:39:30.180979+00:00,H,False,-1.0,3.2,3.2,0.0
f3fb30e82bb3710b4f717f8a6738324027ca7085d3fdd492517e5b248f5be2b2,2026-09-15 19:39:30.180979+00:00,H,False,-1.0,3.8,4.0,0.0
a39841fdf5e45fcb1665ffcab444ea4959827af00f6d7db417eade24ed5b59da,2026-09-15 19:39:30.180979+00:00,H,True,1.1,2.1,2.1,0.0
8529563cbdeadcb4eada0acca5b4477d7e74ecdc47d655430c5cb681797bb2ed,2026-09-15 19:39:30.180979+00:00,H,False,-1.0,2.75,2.75,0.0
a0f877483d12d7defb91c793d8c70e10b1d1f0580b368660214cdb777c158787,2026-09-15 19:39:30.180979+00:00,H,False,-1.0,3.3,3.4,0.0
9bf0153a732cfb10599bd6be5f67ecdff230e290dd2796e9263a1485ade46e8c,2026-09-15 19:39:30.180979+00:00,H,True,1.63,2.63,2.63,0.0
0581ed304ffe34e903d32f58072ef744c0fe51fbe4849c724389b0837aa756c0,2026-09-15 19:39:30.180979+00:00,D,False,-1.0,2.88,2.95,0.0
b2546523d8ac5af05f651edfb8ece24f8b9bdb35fccf6601f539750e7de7fb27,2026-09-15 19:39:30.180979+00:00,D,True,2.4,3.2,3.4,0.0
1634d116f3ce3b58c03ad7afd9b80ed29b5c8f050014d42509e61880b4421984,2026-09-15 19:39:30.180979+00:00,D,False,-1.0,2.55,2.55,0.0
63ad685060aee6c8a05f6d31fd500ace89076ee0c55b5737cb6eedddf3b4098d,2026-09-15 19:39:30.180979+00:00,D,False,-1.0,2.75,2.75,0.0
4f971a54acb200644d82f3203c7b764348b8b50832ee0ca3cecd3b051f85096c,2026-09-15 19:39:30.180979+00:00,D,True,2.4,3.25,3.4,0.0
743cc73f690e3355da9669edcf9538918c62fcf5f36c6ff1190f435118f98f6f,2026-09-15 19:39:30.180979+00:00,D,False,-1.0,2.63,2.63,0.0
da767eef9ea2618f4edf46a5cd4a6b74b0e6e0712cce9d1f1daaafbc6c5be095,2026-09-15 19:39:30.180979+00:00,D,False,-1.0,2.55,2.55,0.0
8431a6494b4525ec28dfd64d0c0137d3cde616d029af5e92d18db25b4d4d00a6,2026-09-15 19:39:30.180979+00:00,D,True,2.75,3.6,3.75,0.0
232d19a35ab8fdb27d3b331bd10ec31e1ebd510c4b8bdc12272351f14c4e9ac7,2026-09-15 19:39:30.180979+00:00,D,False,-1.0,2.55,3.25,0.0
cc458ea0eb4370acde7096cedbe21893e8def539e48c041dc1d4e7d7cb4ac9b5,2026-09-15 19:39:30.180979+00:00,A,True,10.5,11.0,11.5,0.0
f14be61bab8e2eb1e754bdb49c1cf294467d77cde9b9e7827e46ca0fc2a3b38a,2026-09-15 19:39:30.180979+00:00,A,False,-1.0,6.5,6.5,0.0
a9e10464901f4190120f5927a0253467fb311fa020870a2dbdfb4812eac6bdcb,2026-09-15 19:39:30.180979+00:00,A,False,-1.0,1.19,1.22,0.0
66c4161b5b925762b3a5df6e55590e38ea9682732663771eeb53493fe4cbd087,2026-09-15 19:39:30.180979+00:00,D,False,-1.0,2.7,2.75,0.0
216f4c7568a82a288ab1f4acef3760c4f37c7f6e9087e3206f13a499ab28b155,2026-09-15 19:39:30.180979+00:00,D,True,3.0,4.0,4.0,0.0
5eaae8495298c39172de84be52f29f8217f921e024889ce55790ddb3acbfaa3a,2026-09-15 19:39:30.180979+00:00,D,False,-1.0,2.3,2.3,0.0
ff21d85018096693c61762272f4c6b9b5617abb86107ff83f0a835d5c4a6159e,2026-09-15 19:39:30.180979+00:00,D,False,-1.0,2.15,2.15,0.0
6e93596df15be7b60d5e2c7c4e344d7441069485420996ac378c052d498870e3,2026-09-15 19:39:30.180979+00:00,D,True,3.0,3.75,4.0,0.0
4f789334bc95f05c7292a15c982feb0051520b857ff234c392f38585196321fa,2026-09-15 19:39:30.180979+00:00,D,False,-1.0,3.1,3.1,0.0
100542768c177c6e5b09db7a9e89e14bac6a6ed1cdb344b4dd99897e8bbae3d9,2026-09-15 19:39:30.180979+00:00,H,False,-1.0,1.53,1.57,0.0
3540106089ac059232254b0af21be9c6c7f9b025886c85faf688864a67513a83,2026-09-15 19:39:30.180979+00:00,H,False,-1.0,5.0,5.0,0.0
85f7ff0feb2f373e42c2173fb78866c504a90860c4b81c44828800c2671b2a52,2026-09-15 19:39:30.180979+00:00,H,True,4.25,5.0,5.25,0.0
9fd4025f9b9e49d6393aa72445e235bc2d335c2466d985eb0e470ca5d711c3ce,2026-09-15 19:39:30.180979+00:00,A,True,1.65,2.65,2.65,0.0
60ab5cb2531d09820f8916d60eba1c45783a050d49682458cbceb098e01ffdbb,2026-09-15 19:39:30.180979+00:00,A,False,-1.0,3.4,3.4,0.0
6ca65f0176a1a022b517ccb99a74dfc378e0a52647c2e3d9e0bed3984a03a11e,2026-09-15 19:39:30.180979+00:00,A,False,-1.0,2.57,2.6,0.0
f539713cad386e8dca061211b32d4e7e024d2cc008a064e4ea79f3287a0353df,2026-09-15 19:39:30.180979+00:00,A,True,0.26,1.22,1.26,0.0
3584aa8dcc1f7f208a66f09bb4161f469cd64aadba3941071bd3cfd980fd3eaa,2026-09-15 19:39:30.180979+00:00,A,False,-1.0,6.0,6.0,0.0
f90760f3412baafc9496f86875e017a34495befcb5c6c5abf7b3baf51eed9d5e,2026-09-15 19:39:30.180979+00:00,A,False,-1.0,10.0,11.5,0.0
21264d5fee1d1a07b124d0e7e142710d4fb6305f493841e16c7d9e5b2b54e2bc,2026-09-15 19:39:30.180979+00:00,H,False,-1.0,2.01,2.05,0.0
a07fea9515ea58487a45c92bc8cb1d17948667fefbc1bdfeffdba1e90bd44f5d,2026-09-15 19:39:30.180979+00:00,H,False,-1.0,3.4,3.4,0.0
c07914aa5461d4f2cd2dee57ac449c6bdb652ea538efa36a8703e9ed65ba9970,2026-09-15 19:39:30.180979+00:00,H,True,2.7,3.7,3.7,0.0
9c5ee1e4434b9e21555b2914d8c47e4190bb47ecaa3f0bda2e71e8d073649413,2026-09-15 19:39:30.180979+00:00,H,False,-1.0,11.0,11.5,0.0
3682504823a90bc7fbb26e9f2ddd1f798c2f0bf5b3f65c48c7a35ba66f2a9375,2026-09-15 19:39:30.180979+00:00,H,False,-1.0,7.0,7.0,0.0
f4a50a96026b5785a450036700a4a2e51e12352a7bd9897a95d8613b91ee3435,2026-09-15 19:39:30.180979+00:00,H,True,0.26,1.22,1.26,0.0
dfd109184ba241af56c04018b024d5fd76ee44e29d01fba0e28698d3a4e95634,2026-09-15 19:39:30.180979+00:00,A,True,0.4399999999999999,1.44,1.44,0.0
1a233afe56f9e6e7a83e8c6ea3a9a3acc48cedc23394adbbca99873b733fa8fc,2026-09-15 19:39:30.180979+00:00,A,False,-1.0,5.25,5.25,0.0
89fd656ebb41c121ab2c5f6a153ea36bd1009b423f6b6370ae3958083042dada,2026-09-15 19:39:30.180979+00:00,A,False,-1.0,5.75,6.5,0.0
01be11a0541b110a5ea0994f93abefb72df9468afd9d6b65fd24ee364e3f75ac,2026-09-15 19:39:30.180979+00:00,A,True,2.25,3.25,3.25,0.0
3246531ffaed3a8fa070f6e14f27bb95e497bfcc70c69bb52ac848249b88ea6a,2026-09-15 19:39:30.180979+00:00,A,False,-1.0,3.4,3.5,0.0
7f230030b2d65fef45a5a9de611c2522afc733eeadcec102cc62fa9c4b71a80a,2026-09-15 19:39:30.180979+00:00,A,False,-1.0,2.2,2.25,0.0
fbac8f7a66289e4b02bdeab40c545060d4e486e268e0246014ddcc2643edee8c,2026-09-15 19:39:30.180979+00:00,D,False,-1.0,2.7,2.75,0.0
528a69c8c9b98b96973e1e64046558e0c221b65e52c7d1ba8c73fe8fe08800df,2026-09-15 19:39:30.180979+00:00,D,True,2.75,3.6,3.75,0.0
994eda24bf704b884ace153b958396220bd4189fe5012b69dfa6cb58c77c37b4,2026-09-15 19:39:30.180979+00:00,D,False,-1.0,2.5,2.5,0.0
fe563730d7c127506256af0494136840babd3cfdaa75fce8c3764c3079bbd8e3,2026-09-15 19:39:30.180979+00:00,D,False,-1.0,11.0,13.0,0.0
a54eccfc87547af8d2b5ee35250c3e0bee33f419625887f959111ae38f2d9844,2026-09-15 19:39:30.180979+00:00,D,True,6.0,6.5,7.0,0.0
606014358de986f41a9abdc3d6f77d7ca1b8dbcb621bd17ff7bfd36ee8984410,2026-09-15 19:39:30.180979+00:00,D,False,-1.0,1.22,1.23,0.0
5d2c727c64015f8b138ec7e671e0b7573f2d3cf8a89cb33b0c6a997b3dba1f3e,2026-09-15 19:39:30.180979+00:00,A,True,3.1,3.9,4.1,0.0
3c74c4fcb56db4b6fedb5b7fb831103a973572a4f37a38558720b7813db7e877,2026-09-15 19:39:30.180979+00:00,A,False,-1.0,3.8,3.8,0.0
680c9fca75b1ee836b4a0a1436de4afe68898da6c0b6628c3249cec12c9f91a5,2026-09-15 19:39:30.180979+00:00,A,False,-1.0,1.85,1.88,0.0
5a61122a503bf53d934d2da2bfcb0331d1aa813614968de8c6d399d9c34c8662,2026-09-15 19:39:30.180979+00:00,A,True,0.49,1.48,1.49,0.0
80ed1f41f3f02c582e1b53a9520551afaa31bb38aee01e771d2d71129a321927,2026-09-15 19:39:30.180979+00:00,A,False,-1.0,4.1,4.2,0.0
cbb507feeeee0ecf2b57c9274e34afddf0b2711988c8b543800f3e1be0dc84d5,2026-09-15 19:39:30.180979+00:00,A,False,-1.0,7.5,8.0,0.0
05290757993407b9ddfcfab080f6bbcaf976dfc6aa32d0de5e7a35a237e32282,2026-09-15 19:39:30.180979+00:00,D,False,-1.0,3.6,3.7,0.0
8d671e7b7265201b513d1742f7c707539388b60eba486fbd8f7cb3098afa4671,2026-09-15 19:39:30.180979+00:00,D,True,2.6,3.6,3.6,0.0
554720fe23165e93aa142aa3fa5a0acf0a93620b7ffef3d18faeccec2c8fe230,2026-09-15 19:39:30.180979+00:00,D,False,-1.0,2.0,2.05,0.0
3990213cc4b29365bb7f38da11dbffd52016eeada796ab3a5022e3b7c6c1e915,2026-09-15 19:39:30.180979+00:00,D,False,-1.0,6.25,6.5,0.0
3b621ebe8032fcc5f2acb75eb2ff5088ed033848c844e01c83d3a0a1abcb139f,2026-09-15 19:39:30.180979+00:00,D,True,4.0,5.0,5.0,0.0
d14bf9ef5f8e99c0f6f7a0ab6825969038a4a9e4b7e35aeb6fa911fb8ecf0252,2026-09-15 19:39:30.180979+00:00,D,False,-1.0,1.42,1.46,0.0
d3b6385de24b36ec4e7e395be5e911dc4e44424b0878fffb3f81b9b714f5c007,2026-09-15 19:39:30.180979+00:00,A,True,1.75,2.7,2.75,0.0
17501c31e296e135f9067adf79f0461c860f0c9b7aca097fa0e4fc3a21349a0b,2026-09-15 19:39:30.180979+00:00,A,False,-1.0,3.2,3.2,0.0
d6dda682616232edb5603d69b331fcdbb9256119373d84bed623f9820441aac3,2026-09-15 19:39:30.180979+00:00,A,False,-1.0,2.57,2.6,0.0
67cd877d89bde599a92b11634f4299e289cb6bca6236920f681c2ff50d23fa2c,2026-09-15 19:39:30.180979+00:00,D,False,-1.0,1.51,1.57,0.0
2b98be439c0402ef472e9f17454ae433ebe8d3cf1cda7dd2da9e8f4a836a70f8,2026-09-15 19:39:30.180979+00:00,D,True,3.1,4.1,4.1,0.0
fe2990a8fb25e21e0d2f5db623e4990f1267f2718afac497ae2f254112b24552,2026-09-15 19:39:30.180979+00:00,D,False,-1.0,6.0,6.0,0.0
57a8e97820db2dbc47edfcc5c1afa4d7fe682699203aefd7a00d26037f6d0779,2026-09-15 19:39:30.180979+00:00,H,False,-1.0,21.0,21.0,0.0
8748dfa478ae5cc24295f47f739fc7cbd06c427507ea07b2d59146c54040a6b7,2026-09-15 19:39:30.180979+00:00,H,False,-1.0,7.5,8.25,0.0
d337bcef5178fe602b40e7730eed5f7e23984cda615e33a62278496d4224257e,2026-09-15 19:39:30.180979+00:00,H,True,0.1499999999999999,1.11,1.15,0.0
b1a369526ee70a8cf728f174bc2be3f49e14fd5dff617749d5a5d417ff4a6cb3,2026-09-15 19:39:30.180979+00:00,A,True,1.15,2.1,2.15,0.0
cdcabe83174e453fcc7a528eb6f1d8b33c6a169852d22d8503868ea04559f708,2026-09-15 19:39:30.180979+00:00,A,False,-1.0,3.8,4.0,0.0
be88aadd79ec3ffe9b7dda2f79aa8866bbf51fa7e8944eaac2545219a7d9ccfd,2026-09-15 19:39:30.180979+00:00,A,False,-1.0,3.25,3.25,0.0
eabb39d88b70752b037832854578be9cb2632839a92c1149e2d22b5cffcf57e9,2026-09-15 19:39:30.180979+00:00,A,True,2.0,3.0,3.0,0.0
5e02863f21f8096132241989df15020b374cc5e30f984e1b0220ad9321815264,2026-09-15 19:39:30.180979+00:00,A,False,-1.0,3.75,3.75,0.0
55eb56e3d3b65cc61878fff71f91440b2a21e132634f37aeee2d44b6d3420337,2026-09-15 19:39:30.180979+00:00,A,False,-1.0,2.2,2.25,0.0
015a9f203d641fd95a60dc3d92652f639586be8ab25fa5cf90d464e5e6436a9f,2026-09-15 19:39:30.180979+00:00,A,True,0.47,1.45,1.47,0.0
515d8e451e5bbddb8a86757bf37ea262792793a96dfcf8c48407657996a31bb0,2026-09-15 19:39:30.180979+00:00,A,False,-1.0,5.25,5.25,0.0
78438a62466b6cae703854021be368af3b7f405d94b2554d1aebb500ff0bbaee,2026-09-15 19:39:30.180979+00:00,A,False,-1.0,5.75,6.5,0.0
971c3b8ea0fdc124b09c9e83c2b519a9fe76c4cd0fe7aa06ca489e274269fac2,2026-09-15 19:39:30.180979+00:00,H,False,-1.0,7.5,7.5,0.0
b8b970f948a76f6dad4876c3c9bdd6a34c69e083640082bf1f78d1f15b9a5c4e,2026-09-15 19:39:30.180979+00:00,H,False,-1.0,4.75,5.0,0.0
1cf57a5a17905587bed0c6ca498271c4fd3535afd81ab3ed5022587aef1b4b0a,2026-09-15 19:39:30.180979+00:00,H,True,0.4099999999999999,1.4,1.41,0.0
b103a7f0034aee64fc91775e44015e87ac868876f6f5c368a056df6052ff65b8,2026-09-15 19:39:30.180979+00:00,A,True,0.29,1.27,1.29,0.0
99197241d1f8ef0a324c5d64347a73d0177f282c732bf37e634f0333c36b1ea1,2026-09-15 19:39:30.180979+00:00,A,False,-1.0,5.75,6.0,0.0
cfc2990549f64f00c1f34e58cb2c1a39224fd7edd7e0c40b4bc261513bfe2217,2026-09-15 19:39:30.180979+00:00,A,False,-1.0,11.0,11.0,0.0
b10b602c5671fae377b6cf7edd2c9f6d07866939c374b39cc95537bf2fa5bd74,2026-09-15 19:39:30.180979+00:00,D,False,-1.0,1.37,1.41,0.0
c2f1b3aa09dcb50ed86c7b544a494a19653022967544d9ba20e36b36b5f6a492,2026-09-15 19:39:30.180979+00:00,D,True,3.5,4.33,4.5,0.0
6b5a5679c6e43946eb053e2654980a690fa88940dd341335908f5ab66ce6a59e,2026-09-15 19:39:30.180979+00:00,D,False,-1.0,8.5,8.5,0.0
1651f6c87bb8a5b8d21c50ae38f7a0070a653b1edf703080de0bdc5ac7f323cf,2026-09-15 19:39:30.180979+00:00,D,False,-1.0,3.0,3.0,0.0
14a0c00cb41e1267a4aac9798870ef40111f6a7fd4ea7e90a6e7f879bbd7cdb0,2026-09-15 19:39:30.180979+00:00,D,True,2.2,3.2,3.2,0.0
ff463ed993a40df38979e6509d17440fe32d3c5cf78fd33473ebb2f0ceb14475,2026-09-15 19:39:30.180979+00:00,D,False,-1.0,2.35,2.4,0.0
135aea02d25d026023fcd23a9d92e8a900f00ba8de62eed888839e0c3bd792c4,2026-09-15 19:39:30.180979+00:00,H,False,-1.0,5.75,6.0,0.0
777409ed5c7dca666334571af6407507a8e7d1ac7b67c2dd431cff6091fdcad3,2026-09-15 19:39:30.180979+00:00,H,False,-1.0,4.5,4.5,0.0
d96bbf9b9d08b9ff14c5ea128f2fd0bed626d392f3d83c2e972a7ffd38061ee2,2026-09-15 19:39:30.180979+00:00,H,True,0.5,1.46,1.5,0.0
0f949707d2c1ac6ea9e82077cbb70b0afbc1ae90c46fcce0ab0de37994577597,2026-09-15 19:39:30.180979+00:00,H,False,-1.0,9.0,9.5,0.0
69b5049dee9a3cb34e03136be77c5d8f023fdc5b18c4e488186240c1e45ceb3c,2026-09-15 19:39:30.180979+00:00,H,False,-1.0,5.0,5.0,0.0
52a2bbff467f913987c99b4d264017571b497e24cef545efc52ce2d49d81bcdc,2026-09-15 19:39:30.180979+00:00,H,True,0.32,1.3,1.32,0.0
9e5c8bedb1b3f86458e4755933056d2640b3716b940602592837ba9e1be89fde,2026-09-15 19:39:30.180979+00:00,H,False,-1.0,13.0,13.0,0.0
acac4f3b8d5dc941ab0ab053747da183f6f55af27018dca5586280ba383a87c0,2026-09-15 19:39:30.180979+00:00,H,False,-1.0,7.5,8.25,0.0
24793f7084f4c640da9384d22a1e6d46f5081c9b63640456fbc032fd9e02180a,2026-09-15 19:39:30.180979+00:00,H,True,0.1999999999999999,1.18,1.2,0.0
127c82cfb19a2574e196ae220daabc25429f30ead1edc5e7df21a00d081c6d4c,2026-09-15 19:39:30.180979+00:00,D,False,-1.0,4.75,4.75,0.0
15880f9f75b620e2446a38ff2196ec89a8d03037fce9873464d2b17e35c48d16,2026-09-15 19:39:30.180979+00:00,D,True,3.5,4.5,4.5,0.0
7381f4d7ffad827dbdcc6753daec92e311d445b7b117f10147a54912e28db501,2026-09-15 19:39:30.180979+00:00,D,False,-1.0,1.6,1.65,0.0
407e4e387b2d4d3f5a8925a322f251d56cb197e30a04d75bf60d61f546d1274e,2026-09-15 19:39:30.180979+00:00,H,False,-1.0,6.5,6.5,0.0
fafc69cec9455b883eb317922fd1ea9cb89ae8b045935bea20564a418d7520d7,2026-09-15 19:39:30.180979+00:00,H,False,-1.0,4.1,4.5,0.0
a2498005cfdf32f3ffeb190eae241bbec41536ad275b214eed077c9facc4f299,2026-09-15 19:39:30.180979+00:00,H,True,0.47,1.46,1.47,0.0
288d7d24118fc34ea0afafb81e94d2014ad50849cd8dc0c99400a096db6de387,2026-09-15 19:39:30.180979+00:00,H,False,-1.0,2.85,2.88,0.0
2ced0c2df1eaedc2506df7a35ee0c459808d2cf822b1cc8f28653ef3a41219bb,2026-09-15 19:39:30.180979+00:00,H,False,-1.0,3.2,3.2,0.0
4b70020d9b39ee6b86f47c36047145d73e629cbb38e5bdbfb8f40e209eb8ae76,2026-09-15 19:39:30.180979+00:00,H,True,1.5,2.4,2.5,0.0
e3a24efaf23281e7a97162cebc9a9f8742d4cf112ed16fd6ee0c27b3b936094f,2026-09-15 19:39:30.180979+00:00,D,False,-1.0,2.45,2.5,0.0
e0232fa2bc5283743d3a58f4bc5bf54fb1b8d095fa5266f6971ccd9d28b6f91f,2026-09-15 19:39:30.180979+00:00,D,True,2.25,3.25,3.25,0.0
428dea19c3bd98bfd7d53e1d9955e9726999682cdb588ff978fb5211da174dad,2026-09-15 19:39:30.180979+00:00,D,False,-1.0,2.75,2.75,0.0
385df55136fc45ff203f7e1378e9b4e49e605c3713624d82de1a34084ee8d346,2026-09-15 19:39:30.180979+00:00,H,False,-1.0,2.88,2.88,0.0
1e4da8535878b55e0014e07d66056588c5f93c4ae76c940698702140a58967a7,2026-09-15 19:39:30.180979+00:00,H,False,-1.0,3.5,3.6,0.0
dae6fd960b623e681a76dc2ab6dedc6e151ea84b460f4de953d9b19c327c7ee8,2026-09-15 19:39:30.180979+00:00,H,True,1.4,2.38,2.4,0.0
